# Blender 4.4.3
# www.blender.org
mtllib Sun_SiamBlender.mtl
o Sphere
v 0.000001 0.573766 -0.383379
v 0.000001 0.383378 -0.573767
v 0.000001 0.134624 -0.676804
v 0.000001 -0.000001 -0.690063
v 0.000001 -0.134626 -0.676804
v 0.000001 -0.383380 -0.573767
v 0.026265 0.676803 -0.132038
v 0.051519 0.637535 -0.259002
v 0.074794 0.573766 -0.376012
v 0.095195 0.487948 -0.478573
v 0.111937 0.383378 -0.562742
v 0.124378 0.264075 -0.625285
v 0.132038 0.134624 -0.663799
v 0.134625 -0.000001 -0.676804
v 0.132038 -0.134626 -0.663799
v 0.124378 -0.264077 -0.625285
v 0.111937 -0.383380 -0.562742
v 0.095195 -0.487949 -0.478573
v 0.074794 -0.573768 -0.376012
v 0.051519 -0.637536 -0.259002
v 0.026265 -0.676805 -0.132038
v 0.051519 0.676803 -0.124377
v 0.101058 0.637535 -0.243974
v 0.146713 0.573766 -0.354196
v 0.186730 0.487948 -0.450806
v 0.219572 0.383378 -0.530091
v 0.243975 0.264075 -0.589006
v 0.259002 0.134624 -0.625285
v 0.264076 -0.000001 -0.637535
v 0.259002 -0.134626 -0.625285
v 0.243975 -0.264077 -0.589006
v 0.219572 -0.383380 -0.530091
v 0.186730 -0.487949 -0.450806
v 0.146713 -0.573768 -0.354196
v 0.101058 -0.637536 -0.243974
v 0.051519 -0.676805 -0.124377
v 0.074794 0.676803 -0.111936
v 0.146713 0.637535 -0.219571
v 0.212994 0.573766 -0.318768
v 0.271090 0.487948 -0.405714
v 0.318768 0.383378 -0.477070
v 0.354196 0.264075 -0.530091
v 0.376013 0.134624 -0.562742
v 0.383379 -0.000001 -0.573767
v 0.376013 -0.134626 -0.562742
v 0.354196 -0.264077 -0.530091
v 0.318768 -0.383380 -0.477070
v 0.271090 -0.487949 -0.405714
v 0.212994 -0.573768 -0.318768
v 0.146713 -0.637536 -0.219571
v 0.074794 -0.676805 -0.111936
v 0.095195 0.676803 -0.095194
v 0.186730 0.637535 -0.186730
v 0.271090 0.573766 -0.271090
v 0.345032 0.487948 -0.345032
v 0.405715 0.383378 -0.405714
v 0.450806 0.264075 -0.450806
v 0.478573 0.134624 -0.478573
v 0.487949 -0.000001 -0.487948
v 0.478573 -0.134626 -0.478573
v 0.450806 -0.264077 -0.450806
v 0.405715 -0.383380 -0.405714
v 0.345032 -0.487949 -0.345032
v 0.271090 -0.573768 -0.271090
v 0.186730 -0.637536 -0.186730
v 0.095195 -0.676805 -0.095194
v 0.111937 0.676803 -0.074794
v 0.219572 0.637535 -0.146713
v 0.318768 0.573766 -0.212994
v 0.405715 0.487948 -0.271090
v 0.477070 0.383378 -0.318768
v 0.530092 0.264075 -0.354196
v 0.562743 0.134624 -0.376012
v 0.573767 -0.000001 -0.383379
v 0.562743 -0.134626 -0.376012
v 0.530092 -0.264077 -0.354196
v 0.477070 -0.383380 -0.318768
v 0.405715 -0.487949 -0.271090
v 0.318768 -0.573768 -0.212994
v 0.219572 -0.637536 -0.146713
v 0.111937 -0.676805 -0.074794
v 0.000001 0.690063 -0.000000
v 0.124378 0.676803 -0.051519
v 0.243975 0.637535 -0.101057
v 0.354196 0.573766 -0.146713
v 0.450806 0.487948 -0.186730
v 0.530092 0.383378 -0.219571
v 0.589006 0.264075 -0.243974
v 0.625286 0.134624 -0.259002
v 0.637536 -0.000001 -0.264076
v 0.625286 -0.134626 -0.259002
v 0.589006 -0.264077 -0.243974
v 0.530092 -0.383380 -0.219571
v 0.450806 -0.487949 -0.186730
v 0.354196 -0.573768 -0.146713
v 0.243975 -0.637536 -0.101057
v 0.124378 -0.676805 -0.051519
v 0.132038 0.676803 -0.026264
v 0.259002 0.637535 -0.051519
v 0.376013 0.573766 -0.074793
v 0.478573 0.487948 -0.095194
v 0.562742 0.383378 -0.111936
v 0.625286 0.264075 -0.124377
v 0.663800 0.134624 -0.132038
v 0.676804 -0.000001 -0.134625
v 0.663800 -0.134626 -0.132038
v 0.625286 -0.264077 -0.124377
v 0.562742 -0.383380 -0.111936
v 0.478573 -0.487949 -0.095194
v 0.376013 -0.573768 -0.074793
v 0.259002 -0.637536 -0.051519
v 0.132038 -0.676805 -0.026264
v 0.134625 0.676803 -0.000000
v 0.264076 0.637535 -0.000000
v 0.383379 0.573766 -0.000000
v 0.487949 0.487948 -0.000000
v 0.573767 0.383378 0.000000
v 0.637536 0.264075 -0.000000
v 0.676805 0.134624 0.000000
v 0.690064 -0.000001 0.000000
v 0.676805 -0.134626 0.000000
v 0.637536 -0.264077 -0.000000
v 0.573767 -0.383380 0.000000
v 0.487949 -0.487949 -0.000000
v 0.383379 -0.573768 -0.000000
v 0.264076 -0.637536 -0.000000
v 0.134625 -0.676805 -0.000000
v 0.132038 0.676803 0.026264
v 0.259002 0.637535 0.051519
v 0.376013 0.573766 0.074793
v 0.478573 0.487948 0.095194
v 0.562742 0.383378 0.111936
v 0.625286 0.264075 0.124377
v 0.663800 0.134624 0.132038
v 0.676804 -0.000001 0.134625
v 0.663800 -0.134626 0.132038
v 0.625286 -0.264077 0.124377
v 0.562742 -0.383380 0.111936
v 0.478573 -0.487949 0.095194
v 0.376013 -0.573768 0.074793
v 0.259002 -0.637536 0.051519
v 0.132038 -0.676805 0.026264
v 0.124378 0.676803 0.051519
v 0.243975 0.637535 0.101057
v 0.354196 0.573766 0.146713
v 0.450806 0.487948 0.186730
v 0.530092 0.383378 0.219571
v 0.589006 0.264075 0.243974
v 0.625286 0.134624 0.259002
v 0.637536 -0.000001 0.264076
v 0.625286 -0.134626 0.259002
v 0.589006 -0.264077 0.243974
v 0.530092 -0.383380 0.219571
v 0.450806 -0.487949 0.186730
v 0.354196 -0.573768 0.146713
v 0.243975 -0.637536 0.101057
v 0.124378 -0.676805 0.051519
v 0.111937 0.676803 0.074793
v 0.219572 0.637535 0.146713
v 0.318768 0.573766 0.212994
v 0.405715 0.487948 0.271090
v 0.477070 0.383378 0.318768
v 0.530092 0.264075 0.354196
v 0.562742 0.134624 0.376012
v 0.573767 -0.000001 0.383379
v 0.562742 -0.134626 0.376012
v 0.530092 -0.264077 0.354196
v 0.477070 -0.383380 0.318768
v 0.405715 -0.487949 0.271090
v 0.318768 -0.573768 0.212994
v 0.219572 -0.637536 0.146713
v 0.111937 -0.676805 0.074793
v 0.095195 0.676803 0.095194
v 0.186730 0.637535 0.186730
v 0.271090 0.573766 0.271090
v 0.345032 0.487948 0.345032
v 0.405715 0.383378 0.405714
v 0.450806 0.264075 0.450806
v 0.478573 0.134624 0.478573
v 0.487949 -0.000001 0.487948
v 0.478573 -0.134626 0.478573
v 0.450806 -0.264077 0.450806
v 0.405715 -0.383380 0.405714
v 0.345032 -0.487949 0.345032
v 0.271090 -0.573768 0.271090
v 0.186730 -0.637536 0.186730
v 0.095195 -0.676805 0.095194
v 0.074794 0.676803 0.111936
v 0.146713 0.637535 0.219571
v 0.212994 0.573766 0.318768
v 0.271090 0.487948 0.405714
v 0.318768 0.383378 0.477069
v 0.354196 0.264075 0.530091
v 0.376013 0.134624 0.562742
v 0.383379 -0.000001 0.573767
v 0.376013 -0.134626 0.562742
v 0.354196 -0.264077 0.530091
v 0.318768 -0.383380 0.477069
v 0.271090 -0.487949 0.405714
v 0.212994 -0.573768 0.318768
v 0.146713 -0.637536 0.219571
v 0.074794 -0.676805 0.111936
v 0.051519 0.676803 0.124377
v 0.101058 0.637535 0.243974
v 0.146713 0.573766 0.354196
v 0.186730 0.487948 0.450806
v 0.219571 0.383378 0.530091
v 0.243975 0.264075 0.589006
v 0.259002 0.134624 0.625285
v 0.264076 -0.000001 0.637535
v 0.259002 -0.134626 0.625285
v 0.243975 -0.264077 0.589006
v 0.219571 -0.383380 0.530091
v 0.186730 -0.487949 0.450806
v 0.146713 -0.573768 0.354196
v 0.101058 -0.637536 0.243974
v 0.051519 -0.676805 0.124377
v 0.026265 0.676803 0.132038
v 0.051519 0.637535 0.259002
v 0.074794 0.573766 0.376012
v 0.095195 0.487948 0.478573
v 0.111937 0.383378 0.562742
v 0.124378 0.264075 0.625285
v 0.132038 0.134624 0.663799
v 0.134625 -0.000001 0.676804
v 0.132038 -0.134626 0.663799
v 0.124378 -0.264077 0.625285
v 0.111937 -0.383380 0.562742
v 0.095195 -0.487949 0.478573
v 0.074794 -0.573768 0.376012
v 0.051519 -0.637536 0.259002
v 0.026265 -0.676805 0.132038
v 0.000001 0.676803 0.134625
v 0.000001 0.637535 0.264076
v 0.000001 0.573766 0.383378
v 0.000001 0.487948 0.487948
v 0.000001 0.383378 0.573767
v 0.000001 0.264075 0.637535
v 0.000000 0.134624 0.676804
v 0.000000 -0.000001 0.690063
v 0.000000 -0.134626 0.676804
v 0.000001 -0.264077 0.637535
v 0.000001 -0.383380 0.573767
v 0.000001 -0.487949 0.487948
v 0.000001 -0.573768 0.383378
v 0.000001 -0.637536 0.264076
v 0.000001 -0.676805 0.134625
v -0.026263 0.676803 0.132038
v -0.051518 0.637535 0.259002
v -0.074793 0.573766 0.376012
v -0.095193 0.487948 0.478573
v -0.111936 0.383378 0.562742
v -0.124376 0.264075 0.625285
v -0.132037 0.134624 0.663799
v -0.134624 -0.000001 0.676803
v -0.132037 -0.134626 0.663799
v -0.124376 -0.264077 0.625285
v -0.111936 -0.383380 0.562742
v -0.095193 -0.487949 0.478573
v -0.074793 -0.573768 0.376012
v -0.051518 -0.637536 0.259002
v -0.026263 -0.676805 0.132038
v -0.051518 0.676803 0.124377
v -0.101057 0.637535 0.243974
v -0.146712 0.573766 0.354195
v -0.186729 0.487948 0.450806
v -0.219570 0.383378 0.530091
v -0.243974 0.264075 0.589006
v -0.259001 0.134624 0.625285
v -0.264075 -0.000001 0.637535
v -0.259001 -0.134626 0.625285
v -0.243974 -0.264077 0.589006
v -0.219570 -0.383380 0.530091
v -0.186729 -0.487949 0.450806
v -0.146712 -0.573768 0.354195
v -0.101057 -0.637536 0.243974
v -0.051518 -0.676805 0.124377
v -0.074793 0.676803 0.111936
v -0.146712 0.637535 0.219571
v -0.212993 0.573766 0.318767
v -0.271089 0.487948 0.405714
v -0.318767 0.383378 0.477069
v -0.354195 0.264075 0.530091
v -0.376012 0.134624 0.562742
v -0.383378 -0.000001 0.573766
v -0.376012 -0.134626 0.562742
v -0.354195 -0.264077 0.530091
v -0.318767 -0.383380 0.477069
v -0.271089 -0.487949 0.405714
v -0.212993 -0.573768 0.318767
v -0.146712 -0.637536 0.219571
v -0.074793 -0.676805 0.111936
v -0.095193 0.676803 0.095194
v -0.186729 0.637535 0.186730
v -0.271089 0.573766 0.271089
v -0.345031 0.487948 0.345032
v -0.405714 0.383378 0.405714
v -0.450805 0.264075 0.450805
v -0.478572 0.134624 0.478572
v -0.487948 -0.000001 0.487948
v -0.478572 -0.134626 0.478572
v -0.450805 -0.264077 0.450805
v -0.405714 -0.383380 0.405714
v -0.345031 -0.487949 0.345032
v -0.271089 -0.573768 0.271089
v -0.186729 -0.637536 0.186730
v -0.095193 -0.676805 0.095194
v 0.000001 -0.690064 -0.000000
v -0.111936 0.676803 0.074793
v -0.219570 0.637535 0.146713
v -0.318767 0.573766 0.212993
v -0.405714 0.487948 0.271090
v -0.477069 0.383378 0.318767
v -0.530091 0.264075 0.354196
v -0.562741 0.134624 0.376012
v -0.573766 -0.000001 0.383378
v -0.562741 -0.134626 0.376012
v -0.530091 -0.264077 0.354196
v -0.477069 -0.383380 0.318767
v -0.405714 -0.487949 0.271090
v -0.318767 -0.573768 0.212993
v -0.219570 -0.637536 0.146713
v -0.111936 -0.676805 0.074793
v -0.124376 0.676803 0.051519
v -0.243974 0.637535 0.101057
v -0.354195 0.573766 0.146712
v -0.450805 0.487948 0.186730
v -0.530091 0.383378 0.219571
v -0.589005 0.264075 0.243974
v -0.625285 0.134624 0.259001
v -0.637534 -0.000001 0.264075
v -0.625285 -0.134626 0.259001
v -0.589005 -0.264077 0.243974
v -0.530091 -0.383380 0.219571
v -0.450805 -0.487949 0.186730
v -0.354195 -0.573768 0.146712
v -0.243974 -0.637536 0.101057
v -0.124376 -0.676805 0.051519
v -0.132037 0.676803 0.026264
v -0.259001 0.637535 0.051519
v -0.376011 0.573766 0.074793
v -0.478572 0.487948 0.095194
v -0.562741 0.383378 0.111936
v -0.625285 0.264075 0.124377
v -0.663799 0.134624 0.132038
v -0.676803 -0.000001 0.134624
v -0.663799 -0.134626 0.132038
v -0.625285 -0.264077 0.124377
v -0.562741 -0.383380 0.111936
v -0.478572 -0.487949 0.095194
v -0.376011 -0.573768 0.074793
v -0.259001 -0.637536 0.051519
v -0.132037 -0.676805 0.026264
v -0.134624 0.676803 -0.000000
v -0.264075 0.637535 -0.000000
v -0.383378 0.573766 -0.000000
v -0.487948 0.487948 -0.000000
v -0.573766 0.383378 -0.000000
v -0.637535 0.264075 -0.000000
v -0.676803 0.134624 -0.000000
v -0.690062 -0.000001 -0.000000
v -0.676803 -0.134626 -0.000000
v -0.637535 -0.264077 -0.000000
v -0.573766 -0.383380 -0.000000
v -0.487948 -0.487949 -0.000000
v -0.383378 -0.573768 -0.000000
v -0.264075 -0.637536 -0.000000
v -0.134624 -0.676805 -0.000000
v -0.132037 0.676803 -0.026264
v -0.259001 0.637535 -0.051519
v -0.376011 0.573766 -0.074794
v -0.478572 0.487948 -0.095194
v -0.562741 0.383378 -0.111936
v -0.625285 0.264075 -0.124377
v -0.663799 0.134624 -0.132038
v -0.676803 -0.000001 -0.134625
v -0.663799 -0.134626 -0.132038
v -0.625285 -0.264077 -0.124377
v -0.562741 -0.383380 -0.111936
v -0.478572 -0.487949 -0.095194
v -0.376011 -0.573768 -0.074794
v -0.259001 -0.637536 -0.051519
v -0.132037 -0.676805 -0.026264
v -0.124376 0.676803 -0.051519
v -0.243974 0.637535 -0.101057
v -0.354195 0.573766 -0.146713
v -0.450805 0.487948 -0.186730
v -0.530090 0.383378 -0.219571
v -0.589005 0.264075 -0.243974
v -0.625284 0.134624 -0.259002
v -0.637534 -0.000001 -0.264076
v -0.625284 -0.134626 -0.259002
v -0.589005 -0.264077 -0.243974
v -0.530090 -0.383380 -0.219571
v -0.450805 -0.487949 -0.186730
v -0.354195 -0.573768 -0.146713
v -0.243974 -0.637536 -0.101057
v -0.124376 -0.676805 -0.051519
v -0.111936 0.676803 -0.074793
v -0.219570 0.637535 -0.146713
v -0.318767 0.573766 -0.212994
v -0.405714 0.487948 -0.271090
v -0.477069 0.383378 -0.318768
v -0.530091 0.264075 -0.354196
v -0.562741 0.134624 -0.376012
v -0.573765 -0.000001 -0.383379
v -0.562741 -0.134626 -0.376012
v -0.530091 -0.264077 -0.354196
v -0.477069 -0.383380 -0.318768
v -0.405714 -0.487949 -0.271090
v -0.318767 -0.573768 -0.212994
v -0.219570 -0.637536 -0.146713
v -0.111936 -0.676805 -0.074793
v -0.095193 0.676803 -0.095194
v -0.186729 0.637535 -0.186730
v -0.271089 0.573766 -0.271090
v -0.345031 0.487948 -0.345032
v -0.405713 0.383378 -0.405714
v -0.450805 0.264075 -0.450805
v -0.478572 0.134624 -0.478573
v -0.487947 -0.000001 -0.487948
v -0.478572 -0.134626 -0.478573
v -0.450805 -0.264077 -0.450805
v -0.405713 -0.383380 -0.405714
v -0.345031 -0.487949 -0.345032
v -0.271089 -0.573768 -0.271090
v -0.186729 -0.637536 -0.186730
v -0.095193 -0.676805 -0.095194
v -0.074793 0.676803 -0.111936
v -0.146712 0.637535 -0.219571
v -0.212993 0.573766 -0.318768
v -0.271089 0.487948 -0.405714
v -0.318767 0.383378 -0.477069
v -0.354195 0.264075 -0.530091
v -0.376011 0.134624 -0.562742
v -0.383377 -0.000001 -0.573766
v -0.376011 -0.134626 -0.562742
v -0.354195 -0.264077 -0.530091
v -0.318767 -0.383380 -0.477069
v -0.271089 -0.487949 -0.405714
v -0.212993 -0.573768 -0.318768
v -0.146712 -0.637536 -0.219571
v -0.074793 -0.676805 -0.111936
v -0.051518 0.676803 -0.124377
v -0.101057 0.637535 -0.243974
v -0.146712 0.573766 -0.354195
v -0.186729 0.487948 -0.450806
v -0.219570 0.383378 -0.530091
v -0.243974 0.264075 -0.589006
v -0.259001 0.134624 -0.625285
v -0.264075 -0.000001 -0.637535
v -0.259001 -0.134626 -0.625285
v -0.243974 -0.264077 -0.589006
v -0.219570 -0.383380 -0.530091
v -0.186729 -0.487949 -0.450806
v -0.146712 -0.573768 -0.354195
v -0.101057 -0.637536 -0.243974
v -0.051518 -0.676805 -0.124377
v -0.026263 0.676803 -0.132038
v -0.051518 0.637535 -0.259002
v -0.074793 0.573766 -0.376012
v -0.095193 0.487948 -0.478573
v -0.111936 0.383378 -0.562742
v -0.124376 0.264075 -0.625285
v -0.132037 0.134624 -0.663799
v -0.134624 -0.000001 -0.676803
v -0.132037 -0.134626 -0.663799
v -0.124376 -0.264077 -0.625285
v -0.111936 -0.383380 -0.562742
v -0.095193 -0.487949 -0.478573
v -0.074793 -0.573768 -0.376012
v -0.051518 -0.637536 -0.259002
v -0.026263 -0.676805 -0.132038
v 0.000001 0.676803 -0.134625
v 0.000001 0.637535 -0.264076
v 0.000001 0.487948 -0.487948
v 0.000001 0.264075 -0.637535
v 0.000001 -0.264077 -0.637535
v 0.000001 -0.487949 -0.487948
v 0.000001 -0.573768 -0.383378
v 0.000001 -0.637536 -0.264076
v 0.000001 -0.676805 -0.134625
v 0.000001 1.147746 -0.141290
v 0.000001 1.284490 -0.211455
v 0.000001 1.445058 -0.249428
v 0.000001 1.525840 -0.254314
v 0.000001 1.602881 -0.249428
v 0.000001 1.735288 -0.211455
v -0.009679 1.063555 -0.048661
v -0.018986 1.096632 -0.095452
v -0.027564 1.147746 -0.138575
v -0.035082 1.211922 -0.176372
v -0.041252 1.284490 -0.207392
v -0.045837 1.363506 -0.230441
v -0.048660 1.445058 -0.244635
v -0.049614 1.525840 -0.249428
v -0.048660 1.602881 -0.244635
v -0.045837 1.673474 -0.230441
v -0.041252 1.735288 -0.207392
v -0.035082 1.785952 -0.176372
v -0.027563 1.824465 -0.138575
v -0.018986 1.851125 -0.095452
v -0.009679 1.866538 -0.048661
v -0.018986 1.063555 -0.045838
v -0.037243 1.096632 -0.089914
v -0.054069 1.147746 -0.130535
v -0.068816 1.211922 -0.166139
v -0.080920 1.284490 -0.195359
v -0.089913 1.363506 -0.217071
v -0.095451 1.445059 -0.230441
v -0.097321 1.525840 -0.234956
v -0.095451 1.602882 -0.230441
v -0.089913 1.673474 -0.217071
v -0.080919 1.735288 -0.195359
v -0.068816 1.785952 -0.166139
v -0.054068 1.824465 -0.130534
v -0.037243 1.851125 -0.089914
v -0.018986 1.866538 -0.045838
v -0.027564 1.063555 -0.041253
v -0.054069 1.096632 -0.080920
v -0.078496 1.147746 -0.117478
v -0.099906 1.211922 -0.149521
v -0.117477 1.284490 -0.175818
v -0.130534 1.363506 -0.195359
v -0.138574 1.445059 -0.207392
v -0.141289 1.525840 -0.211455
v -0.138574 1.602882 -0.207392
v -0.130534 1.673474 -0.195359
v -0.117477 1.735289 -0.175818
v -0.099906 1.785952 -0.149521
v -0.078495 1.824465 -0.117478
v -0.054068 1.851125 -0.080920
v -0.027563 1.866538 -0.041253
v -0.035082 1.063555 -0.035083
v -0.068816 1.096632 -0.068817
v -0.099906 1.147746 -0.099907
v -0.127157 1.211922 -0.127157
v -0.149520 1.284490 -0.149521
v -0.166138 1.363506 -0.166139
v -0.176371 1.445059 -0.176372
v -0.179827 1.525840 -0.179827
v -0.176371 1.602882 -0.176372
v -0.166138 1.673474 -0.166139
v -0.149520 1.735289 -0.149521
v -0.127156 1.785952 -0.127157
v -0.099906 1.824465 -0.099907
v -0.068816 1.851125 -0.068817
v -0.035082 1.866538 -0.035083
v -0.041252 1.063555 -0.027564
v -0.080920 1.096632 -0.054069
v -0.117477 1.147746 -0.078496
v -0.149520 1.211922 -0.099907
v -0.175817 1.284490 -0.117478
v -0.195358 1.363506 -0.130535
v -0.207391 1.445059 -0.138575
v -0.211454 1.525840 -0.141289
v -0.207391 1.602882 -0.138575
v -0.195358 1.673474 -0.130534
v -0.175817 1.735289 -0.117478
v -0.149520 1.785952 -0.099907
v -0.117477 1.824465 -0.078496
v -0.080919 1.851125 -0.054069
v -0.041252 1.866538 -0.027564
v 0.000000 1.061715 -0.000000
v -0.045837 1.063555 -0.018987
v -0.089913 1.096632 -0.037244
v -0.130534 1.147746 -0.054069
v -0.166138 1.211922 -0.068817
v -0.195358 1.284490 -0.080920
v -0.217070 1.363506 -0.089914
v -0.230440 1.445059 -0.095452
v -0.234955 1.525840 -0.097322
v -0.230440 1.602882 -0.095452
v -0.217070 1.673474 -0.089914
v -0.195358 1.735289 -0.080920
v -0.166138 1.785952 -0.068817
v -0.130534 1.824465 -0.054069
v -0.089913 1.851125 -0.037243
v -0.045837 1.866538 -0.018987
v -0.048660 1.063555 -0.009679
v -0.095451 1.096632 -0.018987
v -0.138574 1.147746 -0.027564
v -0.176371 1.211922 -0.035083
v -0.207391 1.284490 -0.041253
v -0.230440 1.363506 -0.045838
v -0.244634 1.445059 -0.048661
v -0.249427 1.525840 -0.049614
v -0.244634 1.602882 -0.048661
v -0.230440 1.673474 -0.045838
v -0.207391 1.735288 -0.041253
v -0.176371 1.785952 -0.035083
v -0.138574 1.824465 -0.027564
v -0.095451 1.851125 -0.018987
v -0.048660 1.866538 -0.009679
v -0.049614 1.063555 -0.000000
v -0.097321 1.096632 -0.000000
v -0.141289 1.147746 -0.000000
v -0.179827 1.211922 -0.000000
v -0.211454 1.284490 -0.000000
v -0.234955 1.363506 -0.000000
v -0.249427 1.445058 -0.000000
v -0.254313 1.525840 -0.000000
v -0.249427 1.602881 -0.000000
v -0.234955 1.673474 -0.000000
v -0.211454 1.735288 -0.000000
v -0.179827 1.785952 -0.000000
v -0.141289 1.824465 0.000000
v -0.097321 1.851125 0.000000
v -0.049613 1.866538 0.000000
v -0.048660 1.063555 0.009679
v -0.095451 1.096632 0.018986
v -0.138574 1.147746 0.027564
v -0.176371 1.211922 0.035082
v -0.207391 1.284490 0.041253
v -0.230440 1.363506 0.045837
v -0.244634 1.445058 0.048661
v -0.249427 1.525840 0.049614
v -0.244634 1.602881 0.048661
v -0.230440 1.673474 0.045838
v -0.207391 1.735288 0.041253
v -0.176371 1.785952 0.035083
v -0.138574 1.824465 0.027564
v -0.095451 1.851125 0.018987
v -0.048660 1.866538 0.009679
v -0.045837 1.063555 0.018986
v -0.089913 1.096632 0.037243
v -0.130534 1.147746 0.054069
v -0.166138 1.211922 0.068817
v -0.195358 1.284490 0.080920
v -0.217070 1.363506 0.089914
v -0.230440 1.445058 0.095452
v -0.234955 1.525840 0.097322
v -0.230440 1.602881 0.095452
v -0.217070 1.673474 0.089914
v -0.195358 1.735288 0.080920
v -0.166138 1.785952 0.068817
v -0.130534 1.824465 0.054069
v -0.089913 1.851125 0.037243
v -0.045837 1.866538 0.018987
v -0.041252 1.063555 0.027564
v -0.080920 1.096632 0.054069
v -0.117477 1.147746 0.078496
v -0.149520 1.211922 0.099907
v -0.175817 1.284490 0.117478
v -0.195358 1.363506 0.130534
v -0.207391 1.445058 0.138574
v -0.211454 1.525840 0.141289
v -0.207391 1.602881 0.138575
v -0.195358 1.673474 0.130534
v -0.175817 1.735288 0.117478
v -0.149520 1.785952 0.099907
v -0.117477 1.824465 0.078496
v -0.080919 1.851125 0.054069
v -0.041252 1.866538 0.027564
v -0.035082 1.063555 0.035082
v -0.068816 1.096632 0.068817
v -0.099906 1.147746 0.099906
v -0.127157 1.211922 0.127157
v -0.149520 1.284490 0.149521
v -0.166138 1.363506 0.166139
v -0.176371 1.445058 0.176372
v -0.179827 1.525840 0.179827
v -0.176371 1.602881 0.176372
v -0.166138 1.673474 0.166139
v -0.149520 1.735288 0.149521
v -0.127156 1.785952 0.127157
v -0.099906 1.824465 0.099907
v -0.068816 1.851125 0.068817
v -0.035082 1.866538 0.035083
v -0.027564 1.063555 0.041252
v -0.054069 1.096632 0.080920
v -0.078496 1.147746 0.117478
v -0.099906 1.211922 0.149521
v -0.117477 1.284490 0.175818
v -0.130534 1.363506 0.195358
v -0.138574 1.445058 0.207391
v -0.141289 1.525840 0.211454
v -0.138574 1.602881 0.207391
v -0.130534 1.673474 0.195358
v -0.117477 1.735288 0.175818
v -0.099906 1.785952 0.149521
v -0.078495 1.824465 0.117478
v -0.054068 1.851125 0.080920
v -0.027563 1.866538 0.041253
v -0.018986 1.063555 0.045837
v -0.037243 1.096632 0.089913
v -0.054069 1.147746 0.130534
v -0.068816 1.211922 0.166139
v -0.080920 1.284490 0.195358
v -0.089913 1.363506 0.217071
v -0.095451 1.445058 0.230441
v -0.097321 1.525840 0.234956
v -0.095451 1.602881 0.230441
v -0.089913 1.673474 0.217071
v -0.080919 1.735288 0.195358
v -0.068816 1.785952 0.166139
v -0.054068 1.824465 0.130534
v -0.037243 1.851125 0.089914
v -0.018986 1.866538 0.045838
v -0.009679 1.063555 0.048661
v -0.018986 1.096632 0.095452
v -0.027564 1.147746 0.138574
v -0.035082 1.211922 0.176372
v -0.041252 1.284490 0.207391
v -0.045837 1.363506 0.230441
v -0.048660 1.445058 0.244635
v -0.049613 1.525840 0.249427
v -0.048660 1.602881 0.244635
v -0.045837 1.673474 0.230441
v -0.041252 1.735288 0.207391
v -0.035082 1.785952 0.176372
v -0.027563 1.824465 0.138575
v -0.018986 1.851125 0.095452
v -0.009678 1.866538 0.048661
v 0.000000 1.063555 0.049614
v 0.000001 1.096632 0.097322
v 0.000001 1.147746 0.141289
v 0.000001 1.211921 0.179827
v 0.000001 1.284490 0.211454
v 0.000001 1.363506 0.234956
v 0.000001 1.445058 0.249427
v 0.000001 1.525840 0.254314
v 0.000001 1.602881 0.249428
v 0.000001 1.673474 0.234956
v 0.000001 1.735288 0.211454
v 0.000001 1.785952 0.179827
v 0.000001 1.824465 0.141289
v 0.000001 1.851125 0.097322
v 0.000001 1.866538 0.049614
v 0.009680 1.063555 0.048661
v 0.018987 1.096632 0.095452
v 0.027565 1.147746 0.138574
v 0.035083 1.211921 0.176372
v 0.041253 1.284490 0.207391
v 0.045838 1.363506 0.230441
v 0.048662 1.445058 0.244635
v 0.049615 1.525840 0.249427
v 0.048662 1.602881 0.244635
v 0.045838 1.673474 0.230441
v 0.041253 1.735288 0.207391
v 0.035083 1.785952 0.176372
v 0.027565 1.824465 0.138575
v 0.018987 1.851125 0.095452
v 0.009680 1.866538 0.048661
v 0.018987 1.063555 0.045837
v 0.037244 1.096632 0.089913
v 0.054070 1.147745 0.130534
v 0.068817 1.211921 0.166139
v 0.080921 1.284490 0.195358
v 0.089914 1.363506 0.217071
v 0.095452 1.445058 0.230441
v 0.097323 1.525840 0.234955
v 0.095453 1.602881 0.230441
v 0.089914 1.673474 0.217071
v 0.080921 1.735288 0.195358
v 0.068818 1.785952 0.166139
v 0.054070 1.824465 0.130534
v 0.037244 1.851125 0.089914
v 0.018987 1.866538 0.045838
v 0.027565 1.063555 0.041252
v 0.054070 1.096632 0.080920
v 0.078497 1.147745 0.117478
v 0.099907 1.211921 0.149521
v 0.117478 1.284490 0.175818
v 0.130535 1.363506 0.195358
v 0.138575 1.445058 0.207391
v 0.141290 1.525840 0.211454
v 0.138575 1.602881 0.207391
v 0.130535 1.673474 0.195358
v 0.117479 1.735288 0.175818
v 0.099907 1.785952 0.149521
v 0.078497 1.824465 0.117478
v 0.054070 1.851125 0.080920
v 0.027565 1.866538 0.041253
v 0.035083 1.063555 0.035082
v 0.068817 1.096632 0.068817
v 0.099907 1.147745 0.099906
v 0.127158 1.211921 0.127157
v 0.149521 1.284490 0.149521
v 0.166139 1.363506 0.166139
v 0.176373 1.445058 0.176372
v 0.179828 1.525840 0.179827
v 0.176373 1.602881 0.176372
v 0.166139 1.673474 0.166139
v 0.149522 1.735288 0.149521
v 0.127158 1.785952 0.127157
v 0.099907 1.824465 0.099907
v 0.068818 1.851125 0.068817
v 0.035083 1.866538 0.035083
v 0.000001 1.871479 0.000000
v 0.041253 1.063555 0.027564
v 0.080921 1.096632 0.054069
v 0.117478 1.147745 0.078496
v 0.149521 1.211921 0.099906
v 0.175819 1.284490 0.117478
v 0.195359 1.363506 0.130534
v 0.207392 1.445058 0.138574
v 0.211455 1.525840 0.141289
v 0.207392 1.602881 0.138574
v 0.195359 1.673474 0.130534
v 0.175819 1.735288 0.117478
v 0.149522 1.785952 0.099907
v 0.117479 1.824465 0.078496
v 0.080921 1.851125 0.054069
v 0.041253 1.866538 0.027564
v 0.045838 1.063555 0.018986
v 0.089914 1.096632 0.037243
v 0.130535 1.147745 0.054069
v 0.166139 1.211921 0.068817
v 0.195359 1.284490 0.080920
v 0.217071 1.363506 0.089913
v 0.230442 1.445058 0.095452
v 0.234956 1.525840 0.097322
v 0.230442 1.602881 0.095452
v 0.217071 1.673474 0.089914
v 0.195359 1.735288 0.080920
v 0.166139 1.785952 0.068817
v 0.130535 1.824465 0.054069
v 0.089914 1.851125 0.037243
v 0.045838 1.866538 0.018987
v 0.048661 1.063555 0.009679
v 0.095452 1.096632 0.018986
v 0.138575 1.147745 0.027564
v 0.176372 1.211921 0.035082
v 0.207392 1.284490 0.041253
v 0.230442 1.363506 0.045837
v 0.244635 1.445058 0.048661
v 0.249428 1.525840 0.049614
v 0.244636 1.602881 0.048661
v 0.230442 1.673474 0.045838
v 0.207392 1.735288 0.041253
v 0.176373 1.785952 0.035083
v 0.138575 1.824465 0.027564
v 0.095453 1.851125 0.018987
v 0.048662 1.866538 0.009679
v 0.049615 1.063555 -0.000000
v 0.097322 1.096632 -0.000000
v 0.141290 1.147745 -0.000000
v 0.179828 1.211921 -0.000000
v 0.211455 1.284490 -0.000000
v 0.234956 1.363506 -0.000000
v 0.249428 1.445058 -0.000000
v 0.254315 1.525840 -0.000000
v 0.249428 1.602881 -0.000000
v 0.234956 1.673474 -0.000000
v 0.211455 1.735288 -0.000000
v 0.179828 1.785952 -0.000000
v 0.141290 1.824465 -0.000000
v 0.097323 1.851125 -0.000000
v 0.049615 1.866538 0.000000
v 0.048661 1.063555 -0.009679
v 0.095452 1.096632 -0.018987
v 0.138575 1.147746 -0.027564
v 0.176372 1.211921 -0.035083
v 0.207392 1.284490 -0.041253
v 0.230442 1.363506 -0.045838
v 0.244635 1.445058 -0.048661
v 0.249428 1.525840 -0.049614
v 0.244635 1.602881 -0.048661
v 0.230442 1.673474 -0.045838
v 0.207392 1.735288 -0.041253
v 0.176373 1.785952 -0.035083
v 0.138575 1.824465 -0.027564
v 0.095453 1.851125 -0.018987
v 0.048662 1.866538 -0.009679
v 0.045838 1.063555 -0.018987
v 0.089914 1.096632 -0.037244
v 0.130535 1.147746 -0.054069
v 0.166139 1.211922 -0.068817
v 0.195359 1.284490 -0.080920
v 0.217071 1.363506 -0.089914
v 0.230442 1.445058 -0.095452
v 0.234956 1.525840 -0.097322
v 0.230442 1.602881 -0.095452
v 0.217071 1.673474 -0.089914
v 0.195359 1.735288 -0.080920
v 0.166139 1.785952 -0.068817
v 0.130535 1.824465 -0.054069
v 0.089914 1.851125 -0.037243
v 0.045838 1.866538 -0.018987
v 0.041253 1.063555 -0.027564
v 0.080921 1.096632 -0.054069
v 0.117478 1.147746 -0.078496
v 0.149521 1.211922 -0.099907
v 0.175818 1.284490 -0.117478
v 0.195359 1.363506 -0.130534
v 0.207392 1.445058 -0.138575
v 0.211455 1.525840 -0.141289
v 0.207392 1.602881 -0.138575
v 0.195359 1.673474 -0.130534
v 0.175819 1.735288 -0.117478
v 0.149522 1.785952 -0.099907
v 0.117478 1.824465 -0.078496
v 0.080921 1.851125 -0.054069
v 0.041253 1.866538 -0.027564
v 0.035083 1.063555 -0.035083
v 0.068817 1.096632 -0.068817
v 0.099907 1.147746 -0.099907
v 0.127158 1.211922 -0.127157
v 0.149521 1.284490 -0.149521
v 0.166139 1.363506 -0.166139
v 0.176372 1.445058 -0.176372
v 0.179828 1.525840 -0.179827
v 0.176372 1.602881 -0.176372
v 0.166139 1.673474 -0.166139
v 0.149522 1.735288 -0.149521
v 0.127158 1.785952 -0.127157
v 0.099907 1.824465 -0.099907
v 0.068818 1.851125 -0.068817
v 0.035083 1.866538 -0.035083
v 0.027565 1.063555 -0.041253
v 0.054070 1.096632 -0.080920
v 0.078497 1.147746 -0.117478
v 0.099907 1.211922 -0.149521
v 0.117478 1.284490 -0.175818
v 0.130535 1.363506 -0.195359
v 0.138575 1.445058 -0.207392
v 0.141290 1.525840 -0.211454
v 0.138575 1.602881 -0.207392
v 0.130535 1.673474 -0.195358
v 0.117478 1.735288 -0.175818
v 0.099907 1.785952 -0.149521
v 0.078497 1.824465 -0.117478
v 0.054070 1.851125 -0.080920
v 0.027565 1.866538 -0.041253
v 0.018987 1.063555 -0.045838
v 0.037244 1.096632 -0.089914
v 0.054070 1.147746 -0.130534
v 0.068817 1.211922 -0.166139
v 0.080921 1.284490 -0.195359
v 0.089914 1.363506 -0.217071
v 0.095452 1.445058 -0.230441
v 0.097322 1.525840 -0.234956
v 0.095452 1.602881 -0.230441
v 0.089914 1.673474 -0.217071
v 0.080921 1.735288 -0.195358
v 0.068818 1.785952 -0.166139
v 0.054070 1.824465 -0.130534
v 0.037244 1.851125 -0.089914
v 0.018987 1.866538 -0.045838
v 0.009680 1.063555 -0.048661
v 0.018987 1.096632 -0.095452
v 0.027565 1.147746 -0.138575
v 0.035083 1.211922 -0.176372
v 0.041253 1.284490 -0.207392
v 0.045838 1.363506 -0.230441
v 0.048661 1.445058 -0.244635
v 0.049615 1.525840 -0.249427
v 0.048662 1.602881 -0.244635
v 0.045838 1.673474 -0.230441
v 0.041253 1.735288 -0.207391
v 0.035083 1.785952 -0.176372
v 0.027565 1.824465 -0.138574
v 0.018987 1.851125 -0.095452
v 0.009680 1.866538 -0.048661
v 0.000000 1.063555 -0.049614
v 0.000000 1.096632 -0.097322
v 0.000001 1.211922 -0.179827
v 0.000001 1.363506 -0.234956
v 0.000001 1.673474 -0.234956
v 0.000001 1.785952 -0.179827
v 0.000001 1.824465 -0.141289
v 0.000001 1.851125 -0.097322
v 0.000001 1.866538 -0.049614
v 0.000001 -1.147748 -0.141290
v 0.000001 -1.284492 -0.211455
v 0.000001 -1.445060 -0.249428
v 0.000001 -1.525842 -0.254314
v 0.000001 -1.602883 -0.249428
v 0.000001 -1.735290 -0.211455
v -0.009679 -1.063556 -0.048661
v -0.018986 -1.096633 -0.095452
v -0.027564 -1.147747 -0.138575
v -0.035082 -1.211923 -0.176372
v -0.041252 -1.284492 -0.207392
v -0.045837 -1.363508 -0.230441
v -0.048660 -1.445060 -0.244635
v -0.049614 -1.525842 -0.249428
v -0.048660 -1.602883 -0.244635
v -0.045837 -1.673476 -0.230441
v -0.041252 -1.735290 -0.207392
v -0.035082 -1.785953 -0.176372
v -0.027563 -1.824467 -0.138575
v -0.018986 -1.851126 -0.095452
v -0.009678 -1.866540 -0.048661
v -0.018986 -1.063556 -0.045838
v -0.037243 -1.096633 -0.089914
v -0.054069 -1.147747 -0.130535
v -0.068816 -1.211923 -0.166139
v -0.080920 -1.284492 -0.195359
v -0.089913 -1.363508 -0.217071
v -0.095451 -1.445060 -0.230441
v -0.097321 -1.525842 -0.234956
v -0.095451 -1.602883 -0.230441
v -0.089913 -1.673475 -0.217071
v -0.080919 -1.735290 -0.195359
v -0.068816 -1.785953 -0.166139
v -0.054068 -1.824467 -0.130534
v -0.037243 -1.851126 -0.089914
v -0.018986 -1.866540 -0.045838
v -0.027564 -1.063556 -0.041253
v -0.054069 -1.096633 -0.080920
v -0.078496 -1.147747 -0.117478
v -0.099906 -1.211923 -0.149521
v -0.117477 -1.284492 -0.175818
v -0.130534 -1.363508 -0.195359
v -0.138574 -1.445060 -0.207392
v -0.141289 -1.525842 -0.211455
v -0.138574 -1.602883 -0.207392
v -0.130534 -1.673475 -0.195359
v -0.117477 -1.735290 -0.175818
v -0.099906 -1.785953 -0.149521
v -0.078495 -1.824467 -0.117478
v -0.054068 -1.851126 -0.080920
v -0.027563 -1.866540 -0.041253
v -0.035082 -1.063556 -0.035083
v -0.068816 -1.096633 -0.068817
v -0.099906 -1.147747 -0.099907
v -0.127157 -1.211923 -0.127157
v -0.149520 -1.284492 -0.149521
v -0.166138 -1.363508 -0.166139
v -0.176371 -1.445060 -0.176372
v -0.179827 -1.525842 -0.179827
v -0.176371 -1.602883 -0.176372
v -0.166138 -1.673475 -0.166139
v -0.149520 -1.735290 -0.149521
v -0.127156 -1.785953 -0.127157
v -0.099906 -1.824467 -0.099907
v -0.068816 -1.851126 -0.068817
v -0.035082 -1.866540 -0.035083
v -0.041252 -1.063556 -0.027564
v -0.080920 -1.096633 -0.054069
v -0.117477 -1.147747 -0.078496
v -0.149520 -1.211923 -0.099907
v -0.175817 -1.284492 -0.117478
v -0.195358 -1.363508 -0.130534
v -0.207391 -1.445060 -0.138575
v -0.211454 -1.525842 -0.141289
v -0.207391 -1.602883 -0.138575
v -0.195358 -1.673475 -0.130534
v -0.175817 -1.735290 -0.117478
v -0.149520 -1.785953 -0.099907
v -0.117477 -1.824467 -0.078496
v -0.080919 -1.851126 -0.054069
v -0.041252 -1.866540 -0.027564
v 0.000000 -1.061716 -0.000000
v -0.045837 -1.063556 -0.018987
v -0.089913 -1.096633 -0.037244
v -0.130534 -1.147747 -0.054069
v -0.166138 -1.211923 -0.068817
v -0.195358 -1.284492 -0.080920
v -0.217070 -1.363508 -0.089914
v -0.230440 -1.445060 -0.095452
v -0.234955 -1.525842 -0.097322
v -0.230440 -1.602883 -0.095452
v -0.217070 -1.673475 -0.089914
v -0.195358 -1.735290 -0.080920
v -0.166138 -1.785953 -0.068817
v -0.130534 -1.824467 -0.054069
v -0.089913 -1.851126 -0.037243
v -0.045837 -1.866540 -0.018987
v -0.048660 -1.063556 -0.009679
v -0.095451 -1.096633 -0.018987
v -0.138574 -1.147747 -0.027564
v -0.176371 -1.211923 -0.035083
v -0.207391 -1.284492 -0.041253
v -0.230440 -1.363508 -0.045838
v -0.244634 -1.445060 -0.048661
v -0.249427 -1.525842 -0.049614
v -0.244634 -1.602883 -0.048661
v -0.230440 -1.673475 -0.045838
v -0.207391 -1.735290 -0.041253
v -0.176371 -1.785953 -0.035083
v -0.138574 -1.824467 -0.027564
v -0.095451 -1.851126 -0.018987
v -0.048660 -1.866540 -0.009679
v -0.049614 -1.063556 -0.000000
v -0.097321 -1.096633 -0.000000
v -0.141289 -1.147747 -0.000000
v -0.179827 -1.211923 -0.000000
v -0.211454 -1.284492 -0.000000
v -0.234955 -1.363508 -0.000000
v -0.249427 -1.445060 -0.000000
v -0.254313 -1.525842 -0.000000
v -0.249427 -1.602883 -0.000000
v -0.234955 -1.673476 -0.000000
v -0.211454 -1.735290 -0.000000
v -0.179827 -1.785953 -0.000000
v -0.141289 -1.824467 0.000000
v -0.097321 -1.851126 0.000000
v -0.049613 -1.866540 0.000000
v -0.048660 -1.063556 0.009679
v -0.095451 -1.096633 0.018986
v -0.138574 -1.147747 0.027564
v -0.176371 -1.211923 0.035082
v -0.207391 -1.284492 0.041253
v -0.230440 -1.363508 0.045837
v -0.244634 -1.445060 0.048661
v -0.249427 -1.525842 0.049614
v -0.244634 -1.602883 0.048661
v -0.230440 -1.673476 0.045838
v -0.207391 -1.735290 0.041253
v -0.176371 -1.785953 0.035083
v -0.138574 -1.824467 0.027564
v -0.095451 -1.851126 0.018987
v -0.048660 -1.866540 0.009679
v -0.045837 -1.063556 0.018986
v -0.089913 -1.096633 0.037243
v -0.130534 -1.147747 0.054069
v -0.166138 -1.211923 0.068817
v -0.195358 -1.284492 0.080920
v -0.217070 -1.363508 0.089913
v -0.230440 -1.445060 0.095452
v -0.234955 -1.525842 0.097322
v -0.230440 -1.602883 0.095452
v -0.217070 -1.673476 0.089914
v -0.195358 -1.735290 0.080920
v -0.166138 -1.785953 0.068817
v -0.130534 -1.824467 0.054069
v -0.089913 -1.851126 0.037243
v -0.045837 -1.866540 0.018987
v -0.041252 -1.063556 0.027564
v -0.080920 -1.096633 0.054069
v -0.117477 -1.147747 0.078496
v -0.149520 -1.211923 0.099906
v -0.175817 -1.284492 0.117478
v -0.195358 -1.363508 0.130534
v -0.207391 -1.445060 0.138574
v -0.211454 -1.525841 0.141289
v -0.207391 -1.602883 0.138575
v -0.195358 -1.673476 0.130534
v -0.175817 -1.735290 0.117478
v -0.149520 -1.785953 0.099907
v -0.117477 -1.824467 0.078496
v -0.080919 -1.851126 0.054069
v -0.041252 -1.866540 0.027564
v -0.035082 -1.063556 0.035082
v -0.068816 -1.096633 0.068817
v -0.099906 -1.147747 0.099906
v -0.127157 -1.211923 0.127157
v -0.149520 -1.284492 0.149521
v -0.166138 -1.363508 0.166139
v -0.176371 -1.445060 0.176372
v -0.179827 -1.525841 0.179827
v -0.176371 -1.602883 0.176372
v -0.166138 -1.673476 0.166139
v -0.149520 -1.735290 0.149521
v -0.127156 -1.785953 0.127157
v -0.099906 -1.824467 0.099907
v -0.068816 -1.851126 0.068817
v -0.035082 -1.866540 0.035083
v -0.027564 -1.063556 0.041252
v -0.054069 -1.096633 0.080920
v -0.078496 -1.147747 0.117478
v -0.099906 -1.211923 0.149521
v -0.117477 -1.284492 0.175818
v -0.130534 -1.363508 0.195358
v -0.138574 -1.445060 0.207391
v -0.141289 -1.525841 0.211454
v -0.138574 -1.602883 0.207391
v -0.130534 -1.673475 0.195358
v -0.117477 -1.735290 0.175818
v -0.099906 -1.785953 0.149521
v -0.078495 -1.824467 0.117478
v -0.054068 -1.851126 0.080920
v -0.027563 -1.866540 0.041253
v -0.018986 -1.063556 0.045837
v -0.037243 -1.096633 0.089913
v -0.054069 -1.147747 0.130534
v -0.068816 -1.211923 0.166139
v -0.080920 -1.284492 0.195358
v -0.089913 -1.363508 0.217071
v -0.095451 -1.445060 0.230441
v -0.097321 -1.525841 0.234956
v -0.095451 -1.602883 0.230441
v -0.089913 -1.673475 0.217071
v -0.080919 -1.735290 0.195358
v -0.068816 -1.785953 0.166139
v -0.054068 -1.824467 0.130534
v -0.037243 -1.851126 0.089914
v -0.018986 -1.866540 0.045838
v -0.009679 -1.063556 0.048661
v -0.018986 -1.096633 0.095452
v -0.027564 -1.147747 0.138574
v -0.035082 -1.211923 0.176372
v -0.041252 -1.284492 0.207391
v -0.045837 -1.363508 0.230441
v -0.048660 -1.445060 0.244635
v -0.049613 -1.525841 0.249427
v -0.048660 -1.602883 0.244635
v -0.045837 -1.673475 0.230441
v -0.041252 -1.735290 0.207391
v -0.035082 -1.785953 0.176372
v -0.027563 -1.824467 0.138575
v -0.018986 -1.851126 0.095452
v -0.009678 -1.866540 0.048661
v 0.000000 -1.063556 0.049614
v 0.000001 -1.096633 0.097322
v 0.000001 -1.147747 0.141289
v 0.000001 -1.211923 0.179827
v 0.000001 -1.284492 0.211454
v 0.000001 -1.363508 0.234956
v 0.000001 -1.445060 0.249427
v 0.000001 -1.525841 0.254314
v 0.000001 -1.602883 0.249428
v 0.000001 -1.673475 0.234956
v 0.000001 -1.735290 0.211454
v 0.000001 -1.785953 0.179827
v 0.000001 -1.824467 0.141289
v 0.000001 -1.851126 0.097322
v 0.000001 -1.866540 0.049614
v 0.009680 -1.063556 0.048661
v 0.018987 -1.096633 0.095452
v 0.027565 -1.147747 0.138574
v 0.035083 -1.211923 0.176372
v 0.041253 -1.284492 0.207391
v 0.045838 -1.363508 0.230441
v 0.048662 -1.445060 0.244635
v 0.049615 -1.525841 0.249427
v 0.048662 -1.602883 0.244635
v 0.045838 -1.673475 0.230441
v 0.041253 -1.735290 0.207391
v 0.035083 -1.785953 0.176372
v 0.027565 -1.824467 0.138574
v 0.018987 -1.851126 0.095452
v 0.009680 -1.866540 0.048661
v 0.018987 -1.063556 0.045837
v 0.037244 -1.096633 0.089913
v 0.054070 -1.147747 0.130534
v 0.068817 -1.211923 0.166139
v 0.080921 -1.284492 0.195358
v 0.089914 -1.363508 0.217071
v 0.095452 -1.445060 0.230441
v 0.097323 -1.525841 0.234955
v 0.095452 -1.602883 0.230441
v 0.089914 -1.673475 0.217071
v 0.080921 -1.735290 0.195358
v 0.068818 -1.785953 0.166139
v 0.054070 -1.824467 0.130534
v 0.037244 -1.851126 0.089914
v 0.018987 -1.866540 0.045838
v 0.027565 -1.063556 0.041252
v 0.054070 -1.096633 0.080920
v 0.078497 -1.147747 0.117478
v 0.099907 -1.211923 0.149521
v 0.117478 -1.284492 0.175818
v 0.130535 -1.363508 0.195358
v 0.138575 -1.445060 0.207391
v 0.141290 -1.525841 0.211454
v 0.138575 -1.602883 0.207391
v 0.130535 -1.673475 0.195358
v 0.117479 -1.735290 0.175818
v 0.099907 -1.785953 0.149521
v 0.078497 -1.824466 0.117478
v 0.054070 -1.851126 0.080920
v 0.027565 -1.866540 0.041253
v 0.035083 -1.063556 0.035082
v 0.068817 -1.096633 0.068817
v 0.099907 -1.147747 0.099906
v 0.127158 -1.211923 0.127157
v 0.149521 -1.284492 0.149521
v 0.166139 -1.363508 0.166139
v 0.176373 -1.445060 0.176372
v 0.179828 -1.525841 0.179827
v 0.176373 -1.602883 0.176372
v 0.166139 -1.673475 0.166139
v 0.149522 -1.735290 0.149521
v 0.127158 -1.785953 0.127157
v 0.099907 -1.824466 0.099907
v 0.068818 -1.851126 0.068817
v 0.035083 -1.866540 0.035083
v 0.000001 -1.871480 0.000000
v 0.041253 -1.063556 0.027564
v 0.080921 -1.096633 0.054069
v 0.117478 -1.147747 0.078496
v 0.149521 -1.211923 0.099906
v 0.175819 -1.284492 0.117478
v 0.195359 -1.363508 0.130534
v 0.207392 -1.445060 0.138574
v 0.211455 -1.525841 0.141289
v 0.207392 -1.602883 0.138574
v 0.195359 -1.673475 0.130534
v 0.175819 -1.735290 0.117478
v 0.149522 -1.785953 0.099907
v 0.117479 -1.824466 0.078496
v 0.080921 -1.851126 0.054069
v 0.041253 -1.866540 0.027564
v 0.045838 -1.063556 0.018986
v 0.089914 -1.096633 0.037243
v 0.130535 -1.147747 0.054069
v 0.166139 -1.211923 0.068817
v 0.195359 -1.284492 0.080920
v 0.217071 -1.363508 0.089913
v 0.230442 -1.445060 0.095452
v 0.234956 -1.525841 0.097322
v 0.230442 -1.602883 0.095452
v 0.217071 -1.673475 0.089914
v 0.195359 -1.735290 0.080920
v 0.166139 -1.785953 0.068817
v 0.130535 -1.824466 0.054069
v 0.089914 -1.851126 0.037243
v 0.045838 -1.866540 0.018987
v 0.048661 -1.063556 0.009679
v 0.095452 -1.096633 0.018986
v 0.138575 -1.147747 0.027564
v 0.176372 -1.211923 0.035082
v 0.207392 -1.284492 0.041253
v 0.230442 -1.363508 0.045837
v 0.244635 -1.445060 0.048661
v 0.249428 -1.525841 0.049614
v 0.244636 -1.602883 0.048661
v 0.230442 -1.673475 0.045838
v 0.207392 -1.735290 0.041253
v 0.176373 -1.785953 0.035083
v 0.138575 -1.824467 0.027564
v 0.095453 -1.851126 0.018987
v 0.048662 -1.866540 0.009679
v 0.049615 -1.063556 -0.000000
v 0.097322 -1.096633 -0.000000
v 0.141290 -1.147747 -0.000000
v 0.179828 -1.211923 -0.000000
v 0.211455 -1.284492 -0.000000
v 0.234956 -1.363508 -0.000000
v 0.249428 -1.445060 -0.000000
v 0.254315 -1.525841 -0.000000
v 0.249428 -1.602883 -0.000000
v 0.234956 -1.673475 -0.000000
v 0.211455 -1.735290 -0.000000
v 0.179828 -1.785953 -0.000000
v 0.141290 -1.824467 -0.000000
v 0.097323 -1.851126 -0.000000
v 0.049615 -1.866540 0.000000
v 0.048661 -1.063556 -0.009679
v 0.095452 -1.096633 -0.018987
v 0.138575 -1.147747 -0.027564
v 0.176372 -1.211923 -0.035083
v 0.207392 -1.284492 -0.041253
v 0.230442 -1.363508 -0.045838
v 0.244635 -1.445060 -0.048661
v 0.249428 -1.525841 -0.049614
v 0.244635 -1.602883 -0.048661
v 0.230442 -1.673475 -0.045838
v 0.207392 -1.735290 -0.041253
v 0.176373 -1.785953 -0.035083
v 0.138575 -1.824467 -0.027564
v 0.095453 -1.851126 -0.018987
v 0.048662 -1.866540 -0.009679
v 0.045838 -1.063556 -0.018987
v 0.089914 -1.096633 -0.037244
v 0.130535 -1.147747 -0.054069
v 0.166139 -1.211923 -0.068817
v 0.195359 -1.284492 -0.080920
v 0.217071 -1.363508 -0.089914
v 0.230442 -1.445060 -0.095452
v 0.234956 -1.525841 -0.097322
v 0.230442 -1.602883 -0.095452
v 0.217071 -1.673475 -0.089914
v 0.195359 -1.735290 -0.080920
v 0.166139 -1.785953 -0.068817
v 0.130535 -1.824467 -0.054069
v 0.089914 -1.851126 -0.037243
v 0.045838 -1.866540 -0.018987
v 0.041253 -1.063556 -0.027564
v 0.080921 -1.096633 -0.054069
v 0.117478 -1.147747 -0.078496
v 0.149521 -1.211923 -0.099907
v 0.175818 -1.284492 -0.117478
v 0.195359 -1.363508 -0.130534
v 0.207392 -1.445060 -0.138575
v 0.211455 -1.525841 -0.141289
v 0.207392 -1.602883 -0.138575
v 0.195359 -1.673475 -0.130534
v 0.175819 -1.735290 -0.117478
v 0.149522 -1.785953 -0.099907
v 0.117478 -1.824467 -0.078496
v 0.080921 -1.851126 -0.054069
v 0.041253 -1.866540 -0.027564
v 0.035083 -1.063556 -0.035083
v 0.068817 -1.096633 -0.068817
v 0.099907 -1.147747 -0.099907
v 0.127158 -1.211923 -0.127157
v 0.149521 -1.284492 -0.149521
v 0.166139 -1.363508 -0.166139
v 0.176372 -1.445060 -0.176372
v 0.179828 -1.525841 -0.179827
v 0.176373 -1.602883 -0.176372
v 0.166139 -1.673475 -0.166139
v 0.149522 -1.735290 -0.149521
v 0.127158 -1.785953 -0.127157
v 0.099907 -1.824467 -0.099907
v 0.068818 -1.851126 -0.068817
v 0.035083 -1.866540 -0.035083
v 0.027565 -1.063556 -0.041253
v 0.054070 -1.096633 -0.080920
v 0.078497 -1.147747 -0.117478
v 0.099907 -1.211923 -0.149521
v 0.117478 -1.284492 -0.175818
v 0.130535 -1.363508 -0.195359
v 0.138575 -1.445060 -0.207392
v 0.141290 -1.525841 -0.211454
v 0.138575 -1.602883 -0.207391
v 0.130535 -1.673476 -0.195358
v 0.117478 -1.735290 -0.175818
v 0.099907 -1.785953 -0.149521
v 0.078497 -1.824467 -0.117478
v 0.054070 -1.851126 -0.080920
v 0.027565 -1.866540 -0.041253
v 0.018987 -1.063556 -0.045838
v 0.037244 -1.096633 -0.089914
v 0.054070 -1.147747 -0.130534
v 0.068817 -1.211923 -0.166139
v 0.080921 -1.284492 -0.195359
v 0.089914 -1.363508 -0.217071
v 0.095452 -1.445060 -0.230441
v 0.097322 -1.525841 -0.234956
v 0.095452 -1.602883 -0.230441
v 0.089914 -1.673476 -0.217071
v 0.080921 -1.735290 -0.195358
v 0.068818 -1.785953 -0.166139
v 0.054070 -1.824467 -0.130534
v 0.037244 -1.851126 -0.089914
v 0.018987 -1.866540 -0.045838
v 0.009680 -1.063556 -0.048661
v 0.018987 -1.096633 -0.095452
v 0.027565 -1.147747 -0.138575
v 0.035083 -1.211923 -0.176372
v 0.041253 -1.284492 -0.207392
v 0.045838 -1.363508 -0.230441
v 0.048661 -1.445060 -0.244635
v 0.049615 -1.525841 -0.249427
v 0.048661 -1.602883 -0.244635
v 0.045838 -1.673476 -0.230441
v 0.041253 -1.735290 -0.207391
v 0.035083 -1.785953 -0.176372
v 0.027565 -1.824467 -0.138574
v 0.018987 -1.851126 -0.095452
v 0.009680 -1.866540 -0.048661
v 0.000000 -1.063556 -0.049614
v 0.000000 -1.096633 -0.097322
v 0.000001 -1.211923 -0.179827
v 0.000001 -1.363508 -0.234956
v 0.000001 -1.673476 -0.234956
v 0.000001 -1.785953 -0.179827
v 0.000001 -1.824467 -0.141289
v 0.000001 -1.851126 -0.097322
v 0.000001 -1.866540 -0.049614
v 1.147743 0.000003 -0.141290
v 1.284487 0.000003 -0.211455
v 1.445056 0.000003 -0.249428
v 1.525837 0.000003 -0.254315
v 1.602879 0.000003 -0.249428
v 1.735286 0.000002 -0.211455
v 1.063552 0.009682 -0.048661
v 1.096629 0.018989 -0.095452
v 1.147743 0.027567 -0.138575
v 1.211919 0.035085 -0.176372
v 1.284487 0.041255 -0.207392
v 1.363504 0.045840 -0.230441
v 1.445056 0.048664 -0.244635
v 1.525837 0.049617 -0.249428
v 1.602879 0.048663 -0.244635
v 1.673471 0.045840 -0.230441
v 1.735286 0.041255 -0.207392
v 1.785949 0.035085 -0.176372
v 1.824463 0.027567 -0.138575
v 1.851122 0.018989 -0.095452
v 1.866536 0.009682 -0.048661
v 1.063552 0.018989 -0.045838
v 1.096629 0.037246 -0.089914
v 1.147743 0.054072 -0.130535
v 1.211919 0.068820 -0.166139
v 1.284487 0.080923 -0.195359
v 1.363504 0.089916 -0.217071
v 1.445056 0.095454 -0.230441
v 1.525837 0.097324 -0.234956
v 1.602879 0.095454 -0.230441
v 1.673471 0.089916 -0.217071
v 1.735286 0.080923 -0.195359
v 1.785949 0.068819 -0.166139
v 1.824463 0.054072 -0.130535
v 1.851122 0.037246 -0.089914
v 1.866536 0.018989 -0.045838
v 1.063552 0.027567 -0.041253
v 1.096629 0.054072 -0.080921
v 1.147743 0.078499 -0.117478
v 1.211919 0.099909 -0.149521
v 1.284487 0.117481 -0.175818
v 1.363504 0.130537 -0.195359
v 1.445056 0.138577 -0.207392
v 1.525838 0.141292 -0.211455
v 1.602879 0.138577 -0.207392
v 1.673472 0.130537 -0.195359
v 1.735286 0.117480 -0.175818
v 1.785949 0.099909 -0.149521
v 1.824463 0.078499 -0.117478
v 1.851122 0.054072 -0.080920
v 1.866536 0.027567 -0.041253
v 1.063552 0.035085 -0.035083
v 1.096629 0.068820 -0.068817
v 1.147743 0.099909 -0.099907
v 1.211919 0.127160 -0.127157
v 1.284487 0.149524 -0.149521
v 1.363504 0.166141 -0.166139
v 1.445056 0.176375 -0.176372
v 1.525838 0.179830 -0.179828
v 1.602879 0.176374 -0.176372
v 1.673472 0.166141 -0.166139
v 1.735286 0.149523 -0.149521
v 1.785949 0.127160 -0.127157
v 1.824463 0.099909 -0.099907
v 1.851122 0.068819 -0.068817
v 1.866536 0.035085 -0.035083
v 1.063552 0.041256 -0.027565
v 1.096629 0.080923 -0.054069
v 1.147743 0.117481 -0.078497
v 1.211919 0.149524 -0.099907
v 1.284487 0.175821 -0.117478
v 1.363504 0.195361 -0.130535
v 1.445056 0.207394 -0.138575
v 1.525838 0.211457 -0.141290
v 1.602879 0.207394 -0.138575
v 1.673472 0.195361 -0.130535
v 1.735286 0.175820 -0.117478
v 1.785949 0.149523 -0.099907
v 1.824463 0.117480 -0.078496
v 1.851122 0.080923 -0.054069
v 1.866536 0.041255 -0.027564
v 1.061712 0.000003 -0.000000
v 1.063552 0.045840 -0.018987
v 1.096629 0.089916 -0.037244
v 1.147743 0.130537 -0.054069
v 1.211919 0.166141 -0.068817
v 1.284487 0.195361 -0.080920
v 1.363504 0.217073 -0.089914
v 1.445056 0.230444 -0.095452
v 1.525838 0.234958 -0.097322
v 1.602879 0.230444 -0.095452
v 1.673472 0.217073 -0.089914
v 1.735286 0.195361 -0.080920
v 1.785949 0.166141 -0.068817
v 1.824463 0.130537 -0.054069
v 1.851122 0.089916 -0.037244
v 1.866536 0.045840 -0.018987
v 1.063552 0.048664 -0.009680
v 1.096629 0.095455 -0.018987
v 1.147743 0.138577 -0.027565
v 1.211919 0.176375 -0.035083
v 1.284487 0.207394 -0.041253
v 1.363504 0.230444 -0.045838
v 1.445056 0.244638 -0.048661
v 1.525838 0.249430 -0.049614
v 1.602879 0.244637 -0.048661
v 1.673472 0.230444 -0.045838
v 1.735286 0.207394 -0.041253
v 1.785949 0.176374 -0.035083
v 1.824463 0.138577 -0.027564
v 1.851122 0.095454 -0.018987
v 1.866536 0.048663 -0.009680
v 1.063552 0.049617 -0.000000
v 1.096629 0.097325 -0.000000
v 1.147743 0.141292 -0.000000
v 1.211919 0.179830 -0.000000
v 1.284487 0.211457 -0.000000
v 1.363504 0.234958 -0.000000
v 1.445056 0.249430 -0.000000
v 1.525838 0.254317 -0.000000
v 1.602879 0.249430 -0.000000
v 1.673472 0.234958 -0.000000
v 1.735286 0.211457 -0.000000
v 1.785949 0.179830 -0.000000
v 1.824463 0.141292 -0.000000
v 1.851122 0.097324 -0.000000
v 1.866536 0.049617 -0.000000
v 1.063552 0.048664 0.009679
v 1.096629 0.095455 0.018986
v 1.147743 0.138577 0.027564
v 1.211919 0.176375 0.035082
v 1.284487 0.207394 0.041252
v 1.363504 0.230444 0.045837
v 1.445056 0.244638 0.048661
v 1.525838 0.249430 0.049614
v 1.602879 0.244637 0.048661
v 1.673472 0.230444 0.045837
v 1.735286 0.207394 0.041252
v 1.785949 0.176374 0.035082
v 1.824463 0.138577 0.027564
v 1.851122 0.095454 0.018986
v 1.866536 0.048663 0.009679
v 1.063552 0.045840 0.018986
v 1.096629 0.089916 0.037243
v 1.147743 0.130537 0.054069
v 1.211919 0.166141 0.068817
v 1.284488 0.195361 0.080920
v 1.363504 0.217073 0.089913
v 1.445056 0.230444 0.095452
v 1.525838 0.234958 0.097322
v 1.602879 0.230444 0.095452
v 1.673472 0.217073 0.089913
v 1.735286 0.195361 0.080920
v 1.785949 0.166141 0.068817
v 1.824463 0.130537 0.054069
v 1.851122 0.089916 0.037243
v 1.866536 0.045840 0.018986
v 1.063552 0.041256 0.027564
v 1.096629 0.080923 0.054069
v 1.147743 0.117481 0.078496
v 1.211919 0.149524 0.099906
v 1.284487 0.175821 0.117478
v 1.363504 0.195361 0.130534
v 1.445056 0.207394 0.138574
v 1.525838 0.211457 0.141289
v 1.602879 0.207394 0.138574
v 1.673471 0.195361 0.130534
v 1.735286 0.175820 0.117478
v 1.785949 0.149523 0.099906
v 1.824463 0.117480 0.078496
v 1.851122 0.080923 0.054069
v 1.866536 0.041255 0.027564
v 1.063552 0.035085 0.035082
v 1.096629 0.068820 0.068817
v 1.147743 0.099909 0.099906
v 1.211919 0.127160 0.127157
v 1.284487 0.149524 0.149521
v 1.363504 0.166141 0.166138
v 1.445056 0.176375 0.176372
v 1.525837 0.179830 0.179827
v 1.602879 0.176374 0.176372
v 1.673471 0.166141 0.166138
v 1.735286 0.149523 0.149521
v 1.785949 0.127160 0.127157
v 1.824463 0.099909 0.099906
v 1.851122 0.068819 0.068817
v 1.866536 0.035085 0.035082
v 1.063552 0.027567 0.041252
v 1.096629 0.054072 0.080920
v 1.147743 0.078499 0.117477
v 1.211919 0.099909 0.149521
v 1.284487 0.117480 0.175818
v 1.363504 0.130537 0.195358
v 1.445056 0.138577 0.207391
v 1.525837 0.141292 0.211454
v 1.602879 0.138577 0.207391
v 1.673471 0.130537 0.195358
v 1.735286 0.117480 0.175818
v 1.785949 0.099909 0.149521
v 1.824463 0.078499 0.117478
v 1.851122 0.054071 0.080920
v 1.866536 0.027567 0.041252
v 1.063552 0.018989 0.045837
v 1.096629 0.037246 0.089913
v 1.147743 0.054072 0.130534
v 1.211919 0.068820 0.166138
v 1.284487 0.080923 0.195358
v 1.363504 0.089916 0.217070
v 1.445056 0.095454 0.230441
v 1.525837 0.097324 0.234955
v 1.602879 0.095454 0.230441
v 1.673471 0.089916 0.217070
v 1.735286 0.080923 0.195358
v 1.785949 0.068819 0.166138
v 1.824463 0.054071 0.130534
v 1.851122 0.037246 0.089913
v 1.866536 0.018989 0.045837
v 1.063552 0.009682 0.048661
v 1.096629 0.018989 0.095451
v 1.147743 0.027567 0.138574
v 1.211919 0.035085 0.176372
v 1.284487 0.041255 0.207391
v 1.363504 0.045840 0.230441
v 1.445056 0.048663 0.244635
v 1.525837 0.049617 0.249427
v 1.602879 0.048663 0.244635
v 1.673471 0.045840 0.230441
v 1.735286 0.041255 0.207391
v 1.785949 0.035085 0.176372
v 1.824463 0.027567 0.138574
v 1.851122 0.018989 0.095452
v 1.866536 0.009682 0.048661
v 1.063552 0.000003 0.049614
v 1.096629 0.000003 0.097321
v 1.147743 0.000003 0.141289
v 1.211919 0.000003 0.179827
v 1.284487 0.000003 0.211454
v 1.363504 0.000003 0.234955
v 1.445056 0.000003 0.249427
v 1.525837 0.000002 0.254314
v 1.602879 0.000002 0.249427
v 1.673471 0.000002 0.234955
v 1.735286 0.000002 0.211454
v 1.785949 0.000002 0.179827
v 1.824463 0.000002 0.141289
v 1.851122 0.000002 0.097322
v 1.866536 0.000002 0.049614
v 1.063552 -0.009676 0.048661
v 1.096629 -0.018984 0.095451
v 1.147743 -0.027561 0.138574
v 1.211919 -0.035080 0.176372
v 1.284487 -0.041250 0.207391
v 1.363504 -0.045835 0.230441
v 1.445056 -0.048658 0.244635
v 1.525837 -0.049612 0.249427
v 1.602879 -0.048658 0.244635
v 1.673471 -0.045835 0.230441
v 1.735286 -0.041250 0.207391
v 1.785949 -0.035080 0.176372
v 1.824463 -0.027562 0.138574
v 1.851122 -0.018984 0.095452
v 1.866536 -0.009677 0.048661
v 1.063552 -0.018984 0.045837
v 1.096629 -0.037241 0.089913
v 1.147743 -0.054066 0.130534
v 1.211919 -0.068814 0.166138
v 1.284487 -0.080917 0.195358
v 1.363504 -0.089911 0.217070
v 1.445056 -0.095449 0.230441
v 1.525837 -0.097319 0.234955
v 1.602879 -0.095449 0.230441
v 1.673471 -0.089911 0.217070
v 1.735286 -0.080918 0.195358
v 1.785949 -0.068815 0.166138
v 1.824463 -0.054067 0.130534
v 1.851122 -0.037241 0.089913
v 1.866536 -0.018984 0.045837
v 1.063552 -0.027561 0.041252
v 1.096629 -0.054066 0.080920
v 1.147743 -0.078493 0.117477
v 1.211919 -0.099904 0.149521
v 1.284487 -0.117475 0.175818
v 1.363504 -0.130532 0.195358
v 1.445056 -0.138572 0.207391
v 1.525837 -0.141287 0.211454
v 1.602879 -0.138572 0.207391
v 1.673471 -0.130532 0.195358
v 1.735286 -0.117475 0.175818
v 1.785949 -0.099904 0.149521
v 1.824463 -0.078494 0.117478
v 1.851122 -0.054067 0.080920
v 1.866536 -0.027562 0.041252
v 1.063552 -0.035080 0.035082
v 1.096629 -0.068814 0.068817
v 1.147743 -0.099904 0.099906
v 1.211919 -0.127154 0.127157
v 1.284487 -0.149518 0.149521
v 1.363504 -0.166136 0.166138
v 1.445056 -0.176369 0.176372
v 1.525837 -0.179825 0.179827
v 1.602879 -0.176369 0.176372
v 1.673471 -0.166136 0.166138
v 1.735286 -0.149518 0.149521
v 1.785949 -0.127155 0.127157
v 1.824463 -0.099904 0.099906
v 1.851122 -0.068815 0.068817
v 1.866536 -0.035080 0.035082
v 1.871476 0.000002 -0.000000
v 1.063552 -0.041250 0.027564
v 1.096629 -0.080917 0.054069
v 1.147743 -0.117475 0.078496
v 1.211919 -0.149518 0.099906
v 1.284487 -0.175815 0.117477
v 1.363504 -0.195356 0.130534
v 1.445056 -0.207389 0.138574
v 1.525837 -0.211452 0.141289
v 1.602879 -0.207389 0.138574
v 1.673471 -0.195356 0.130534
v 1.735286 -0.175816 0.117478
v 1.785949 -0.149518 0.099906
v 1.824463 -0.117475 0.078496
v 1.851122 -0.080918 0.054069
v 1.866536 -0.041250 0.027564
v 1.063552 -0.045835 0.018986
v 1.096629 -0.089911 0.037243
v 1.147743 -0.130532 0.054069
v 1.211919 -0.166136 0.068817
v 1.284487 -0.195356 0.080920
v 1.363504 -0.217068 0.089913
v 1.445056 -0.230438 0.095451
v 1.525837 -0.234953 0.097321
v 1.602879 -0.230439 0.095451
v 1.673471 -0.217068 0.089913
v 1.735286 -0.195356 0.080920
v 1.785949 -0.166136 0.068817
v 1.824463 -0.130532 0.054069
v 1.851122 -0.089911 0.037243
v 1.866536 -0.045835 0.018986
v 1.063552 -0.048658 0.009679
v 1.096629 -0.095449 0.018986
v 1.147743 -0.138572 0.027564
v 1.211919 -0.176369 0.035082
v 1.284487 -0.207389 0.041252
v 1.363504 -0.230438 0.045837
v 1.445056 -0.244632 0.048661
v 1.525837 -0.249425 0.049614
v 1.602879 -0.244632 0.048661
v 1.673471 -0.230439 0.045837
v 1.735286 -0.207389 0.041252
v 1.785949 -0.176370 0.035082
v 1.824463 -0.138572 0.027564
v 1.851122 -0.095449 0.018986
v 1.866536 -0.048658 0.009679
v 1.063552 -0.049611 -0.000000
v 1.096629 -0.097319 -0.000000
v 1.147743 -0.141287 -0.000000
v 1.211919 -0.179825 -0.000000
v 1.284487 -0.211452 -0.000000
v 1.363504 -0.234953 -0.000000
v 1.445056 -0.249425 -0.000000
v 1.525837 -0.254311 -0.000000
v 1.602879 -0.249425 -0.000000
v 1.673471 -0.234953 -0.000000
v 1.735286 -0.211452 -0.000000
v 1.785949 -0.179825 -0.000000
v 1.824463 -0.141287 -0.000000
v 1.851122 -0.097319 -0.000000
v 1.866536 -0.049612 -0.000000
v 1.063552 -0.048658 -0.009680
v 1.096629 -0.095449 -0.018987
v 1.147743 -0.138572 -0.027565
v 1.211919 -0.176369 -0.035083
v 1.284487 -0.207389 -0.041253
v 1.363504 -0.230438 -0.045838
v 1.445056 -0.244632 -0.048661
v 1.525837 -0.249425 -0.049615
v 1.602879 -0.244632 -0.048661
v 1.673471 -0.230439 -0.045838
v 1.735286 -0.207389 -0.041253
v 1.785949 -0.176370 -0.035083
v 1.824463 -0.138572 -0.027564
v 1.851122 -0.095449 -0.018987
v 1.866536 -0.048658 -0.009680
v 1.063552 -0.045835 -0.018987
v 1.096629 -0.089911 -0.037244
v 1.147743 -0.130532 -0.054069
v 1.211919 -0.166136 -0.068817
v 1.284487 -0.195356 -0.080920
v 1.363504 -0.217068 -0.089914
v 1.445056 -0.230438 -0.095452
v 1.525837 -0.234953 -0.097322
v 1.602879 -0.230438 -0.095452
v 1.673471 -0.217068 -0.089914
v 1.735286 -0.195356 -0.080920
v 1.785949 -0.166136 -0.068817
v 1.824463 -0.130532 -0.054069
v 1.851122 -0.089911 -0.037244
v 1.866536 -0.045835 -0.018987
v 1.063552 -0.041250 -0.027565
v 1.096629 -0.080917 -0.054069
v 1.147743 -0.117475 -0.078497
v 1.211919 -0.149518 -0.099907
v 1.284487 -0.175815 -0.117478
v 1.363504 -0.195356 -0.130535
v 1.445056 -0.207389 -0.138575
v 1.525837 -0.211452 -0.141290
v 1.602879 -0.207389 -0.138575
v 1.673471 -0.195356 -0.130535
v 1.735286 -0.175815 -0.117478
v 1.785949 -0.149518 -0.099907
v 1.824463 -0.117475 -0.078496
v 1.851122 -0.080918 -0.054069
v 1.866536 -0.041250 -0.027564
v 1.063552 -0.035080 -0.035083
v 1.096629 -0.068814 -0.068817
v 1.147743 -0.099904 -0.099907
v 1.211919 -0.127154 -0.127157
v 1.284487 -0.149518 -0.149521
v 1.363503 -0.166136 -0.166139
v 1.445056 -0.176369 -0.176372
v 1.525837 -0.179824 -0.179827
v 1.602879 -0.176369 -0.176372
v 1.673471 -0.166136 -0.166139
v 1.735286 -0.149518 -0.149521
v 1.785949 -0.127155 -0.127157
v 1.824463 -0.099904 -0.099907
v 1.851122 -0.068815 -0.068817
v 1.866536 -0.035080 -0.035083
v 1.063552 -0.027561 -0.041253
v 1.096629 -0.054066 -0.080920
v 1.147743 -0.078493 -0.117478
v 1.211919 -0.099904 -0.149521
v 1.284487 -0.117475 -0.175818
v 1.363504 -0.130532 -0.195359
v 1.445056 -0.138572 -0.207392
v 1.525837 -0.141287 -0.211455
v 1.602879 -0.138572 -0.207392
v 1.673471 -0.130532 -0.195359
v 1.735286 -0.117475 -0.175818
v 1.785949 -0.099904 -0.149521
v 1.824463 -0.078494 -0.117478
v 1.851122 -0.054067 -0.080920
v 1.866536 -0.027562 -0.041253
v 1.063552 -0.018984 -0.045838
v 1.096629 -0.037241 -0.089914
v 1.147743 -0.054066 -0.130535
v 1.211919 -0.068814 -0.166139
v 1.284487 -0.080917 -0.195359
v 1.363504 -0.089911 -0.217071
v 1.445056 -0.095449 -0.230441
v 1.525837 -0.097319 -0.234956
v 1.602879 -0.095449 -0.230441
v 1.673471 -0.089911 -0.217071
v 1.735286 -0.080918 -0.195359
v 1.785949 -0.068814 -0.166139
v 1.824463 -0.054067 -0.130535
v 1.851122 -0.037241 -0.089914
v 1.866536 -0.018984 -0.045838
v 1.063552 -0.009676 -0.048661
v 1.096629 -0.018984 -0.095452
v 1.147743 -0.027561 -0.138575
v 1.211919 -0.035080 -0.176372
v 1.284487 -0.041250 -0.207392
v 1.363504 -0.045835 -0.230441
v 1.445056 -0.048658 -0.244635
v 1.525837 -0.049612 -0.249428
v 1.602879 -0.048658 -0.244635
v 1.673471 -0.045835 -0.230441
v 1.735286 -0.041250 -0.207392
v 1.785949 -0.035080 -0.176372
v 1.824463 -0.027562 -0.138575
v 1.851122 -0.018984 -0.095452
v 1.866536 -0.009677 -0.048661
v 1.063552 0.000003 -0.049615
v 1.096629 0.000003 -0.097322
v 1.211919 0.000003 -0.179828
v 1.363504 0.000003 -0.234956
v 1.673471 0.000003 -0.234956
v 1.785949 0.000002 -0.179828
v 1.824463 0.000002 -0.141289
v 1.851122 0.000002 -0.097322
v 1.866536 0.000002 -0.049614
v -1.147750 0.000003 -0.141289
v -1.284495 0.000003 -0.211455
v -1.445063 0.000003 -0.249428
v -1.525844 0.000003 -0.254314
v -1.602886 0.000003 -0.249427
v -1.735292 0.000003 -0.211454
v -1.063559 0.009682 -0.048661
v -1.096636 0.018990 -0.095452
v -1.147750 0.027567 -0.138575
v -1.211926 0.035086 -0.176372
v -1.284494 0.041256 -0.207392
v -1.363510 0.045841 -0.230441
v -1.445063 0.048664 -0.244635
v -1.525844 0.049617 -0.249428
v -1.602886 0.048664 -0.244635
v -1.673478 0.045841 -0.230441
v -1.735292 0.041256 -0.207391
v -1.785956 0.035086 -0.176372
v -1.824469 0.027567 -0.138574
v -1.851129 0.018990 -0.095452
v -1.866543 0.009682 -0.048661
v -1.063559 0.018990 -0.045838
v -1.096636 0.037247 -0.089914
v -1.147750 0.054072 -0.130534
v -1.211926 0.068820 -0.166139
v -1.284494 0.080923 -0.195358
v -1.363510 0.089917 -0.217071
v -1.445063 0.095455 -0.230441
v -1.525844 0.097325 -0.234956
v -1.602886 0.095455 -0.230441
v -1.673478 0.089917 -0.217071
v -1.735292 0.080923 -0.195358
v -1.785956 0.068820 -0.166139
v -1.824469 0.054072 -0.130534
v -1.851129 0.037246 -0.089913
v -1.866543 0.018990 -0.045837
v -1.063559 0.027567 -0.041253
v -1.096636 0.054072 -0.080920
v -1.147750 0.078499 -0.117478
v -1.211926 0.099910 -0.149521
v -1.284494 0.117481 -0.175818
v -1.363510 0.130537 -0.195358
v -1.445062 0.138578 -0.207391
v -1.525844 0.141292 -0.211454
v -1.602885 0.138578 -0.207391
v -1.673478 0.130537 -0.195358
v -1.735292 0.117481 -0.175818
v -1.785956 0.099910 -0.149521
v -1.824469 0.078499 -0.117478
v -1.851129 0.054072 -0.080920
v -1.866543 0.027567 -0.041252
v -1.063559 0.035086 -0.035083
v -1.096636 0.068820 -0.068817
v -1.147750 0.099910 -0.099907
v -1.211926 0.127160 -0.127157
v -1.284494 0.149524 -0.149521
v -1.363510 0.166142 -0.166139
v -1.445062 0.176375 -0.176372
v -1.525844 0.179830 -0.179827
v -1.602885 0.176375 -0.176372
v -1.673478 0.166142 -0.166139
v -1.735292 0.149524 -0.149521
v -1.785956 0.127160 -0.127157
v -1.824469 0.099910 -0.099906
v -1.851129 0.068820 -0.068817
v -1.866543 0.035086 -0.035082
v -1.063559 0.041256 -0.027564
v -1.096636 0.080923 -0.054069
v -1.147750 0.117481 -0.078496
v -1.211926 0.149524 -0.099907
v -1.284494 0.175821 -0.117478
v -1.363510 0.195362 -0.130534
v -1.445062 0.207395 -0.138574
v -1.525844 0.211458 -0.141289
v -1.602885 0.207395 -0.138574
v -1.673478 0.195362 -0.130534
v -1.735292 0.175821 -0.117478
v -1.785956 0.149524 -0.099906
v -1.824469 0.117481 -0.078496
v -1.851129 0.080923 -0.054069
v -1.866543 0.041256 -0.027564
v -1.061719 0.000003 -0.000000
v -1.063559 0.045841 -0.018987
v -1.096636 0.089917 -0.037244
v -1.147750 0.130538 -0.054069
v -1.211926 0.166142 -0.068817
v -1.284494 0.195362 -0.080920
v -1.363510 0.217074 -0.089914
v -1.445062 0.230444 -0.095452
v -1.525844 0.234959 -0.097322
v -1.602885 0.230444 -0.095452
v -1.673478 0.217074 -0.089913
v -1.735292 0.195362 -0.080920
v -1.785956 0.166142 -0.068817
v -1.824469 0.130537 -0.054069
v -1.851129 0.089917 -0.037243
v -1.866543 0.045841 -0.018986
v -1.063559 0.048664 -0.009679
v -1.096636 0.095455 -0.018987
v -1.147750 0.138578 -0.027564
v -1.211926 0.176375 -0.035083
v -1.284494 0.207395 -0.041253
v -1.363510 0.230444 -0.045838
v -1.445062 0.244638 -0.048661
v -1.525844 0.249431 -0.049614
v -1.602885 0.244638 -0.048661
v -1.673478 0.230444 -0.045837
v -1.735292 0.207394 -0.041253
v -1.785956 0.176375 -0.035082
v -1.824469 0.138578 -0.027564
v -1.851129 0.095455 -0.018986
v -1.866543 0.048664 -0.009679
v -1.063559 0.049617 -0.000000
v -1.096636 0.097325 -0.000000
v -1.147750 0.141293 -0.000000
v -1.211926 0.179830 -0.000000
v -1.284494 0.211458 0.000000
v -1.363510 0.234959 0.000000
v -1.445062 0.249431 0.000000
v -1.525844 0.254317 0.000000
v -1.602885 0.249431 0.000000
v -1.673478 0.234959 0.000000
v -1.735292 0.211458 0.000000
v -1.785956 0.179830 0.000000
v -1.824469 0.141292 0.000000
v -1.851129 0.097325 0.000000
v -1.866543 0.049617 0.000000
v -1.063559 0.048664 0.009679
v -1.096636 0.095455 0.018986
v -1.147750 0.138578 0.027564
v -1.211926 0.176375 0.035083
v -1.284494 0.207395 0.041253
v -1.363510 0.230444 0.045838
v -1.445062 0.244638 0.048661
v -1.525844 0.249431 0.049614
v -1.602885 0.244638 0.048661
v -1.673478 0.230444 0.045838
v -1.735292 0.207394 0.041253
v -1.785956 0.176375 0.035083
v -1.824469 0.138578 0.027564
v -1.851129 0.095455 0.018987
v -1.866543 0.048664 0.009680
v -1.063559 0.045841 0.018986
v -1.096636 0.089917 0.037243
v -1.147750 0.130537 0.054069
v -1.211926 0.166142 0.068817
v -1.284494 0.195362 0.080920
v -1.363510 0.217074 0.089914
v -1.445062 0.230444 0.095452
v -1.525844 0.234959 0.097322
v -1.602885 0.230444 0.095452
v -1.673478 0.217074 0.089914
v -1.735292 0.195361 0.080920
v -1.785956 0.166142 0.068817
v -1.824469 0.130537 0.054069
v -1.851129 0.089917 0.037244
v -1.866543 0.045841 0.018987
v -1.063559 0.041256 0.027564
v -1.096636 0.080923 0.054069
v -1.147750 0.117481 0.078496
v -1.211926 0.149524 0.099907
v -1.284494 0.175821 0.117478
v -1.363510 0.195362 0.130534
v -1.445062 0.207394 0.138575
v -1.525844 0.211457 0.141290
v -1.602885 0.207394 0.138575
v -1.673478 0.195362 0.130535
v -1.735292 0.175821 0.117478
v -1.785956 0.149524 0.099907
v -1.824469 0.117481 0.078496
v -1.851129 0.080923 0.054069
v -1.866542 0.041256 0.027564
v -1.063559 0.035086 0.035082
v -1.096636 0.068820 0.068817
v -1.147750 0.099910 0.099907
v -1.211926 0.127160 0.127157
v -1.284494 0.149524 0.149521
v -1.363510 0.166142 0.166139
v -1.445062 0.176375 0.176372
v -1.525844 0.179830 0.179827
v -1.602885 0.176375 0.176372
v -1.673478 0.166142 0.166139
v -1.735292 0.149524 0.149521
v -1.785956 0.127160 0.127157
v -1.824469 0.099910 0.099907
v -1.851129 0.068820 0.068817
v -1.866542 0.035086 0.035083
v -1.063559 0.027567 0.041253
v -1.096636 0.054072 0.080920
v -1.147750 0.078499 0.117478
v -1.211926 0.099910 0.149521
v -1.284494 0.117481 0.175818
v -1.363510 0.130537 0.195359
v -1.445062 0.138578 0.207392
v -1.525844 0.141292 0.211455
v -1.602885 0.138578 0.207392
v -1.673478 0.130537 0.195359
v -1.735292 0.117481 0.175818
v -1.785956 0.099910 0.149521
v -1.824469 0.078499 0.117478
v -1.851129 0.054072 0.080920
v -1.866542 0.027567 0.041253
v -1.063559 0.018990 0.045837
v -1.096636 0.037247 0.089914
v -1.147750 0.054072 0.130534
v -1.211926 0.068820 0.166139
v -1.284494 0.080923 0.195358
v -1.363510 0.089917 0.217071
v -1.445062 0.095455 0.230441
v -1.525844 0.097325 0.234956
v -1.602885 0.095455 0.230441
v -1.673478 0.089917 0.217071
v -1.735292 0.080923 0.195359
v -1.785956 0.068820 0.166139
v -1.824469 0.054072 0.130535
v -1.851129 0.037246 0.089914
v -1.866542 0.018990 0.045838
v -1.063559 0.009682 0.048661
v -1.096636 0.018990 0.095452
v -1.147750 0.027567 0.138574
v -1.211926 0.035086 0.176372
v -1.284494 0.041256 0.207391
v -1.363510 0.045841 0.230441
v -1.445062 0.048664 0.244635
v -1.525844 0.049617 0.249428
v -1.602885 0.048664 0.244635
v -1.673478 0.045841 0.230441
v -1.735292 0.041256 0.207392
v -1.785956 0.035086 0.176372
v -1.824469 0.027567 0.138575
v -1.851129 0.018990 0.095452
v -1.866542 0.009682 0.048661
v -1.063559 0.000003 0.049614
v -1.096636 0.000003 0.097322
v -1.147750 0.000003 0.141289
v -1.211926 0.000003 0.179827
v -1.284494 0.000003 0.211454
v -1.363510 0.000003 0.234956
v -1.445062 0.000003 0.249428
v -1.525844 0.000003 0.254314
v -1.602885 0.000003 0.249428
v -1.673478 0.000003 0.234956
v -1.735292 0.000003 0.211455
v -1.785956 0.000003 0.179827
v -1.824469 0.000003 0.141290
v -1.851129 0.000003 0.097322
v -1.866542 0.000003 0.049614
v -1.063559 -0.009676 0.048661
v -1.096636 -0.018983 0.095452
v -1.147750 -0.027561 0.138574
v -1.211926 -0.035079 0.176372
v -1.284494 -0.041250 0.207391
v -1.363510 -0.045834 0.230441
v -1.445062 -0.048658 0.244635
v -1.525844 -0.049611 0.249428
v -1.602885 -0.048658 0.244635
v -1.673478 -0.045835 0.230441
v -1.735292 -0.041250 0.207392
v -1.785956 -0.035080 0.176372
v -1.824469 -0.027561 0.138575
v -1.851129 -0.018984 0.095452
v -1.866542 -0.009676 0.048661
v -1.063559 -0.018983 0.045837
v -1.096636 -0.037240 0.089914
v -1.147750 -0.054066 0.130534
v -1.211926 -0.068814 0.166139
v -1.284494 -0.080917 0.195358
v -1.363510 -0.089911 0.217071
v -1.445062 -0.095449 0.230441
v -1.525844 -0.097319 0.234956
v -1.602885 -0.095449 0.230441
v -1.673478 -0.089911 0.217071
v -1.735292 -0.080917 0.195359
v -1.785956 -0.068814 0.166139
v -1.824469 -0.054066 0.130535
v -1.851129 -0.037240 0.089914
v -1.866542 -0.018984 0.045838
v -1.063559 -0.027561 0.041253
v -1.096636 -0.054066 0.080920
v -1.147750 -0.078493 0.117478
v -1.211926 -0.099904 0.149521
v -1.284494 -0.117475 0.175818
v -1.363510 -0.130531 0.195358
v -1.445062 -0.138571 0.207392
v -1.525844 -0.141286 0.211454
v -1.602885 -0.138571 0.207392
v -1.673478 -0.130531 0.195359
v -1.735292 -0.117475 0.175818
v -1.785956 -0.099904 0.149521
v -1.824469 -0.078493 0.117478
v -1.851129 -0.054066 0.080920
v -1.866542 -0.027561 0.041253
v -1.063559 -0.035079 0.035082
v -1.096636 -0.068814 0.068817
v -1.147750 -0.099904 0.099907
v -1.211926 -0.127154 0.127157
v -1.284494 -0.149518 0.149521
v -1.363510 -0.166136 0.166139
v -1.445062 -0.176369 0.176372
v -1.525844 -0.179824 0.179827
v -1.602885 -0.176369 0.176372
v -1.673478 -0.166136 0.166139
v -1.735292 -0.149518 0.149521
v -1.785956 -0.127154 0.127157
v -1.824469 -0.099904 0.099907
v -1.851129 -0.068814 0.068817
v -1.866542 -0.035080 0.035083
v -1.871483 0.000003 0.000000
v -1.063559 -0.041250 0.027564
v -1.096636 -0.080917 0.054069
v -1.147750 -0.117475 0.078496
v -1.211926 -0.149518 0.099907
v -1.284494 -0.175815 0.117478
v -1.363510 -0.195355 0.130534
v -1.445062 -0.207388 0.138575
v -1.525844 -0.211451 0.141289
v -1.602885 -0.207388 0.138575
v -1.673478 -0.195355 0.130535
v -1.735292 -0.175815 0.117478
v -1.785956 -0.149518 0.099907
v -1.824469 -0.117475 0.078496
v -1.851129 -0.080917 0.054069
v -1.866542 -0.041250 0.027564
v -1.063559 -0.045834 0.018986
v -1.096636 -0.089910 0.037243
v -1.147750 -0.130531 0.054069
v -1.211926 -0.166136 0.068817
v -1.284494 -0.195355 0.080920
v -1.363510 -0.217068 0.089914
v -1.445062 -0.230438 0.095452
v -1.525844 -0.234952 0.097322
v -1.602885 -0.230438 0.095452
v -1.673478 -0.217068 0.089914
v -1.735292 -0.195355 0.080920
v -1.785956 -0.166136 0.068817
v -1.824469 -0.130531 0.054069
v -1.851129 -0.089911 0.037244
v -1.866542 -0.045835 0.018987
v -1.063559 -0.048658 0.009679
v -1.096636 -0.095449 0.018986
v -1.147750 -0.138571 0.027564
v -1.211926 -0.176369 0.035083
v -1.284494 -0.207388 0.041253
v -1.363510 -0.230438 0.045838
v -1.445062 -0.244632 0.048661
v -1.525844 -0.249424 0.049614
v -1.602885 -0.244632 0.048661
v -1.673478 -0.230438 0.045838
v -1.735292 -0.207388 0.041253
v -1.785956 -0.176369 0.035083
v -1.824469 -0.138571 0.027564
v -1.851129 -0.095449 0.018987
v -1.866542 -0.048658 0.009680
v -1.063559 -0.049611 -0.000000
v -1.096636 -0.097319 -0.000000
v -1.147750 -0.141286 -0.000000
v -1.211926 -0.179824 -0.000000
v -1.284494 -0.211451 -0.000000
v -1.363510 -0.234953 0.000000
v -1.445062 -0.249424 0.000000
v -1.525844 -0.254311 0.000000
v -1.602885 -0.249424 0.000000
v -1.673478 -0.234953 0.000000
v -1.735292 -0.211451 0.000000
v -1.785956 -0.179824 0.000000
v -1.824469 -0.141286 0.000000
v -1.851129 -0.097319 0.000000
v -1.866542 -0.049611 0.000000
v -1.063559 -0.048658 -0.009679
v -1.096636 -0.095449 -0.018987
v -1.147750 -0.138571 -0.027564
v -1.211926 -0.176369 -0.035083
v -1.284494 -0.207388 -0.041253
v -1.363510 -0.230438 -0.045838
v -1.445062 -0.244632 -0.048661
v -1.525844 -0.249424 -0.049614
v -1.602885 -0.244632 -0.048661
v -1.673478 -0.230438 -0.045837
v -1.735292 -0.207388 -0.041253
v -1.785956 -0.176369 -0.035082
v -1.824469 -0.138571 -0.027564
v -1.851129 -0.095449 -0.018986
v -1.866542 -0.048658 -0.009679
v -1.063559 -0.045834 -0.018987
v -1.096636 -0.089910 -0.037244
v -1.147750 -0.130531 -0.054069
v -1.211926 -0.166136 -0.068817
v -1.284494 -0.195355 -0.080920
v -1.363510 -0.217068 -0.089914
v -1.445063 -0.230438 -0.095452
v -1.525844 -0.234952 -0.097322
v -1.602885 -0.230438 -0.095452
v -1.673478 -0.217068 -0.089913
v -1.735292 -0.195355 -0.080920
v -1.785956 -0.166136 -0.068817
v -1.824469 -0.130531 -0.054069
v -1.851129 -0.089911 -0.037243
v -1.866542 -0.045835 -0.018986
v -1.063559 -0.041250 -0.027564
v -1.096636 -0.080917 -0.054069
v -1.147750 -0.117475 -0.078496
v -1.211926 -0.149518 -0.099907
v -1.284494 -0.175815 -0.117478
v -1.363510 -0.195355 -0.130534
v -1.445063 -0.207388 -0.138574
v -1.525844 -0.211451 -0.141289
v -1.602885 -0.207388 -0.138574
v -1.673478 -0.195355 -0.130534
v -1.735292 -0.175815 -0.117478
v -1.785956 -0.149518 -0.099906
v -1.824469 -0.117475 -0.078496
v -1.851129 -0.080917 -0.054069
v -1.866542 -0.041250 -0.027564
v -1.063559 -0.035079 -0.035083
v -1.096636 -0.068814 -0.068817
v -1.147750 -0.099903 -0.099907
v -1.211926 -0.127154 -0.127157
v -1.284494 -0.149518 -0.149521
v -1.363510 -0.166136 -0.166139
v -1.445062 -0.176369 -0.176372
v -1.525844 -0.179824 -0.179827
v -1.602885 -0.176369 -0.176372
v -1.673478 -0.166136 -0.166139
v -1.735292 -0.149518 -0.149521
v -1.785956 -0.127154 -0.127157
v -1.824469 -0.099904 -0.099906
v -1.851129 -0.068814 -0.068817
v -1.866542 -0.035080 -0.035082
v -1.063559 -0.027561 -0.041253
v -1.096636 -0.054066 -0.080920
v -1.147750 -0.078493 -0.117478
v -1.211926 -0.099904 -0.149521
v -1.284494 -0.117475 -0.175818
v -1.363511 -0.130531 -0.195358
v -1.445062 -0.138571 -0.207391
v -1.525844 -0.141286 -0.211454
v -1.602885 -0.138571 -0.207391
v -1.673478 -0.130531 -0.195358
v -1.735292 -0.117475 -0.175818
v -1.785956 -0.099904 -0.149521
v -1.824469 -0.078493 -0.117478
v -1.851129 -0.054066 -0.080920
v -1.866542 -0.027561 -0.041252
v -1.063559 -0.018983 -0.045838
v -1.096636 -0.037240 -0.089914
v -1.147750 -0.054066 -0.130534
v -1.211926 -0.068814 -0.166139
v -1.284494 -0.080917 -0.195358
v -1.363511 -0.089911 -0.217071
v -1.445062 -0.095449 -0.230441
v -1.525844 -0.097319 -0.234955
v -1.602885 -0.095449 -0.230441
v -1.673478 -0.089911 -0.217071
v -1.735292 -0.080917 -0.195358
v -1.785956 -0.068814 -0.166138
v -1.824469 -0.054066 -0.130534
v -1.851129 -0.037240 -0.089913
v -1.866542 -0.018984 -0.045837
v -1.063559 -0.009676 -0.048661
v -1.096636 -0.018983 -0.095452
v -1.147750 -0.027561 -0.138574
v -1.211926 -0.035079 -0.176372
v -1.284494 -0.041250 -0.207391
v -1.363511 -0.045834 -0.230441
v -1.445062 -0.048658 -0.244635
v -1.525844 -0.049611 -0.249427
v -1.602885 -0.048658 -0.244635
v -1.673478 -0.045835 -0.230441
v -1.735292 -0.041250 -0.207391
v -1.785956 -0.035080 -0.176372
v -1.824469 -0.027561 -0.138574
v -1.851129 -0.018984 -0.095452
v -1.866543 -0.009676 -0.048661
v -1.063559 0.000003 -0.049614
v -1.096636 0.000003 -0.097322
v -1.211926 0.000003 -0.179827
v -1.363511 0.000003 -0.234956
v -1.673478 0.000003 -0.234955
v -1.785956 0.000003 -0.179827
v -1.824469 0.000003 -0.141289
v -1.851129 0.000003 -0.097322
v -1.866543 0.000003 -0.049614
v -0.649137 0.649140 -0.067888
v -0.695598 0.695600 -0.101602
v -0.750152 0.750155 -0.119848
v -0.777599 0.777601 -0.122196
v -0.803774 0.803776 -0.119848
v -0.848760 0.848763 -0.101602
v -0.617244 0.623824 -0.023381
v -0.625320 0.638224 -0.045864
v -0.639772 0.658505 -0.066584
v -0.659022 0.682864 -0.084745
v -0.681582 0.709616 -0.099650
v -0.706870 0.738020 -0.110725
v -0.733619 0.766688 -0.117545
v -0.760742 0.794458 -0.119848
v -0.787241 0.820309 -0.117545
v -0.812185 0.843335 -0.110725
v -0.834744 0.862779 -0.099650
v -0.854054 0.877896 -0.084745
v -0.869694 0.888427 -0.066584
v -0.881666 0.894570 -0.045864
v -0.890065 0.896645 -0.023381
v -0.614082 0.626986 -0.022025
v -0.619117 0.644427 -0.043203
v -0.630767 0.667510 -0.062721
v -0.647561 0.694325 -0.079828
v -0.668104 0.723093 -0.093868
v -0.691895 0.752995 -0.104301
v -0.717722 0.782585 -0.110725
v -0.744533 0.810667 -0.112894
v -0.771343 0.836207 -0.110725
v -0.797209 0.858310 -0.104301
v -0.821267 0.876256 -0.093868
v -0.842593 0.889357 -0.079828
v -0.860689 0.897432 -0.062721
v -0.875463 0.900773 -0.043203
v -0.886903 0.899807 -0.022024
v -0.611168 0.629900 -0.019822
v -0.613401 0.650144 -0.038881
v -0.622468 0.675810 -0.056447
v -0.636998 0.704888 -0.071844
v -0.655683 0.735514 -0.084479
v -0.678094 0.766797 -0.093868
v -0.703070 0.797237 -0.099650
v -0.729594 0.825605 -0.101602
v -0.756692 0.850858 -0.099650
v -0.783408 0.872111 -0.093868
v -0.808846 0.888677 -0.084479
v -0.832030 0.899920 -0.071843
v -0.852389 0.905731 -0.056447
v -0.869746 0.906490 -0.038881
v -0.883989 0.902721 -0.019821
v -0.608613 0.632455 -0.016857
v -0.608390 0.655155 -0.033066
v -0.615193 0.683084 -0.048004
v -0.627739 0.714147 -0.061098
v -0.644796 0.746401 -0.071844
v -0.665997 0.778894 -0.079828
v -0.690228 0.810079 -0.084745
v -0.716501 0.838699 -0.086405
v -0.743850 0.863700 -0.084745
v -0.771311 0.884208 -0.079828
v -0.797959 0.899564 -0.071843
v -0.822771 0.909179 -0.061098
v -0.845115 0.913006 -0.048004
v -0.864736 0.911500 -0.033066
v -0.881434 0.905276 -0.016857
v -0.606517 0.634551 -0.013244
v -0.604278 0.659267 -0.025980
v -0.609223 0.689054 -0.037717
v -0.620141 0.721745 -0.048004
v -0.635862 0.755336 -0.056447
v -0.656069 0.788821 -0.062721
v -0.679689 0.820618 -0.066584
v -0.705755 0.849445 -0.067888
v -0.733311 0.874240 -0.066584
v -0.761384 0.894136 -0.062721
v -0.789025 0.908499 -0.056447
v -0.815173 0.916777 -0.048004
v -0.839145 0.918976 -0.037717
v -0.860623 0.915613 -0.025980
v -0.879338 0.907372 -0.013244
v -0.619908 0.619910 0.000000
v -0.604959 0.636109 -0.009123
v -0.601222 0.662322 -0.017895
v -0.604787 0.693490 -0.025980
v -0.614495 0.727391 -0.033066
v -0.629223 0.761975 -0.038881
v -0.648692 0.796198 -0.043203
v -0.671858 0.828449 -0.045864
v -0.697770 0.857429 -0.046762
v -0.725479 0.882071 -0.045864
v -0.754007 0.901513 -0.043203
v -0.782386 0.915138 -0.038881
v -0.809527 0.922423 -0.033066
v -0.834709 0.923412 -0.025980
v -0.857568 0.918668 -0.017895
v -0.877780 0.908930 -0.009123
v -0.604000 0.637068 -0.004651
v -0.599340 0.664204 -0.009123
v -0.602055 0.696222 -0.013244
v -0.611018 0.730868 -0.016857
v -0.625134 0.766063 -0.019822
v -0.644150 0.800741 -0.022025
v -0.667035 0.833272 -0.023381
v -0.692853 0.862346 -0.023839
v -0.720657 0.886893 -0.023381
v -0.749464 0.906055 -0.022024
v -0.778297 0.919226 -0.019821
v -0.806050 0.925900 -0.016857
v -0.831977 0.926144 -0.013244
v -0.855686 0.920550 -0.009123
v -0.876821 0.909889 -0.004651
v -0.603676 0.637392 0.000000
v -0.598705 0.664839 0.000000
v -0.601133 0.697144 0.000000
v -0.609844 0.732042 0.000000
v -0.623754 0.767444 0.000000
v -0.642616 0.802275 0.000000
v -0.665407 0.834900 0.000000
v -0.691193 0.864006 0.000000
v -0.719029 0.888522 0.000000
v -0.747930 0.907589 0.000000
v -0.776917 0.920606 0.000000
v -0.804876 0.927074 0.000000
v -0.831055 0.927066 0.000000
v -0.855051 0.921185 0.000000
v -0.876497 0.910213 0.000000
v -0.604000 0.637068 0.004651
v -0.599340 0.664204 0.009123
v -0.602055 0.696222 0.013244
v -0.611018 0.730868 0.016857
v -0.625134 0.766063 0.019822
v -0.644150 0.800741 0.022025
v -0.667035 0.833272 0.023381
v -0.692853 0.862346 0.023839
v -0.720657 0.886893 0.023381
v -0.749464 0.906055 0.022025
v -0.778297 0.919226 0.019822
v -0.806050 0.925900 0.016857
v -0.831977 0.926144 0.013245
v -0.855686 0.920550 0.009123
v -0.876821 0.909889 0.004651
v -0.604959 0.636109 0.009123
v -0.601222 0.662322 0.017895
v -0.604787 0.693490 0.025980
v -0.614495 0.727391 0.033066
v -0.629223 0.761975 0.038882
v -0.648692 0.796198 0.043203
v -0.671858 0.828449 0.045864
v -0.697770 0.857429 0.046763
v -0.725479 0.882071 0.045864
v -0.754007 0.901513 0.043203
v -0.782386 0.915138 0.038882
v -0.809527 0.922423 0.033066
v -0.834709 0.923412 0.025980
v -0.857568 0.918668 0.017895
v -0.877780 0.908930 0.009123
v -0.606517 0.634551 0.013244
v -0.604278 0.659267 0.025980
v -0.609223 0.689054 0.037717
v -0.620141 0.721745 0.048004
v -0.635862 0.755336 0.056447
v -0.656069 0.788821 0.062721
v -0.679689 0.820618 0.066584
v -0.705755 0.849444 0.067889
v -0.733311 0.874239 0.066584
v -0.761384 0.894136 0.062721
v -0.789025 0.908499 0.056447
v -0.815173 0.916777 0.048005
v -0.839145 0.918976 0.037717
v -0.860623 0.915613 0.025980
v -0.879338 0.907372 0.013245
v -0.608613 0.632455 0.016857
v -0.608390 0.655154 0.033066
v -0.615193 0.683084 0.048004
v -0.627739 0.714147 0.061098
v -0.644796 0.746401 0.071844
v -0.665997 0.778894 0.079828
v -0.690228 0.810079 0.084745
v -0.716500 0.838699 0.086406
v -0.743850 0.863700 0.084745
v -0.771311 0.884208 0.079829
v -0.797959 0.899564 0.071844
v -0.822771 0.909179 0.061098
v -0.845115 0.913006 0.048005
v -0.864736 0.911500 0.033066
v -0.881434 0.905276 0.016857
v -0.611168 0.629900 0.019822
v -0.613401 0.650144 0.038882
v -0.622468 0.675810 0.056447
v -0.636998 0.704888 0.071844
v -0.655683 0.735514 0.084479
v -0.678094 0.766797 0.093868
v -0.703070 0.797237 0.099650
v -0.729594 0.825605 0.101602
v -0.756692 0.850858 0.099650
v -0.783408 0.872111 0.093868
v -0.808846 0.888677 0.084479
v -0.832030 0.899920 0.071844
v -0.852389 0.905731 0.056447
v -0.869746 0.906490 0.038882
v -0.883989 0.902721 0.019822
v -0.614082 0.626986 0.022025
v -0.619117 0.644427 0.043203
v -0.630767 0.667510 0.062721
v -0.647561 0.694325 0.079828
v -0.668104 0.723093 0.093868
v -0.691895 0.752995 0.104301
v -0.717722 0.782585 0.110725
v -0.744532 0.810667 0.112894
v -0.771343 0.836207 0.110725
v -0.797209 0.858310 0.104301
v -0.821267 0.876256 0.093868
v -0.842593 0.889357 0.079829
v -0.860689 0.897432 0.062721
v -0.875463 0.900773 0.043203
v -0.886903 0.899807 0.022025
v -0.617244 0.623824 0.023381
v -0.625320 0.638224 0.045864
v -0.639772 0.658505 0.066584
v -0.659022 0.682864 0.084745
v -0.681582 0.709616 0.099650
v -0.706870 0.738020 0.110725
v -0.733619 0.766688 0.117545
v -0.760742 0.794458 0.119848
v -0.787241 0.820309 0.117545
v -0.812185 0.843334 0.110725
v -0.834744 0.862779 0.099650
v -0.854054 0.877896 0.084746
v -0.869694 0.888427 0.066584
v -0.881666 0.894570 0.045864
v -0.890065 0.896645 0.023381
v -0.620533 0.620535 0.023839
v -0.631771 0.631773 0.046762
v -0.649137 0.649140 0.067888
v -0.670942 0.670944 0.086406
v -0.695598 0.695600 0.101602
v -0.722444 0.722447 0.112894
v -0.750152 0.750154 0.119848
v -0.777598 0.777601 0.122196
v -0.803774 0.803776 0.119848
v -0.827758 0.827761 0.112894
v -0.848760 0.848763 0.101602
v -0.865974 0.865976 0.086406
v -0.879059 0.879062 0.067889
v -0.888117 0.888119 0.046763
v -0.893354 0.893356 0.023839
v -0.623821 0.617246 0.023381
v -0.638222 0.625322 0.045864
v -0.658503 0.639775 0.066584
v -0.682861 0.659024 0.084745
v -0.709614 0.681584 0.099650
v -0.738018 0.706873 0.110725
v -0.766685 0.733622 0.117545
v -0.794455 0.760744 0.119848
v -0.820307 0.787243 0.117545
v -0.843332 0.812187 0.110725
v -0.862776 0.834747 0.099650
v -0.877893 0.854057 0.084746
v -0.888424 0.869696 0.066584
v -0.894568 0.881669 0.045864
v -0.896642 0.890068 0.023381
v -0.626984 0.614084 0.022025
v -0.644425 0.619119 0.043203
v -0.667508 0.630769 0.062721
v -0.694323 0.647563 0.079828
v -0.723091 0.668107 0.093868
v -0.752993 0.691898 0.104301
v -0.782583 0.717724 0.110725
v -0.810664 0.744535 0.112894
v -0.836205 0.771346 0.110725
v -0.858307 0.797212 0.104301
v -0.876254 0.821269 0.093868
v -0.889355 0.842595 0.079829
v -0.897430 0.860691 0.062721
v -0.900771 0.875466 0.043203
v -0.899805 0.886905 0.022025
v -0.629898 0.611170 0.019822
v -0.650141 0.613403 0.038882
v -0.675807 0.622470 0.056447
v -0.704886 0.637000 0.071844
v -0.735512 0.655686 0.084479
v -0.766794 0.678096 0.093868
v -0.797234 0.703073 0.099650
v -0.825603 0.729596 0.101602
v -0.850856 0.756694 0.099650
v -0.872109 0.783411 0.093868
v -0.888675 0.808849 0.084479
v -0.899918 0.832032 0.071844
v -0.905729 0.852392 0.056447
v -0.906487 0.869749 0.038882
v -0.902719 0.883991 0.019822
v -0.632452 0.608615 0.016857
v -0.655152 0.608392 0.033066
v -0.683082 0.615195 0.048004
v -0.714145 0.627741 0.061098
v -0.746399 0.644799 0.071844
v -0.778891 0.665999 0.079828
v -0.810076 0.690231 0.084745
v -0.838696 0.716503 0.086406
v -0.863698 0.743852 0.084745
v -0.884206 0.771314 0.079829
v -0.899562 0.797962 0.071844
v -0.909177 0.822773 0.061098
v -0.913003 0.845117 0.048005
v -0.911498 0.864738 0.033066
v -0.905273 0.881437 0.016857
v -0.895032 0.895035 0.000000
v -0.634549 0.606519 0.013244
v -0.659264 0.604280 0.025980
v -0.689052 0.609226 0.037717
v -0.721743 0.620143 0.048004
v -0.755333 0.635864 0.056447
v -0.788819 0.656072 0.062721
v -0.820615 0.679691 0.066584
v -0.849442 0.705757 0.067888
v -0.874237 0.733313 0.066584
v -0.894133 0.761386 0.062721
v -0.908496 0.789027 0.056447
v -0.916775 0.815175 0.048005
v -0.918973 0.839147 0.037717
v -0.915610 0.860626 0.025980
v -0.907370 0.879340 0.013245
v -0.636106 0.604961 0.009123
v -0.662320 0.601224 0.017895
v -0.693488 0.604789 0.025980
v -0.727389 0.614497 0.033066
v -0.761972 0.629225 0.038882
v -0.796196 0.648695 0.043203
v -0.828447 0.671860 0.045864
v -0.857427 0.697773 0.046762
v -0.882068 0.725482 0.045864
v -0.901510 0.754009 0.043203
v -0.915135 0.782388 0.038882
v -0.922421 0.809529 0.033066
v -0.923409 0.834711 0.025980
v -0.918666 0.857570 0.017895
v -0.908928 0.877782 0.009123
v -0.637066 0.604002 0.004651
v -0.664202 0.599343 0.009123
v -0.696219 0.602058 0.013244
v -0.730866 0.611020 0.016857
v -0.766061 0.625137 0.019822
v -0.800739 0.644152 0.022025
v -0.833269 0.667038 0.023381
v -0.862344 0.692856 0.023839
v -0.886891 0.720659 0.023381
v -0.906053 0.749466 0.022025
v -0.919224 0.778300 0.019822
v -0.925898 0.806052 0.016857
v -0.926141 0.831980 0.013245
v -0.920548 0.855689 0.009123
v -0.909887 0.876823 0.004651
v -0.637390 0.603678 0.000000
v -0.664837 0.598707 0.000000
v -0.697142 0.601135 0.000000
v -0.732040 0.609846 0.000000
v -0.767441 0.623756 0.000000
v -0.802272 0.642618 0.000000
v -0.834897 0.665409 0.000000
v -0.864004 0.691195 0.000000
v -0.888519 0.719031 0.000000
v -0.907587 0.747932 0.000000
v -0.920604 0.776919 0.000000
v -0.927072 0.804878 0.000000
v -0.927064 0.831057 0.000000
v -0.921183 0.855053 0.000000
v -0.910211 0.876499 0.000000
v -0.637066 0.604002 -0.004651
v -0.664202 0.599343 -0.009123
v -0.696219 0.602058 -0.013244
v -0.730866 0.611020 -0.016857
v -0.766061 0.625137 -0.019822
v -0.800739 0.644152 -0.022024
v -0.833269 0.667038 -0.023381
v -0.862344 0.692856 -0.023839
v -0.886891 0.720659 -0.023381
v -0.906053 0.749466 -0.022024
v -0.919224 0.778300 -0.019821
v -0.925898 0.806052 -0.016857
v -0.926141 0.831980 -0.013244
v -0.920548 0.855689 -0.009123
v -0.909887 0.876823 -0.004651
v -0.636106 0.604961 -0.009123
v -0.662320 0.601224 -0.017895
v -0.693488 0.604789 -0.025980
v -0.727389 0.614497 -0.033066
v -0.761972 0.629225 -0.038881
v -0.796196 0.648695 -0.043203
v -0.828447 0.671860 -0.045864
v -0.857427 0.697773 -0.046762
v -0.882069 0.725482 -0.045864
v -0.901510 0.754009 -0.043203
v -0.915135 0.782388 -0.038881
v -0.922421 0.809529 -0.033066
v -0.923409 0.834711 -0.025980
v -0.918666 0.857570 -0.017895
v -0.908928 0.877782 -0.009123
v -0.634549 0.606519 -0.013244
v -0.659264 0.604280 -0.025980
v -0.689052 0.609226 -0.037717
v -0.721743 0.620143 -0.048004
v -0.755333 0.635864 -0.056447
v -0.788819 0.656072 -0.062721
v -0.820615 0.679691 -0.066584
v -0.849442 0.705757 -0.067888
v -0.874237 0.733313 -0.066584
v -0.894133 0.761386 -0.062721
v -0.908496 0.789027 -0.056447
v -0.916775 0.815175 -0.048004
v -0.918973 0.839147 -0.037717
v -0.915610 0.860626 -0.025980
v -0.907370 0.879340 -0.013244
v -0.632452 0.608615 -0.016857
v -0.655152 0.608392 -0.033066
v -0.683082 0.615196 -0.048004
v -0.714145 0.627741 -0.061098
v -0.746399 0.644799 -0.071844
v -0.778891 0.665999 -0.079828
v -0.810076 0.690231 -0.084745
v -0.838696 0.716503 -0.086405
v -0.863698 0.743852 -0.084745
v -0.884206 0.771314 -0.079828
v -0.899561 0.797962 -0.071843
v -0.909177 0.822773 -0.061098
v -0.913003 0.845117 -0.048004
v -0.911498 0.864738 -0.033066
v -0.905273 0.881437 -0.016857
v -0.629898 0.611170 -0.019822
v -0.650142 0.613403 -0.038881
v -0.675807 0.622470 -0.056447
v -0.704886 0.637000 -0.071844
v -0.735512 0.655686 -0.084479
v -0.766794 0.678096 -0.093868
v -0.797234 0.703073 -0.099650
v -0.825603 0.729597 -0.101602
v -0.850856 0.756694 -0.099650
v -0.872109 0.783411 -0.093868
v -0.888675 0.808849 -0.084479
v -0.899918 0.832032 -0.071843
v -0.905729 0.852392 -0.056447
v -0.906487 0.869749 -0.038881
v -0.902719 0.883991 -0.019821
v -0.626984 0.614084 -0.022025
v -0.644425 0.619120 -0.043203
v -0.667508 0.630769 -0.062721
v -0.694323 0.647563 -0.079828
v -0.723091 0.668107 -0.093868
v -0.752993 0.691898 -0.104301
v -0.782583 0.717724 -0.110725
v -0.810664 0.744535 -0.112894
v -0.836205 0.771346 -0.110725
v -0.858307 0.797212 -0.104301
v -0.876254 0.821270 -0.093868
v -0.889355 0.842595 -0.079828
v -0.897430 0.860691 -0.062720
v -0.900771 0.875466 -0.043203
v -0.899805 0.886905 -0.022024
v -0.623821 0.617246 -0.023381
v -0.638222 0.625323 -0.045864
v -0.658503 0.639775 -0.066584
v -0.682861 0.659024 -0.084745
v -0.709614 0.681584 -0.099650
v -0.738018 0.706873 -0.110725
v -0.766685 0.733622 -0.117545
v -0.794455 0.760744 -0.119848
v -0.820307 0.787243 -0.117545
v -0.843332 0.812187 -0.110725
v -0.862776 0.834747 -0.099650
v -0.877894 0.854057 -0.084745
v -0.888424 0.869696 -0.066584
v -0.894568 0.881669 -0.045864
v -0.896642 0.890068 -0.023381
v -0.620533 0.620535 -0.023839
v -0.631771 0.631773 -0.046762
v -0.670942 0.670944 -0.086406
v -0.722444 0.722447 -0.112894
v -0.827758 0.827761 -0.112894
v -0.865974 0.865976 -0.086405
v -0.879059 0.879062 -0.067888
v -0.888117 0.888119 -0.046762
v -0.893354 0.893356 -0.023839
v 0.649139 0.649140 -0.067888
v 0.695599 0.695600 -0.101602
v 0.750154 0.750155 -0.119848
v 0.777600 0.777601 -0.122196
v 0.803776 0.803776 -0.119848
v 0.848762 0.848763 -0.101602
v 0.617246 0.623824 -0.023381
v 0.625322 0.638224 -0.045864
v 0.639774 0.658505 -0.066584
v 0.659024 0.682864 -0.084745
v 0.681583 0.709616 -0.099650
v 0.706872 0.738020 -0.110725
v 0.733621 0.766687 -0.117545
v 0.760743 0.794458 -0.119848
v 0.787243 0.820309 -0.117545
v 0.812186 0.843334 -0.110725
v 0.834746 0.862779 -0.099650
v 0.854056 0.877896 -0.084745
v 0.869695 0.888427 -0.066584
v 0.881668 0.894570 -0.045864
v 0.890067 0.896645 -0.023381
v 0.614084 0.626986 -0.022025
v 0.619119 0.644427 -0.043203
v 0.630769 0.667510 -0.062721
v 0.647562 0.694325 -0.079828
v 0.668106 0.723093 -0.093868
v 0.691897 0.752995 -0.104301
v 0.717723 0.782585 -0.110725
v 0.744534 0.810667 -0.112894
v 0.771345 0.836207 -0.110725
v 0.797211 0.858310 -0.104301
v 0.821269 0.876256 -0.093868
v 0.842594 0.889357 -0.079828
v 0.860690 0.897432 -0.062721
v 0.875465 0.900773 -0.043203
v 0.886905 0.899807 -0.022024
v 0.611169 0.629900 -0.019822
v 0.613402 0.650144 -0.038881
v 0.622469 0.675810 -0.056447
v 0.636999 0.704888 -0.071844
v 0.655685 0.735514 -0.084479
v 0.678095 0.766797 -0.093868
v 0.703072 0.797236 -0.099650
v 0.729596 0.825605 -0.101602
v 0.756694 0.850858 -0.099650
v 0.783410 0.872111 -0.093868
v 0.808848 0.888677 -0.084479
v 0.832031 0.899920 -0.071843
v 0.852391 0.905731 -0.056447
v 0.869748 0.906490 -0.038881
v 0.883990 0.902721 -0.019821
v 0.608615 0.632455 -0.016857
v 0.608391 0.655155 -0.033066
v 0.615195 0.683084 -0.048004
v 0.627741 0.714147 -0.061098
v 0.644798 0.746401 -0.071844
v 0.665999 0.778894 -0.079828
v 0.690230 0.810079 -0.084745
v 0.716502 0.838699 -0.086405
v 0.743852 0.863700 -0.084745
v 0.771313 0.884208 -0.079828
v 0.797961 0.899564 -0.071843
v 0.822773 0.909179 -0.061098
v 0.845116 0.913006 -0.048004
v 0.864737 0.911500 -0.033066
v 0.881436 0.905276 -0.016857
v 0.606518 0.634551 -0.013244
v 0.604279 0.659267 -0.025980
v 0.609225 0.689054 -0.037717
v 0.620142 0.721745 -0.048004
v 0.635863 0.755336 -0.056447
v 0.656071 0.788821 -0.062721
v 0.679691 0.820618 -0.066584
v 0.705756 0.849444 -0.067888
v 0.733312 0.874240 -0.066584
v 0.761385 0.894136 -0.062721
v 0.789026 0.908499 -0.056447
v 0.815174 0.916777 -0.048004
v 0.839146 0.918976 -0.037717
v 0.860625 0.915613 -0.025980
v 0.879339 0.907372 -0.013244
v 0.619909 0.619910 0.000000
v 0.604961 0.636109 -0.009123
v 0.601224 0.662322 -0.017895
v 0.604789 0.693490 -0.025980
v 0.614496 0.727391 -0.033066
v 0.629224 0.761975 -0.038881
v 0.648694 0.796198 -0.043203
v 0.671859 0.828449 -0.045864
v 0.697772 0.857429 -0.046762
v 0.725481 0.882071 -0.045864
v 0.754008 0.901512 -0.043203
v 0.782387 0.915138 -0.038881
v 0.809528 0.922423 -0.033066
v 0.834710 0.923412 -0.025980
v 0.857569 0.918668 -0.017895
v 0.877782 0.908930 -0.009123
v 0.604001 0.637068 -0.004651
v 0.599342 0.664204 -0.009123
v 0.602057 0.696222 -0.013244
v 0.611019 0.730868 -0.016857
v 0.625136 0.766063 -0.019822
v 0.644151 0.800741 -0.022025
v 0.667037 0.833271 -0.023381
v 0.692855 0.862346 -0.023839
v 0.720659 0.886893 -0.023381
v 0.749465 0.906055 -0.022024
v 0.778299 0.919226 -0.019821
v 0.806051 0.925900 -0.016857
v 0.831979 0.926143 -0.013244
v 0.855688 0.920550 -0.009123
v 0.876822 0.909889 -0.004651
v 0.603677 0.637392 0.000000
v 0.598707 0.664839 0.000000
v 0.601135 0.697144 0.000000
v 0.609845 0.732042 0.000000
v 0.623756 0.767443 0.000000
v 0.642617 0.802275 0.000000
v 0.665408 0.834900 0.000000
v 0.691194 0.864006 0.000000
v 0.719030 0.888522 0.000000
v 0.747932 0.907589 0.000000
v 0.776918 0.920606 0.000000
v 0.804877 0.927074 0.000000
v 0.831056 0.927066 0.000000
v 0.855052 0.921185 0.000000
v 0.876498 0.910213 0.000000
v 0.604001 0.637068 0.004651
v 0.599342 0.664204 0.009123
v 0.602057 0.696222 0.013244
v 0.611019 0.730868 0.016857
v 0.625136 0.766063 0.019822
v 0.644151 0.800741 0.022025
v 0.667037 0.833271 0.023381
v 0.692855 0.862346 0.023839
v 0.720659 0.886893 0.023381
v 0.749465 0.906055 0.022025
v 0.778299 0.919226 0.019822
v 0.806051 0.925900 0.016857
v 0.831979 0.926143 0.013245
v 0.855688 0.920550 0.009123
v 0.876822 0.909889 0.004651
v 0.604961 0.636109 0.009123
v 0.601224 0.662322 0.017895
v 0.604789 0.693490 0.025980
v 0.614496 0.727391 0.033066
v 0.629224 0.761975 0.038882
v 0.648694 0.796198 0.043203
v 0.671859 0.828449 0.045864
v 0.697772 0.857429 0.046763
v 0.725481 0.882071 0.045864
v 0.754008 0.901512 0.043203
v 0.782387 0.915138 0.038882
v 0.809528 0.922423 0.033066
v 0.834710 0.923412 0.025980
v 0.857569 0.918668 0.017895
v 0.877782 0.908930 0.009123
v 0.606518 0.634551 0.013244
v 0.604279 0.659267 0.025980
v 0.609225 0.689054 0.037717
v 0.620142 0.721745 0.048004
v 0.635863 0.755336 0.056447
v 0.656071 0.788821 0.062721
v 0.679691 0.820617 0.066584
v 0.705756 0.849444 0.067889
v 0.733312 0.874239 0.066584
v 0.761385 0.894136 0.062721
v 0.789026 0.908499 0.056447
v 0.815174 0.916777 0.048005
v 0.839146 0.918976 0.037717
v 0.860625 0.915613 0.025980
v 0.879339 0.907372 0.013245
v 0.608615 0.632455 0.016857
v 0.608391 0.655154 0.033066
v 0.615195 0.683084 0.048004
v 0.627741 0.714147 0.061098
v 0.644798 0.746401 0.071844
v 0.665999 0.778894 0.079828
v 0.690230 0.810078 0.084745
v 0.716502 0.838699 0.086406
v 0.743851 0.863700 0.084745
v 0.771313 0.884208 0.079829
v 0.797961 0.899564 0.071844
v 0.822772 0.909179 0.061098
v 0.845116 0.913006 0.048005
v 0.864737 0.911500 0.033066
v 0.881436 0.905276 0.016857
v 0.611169 0.629900 0.019822
v 0.613402 0.650144 0.038882
v 0.622469 0.675810 0.056447
v 0.636999 0.704888 0.071844
v 0.655685 0.735514 0.084479
v 0.678095 0.766797 0.093868
v 0.703072 0.797236 0.099650
v 0.729596 0.825605 0.101602
v 0.756693 0.850858 0.099650
v 0.783410 0.872111 0.093868
v 0.808848 0.888677 0.084479
v 0.832031 0.899920 0.071844
v 0.852391 0.905731 0.056447
v 0.869748 0.906490 0.038882
v 0.883990 0.902721 0.019822
v 0.614084 0.626986 0.022025
v 0.619119 0.644427 0.043203
v 0.630768 0.667510 0.062721
v 0.647562 0.694325 0.079828
v 0.668106 0.723093 0.093868
v 0.691897 0.752995 0.104301
v 0.717723 0.782585 0.110725
v 0.744534 0.810667 0.112894
v 0.771345 0.836207 0.110725
v 0.797211 0.858310 0.104301
v 0.821268 0.876256 0.093868
v 0.842594 0.889357 0.079829
v 0.860690 0.897432 0.062721
v 0.875465 0.900773 0.043203
v 0.886904 0.899807 0.022025
v 0.617246 0.623824 0.023381
v 0.625322 0.638224 0.045864
v 0.639774 0.658505 0.066584
v 0.659024 0.682864 0.084745
v 0.681583 0.709616 0.099650
v 0.706872 0.738020 0.110725
v 0.733621 0.766687 0.117545
v 0.760743 0.794457 0.119848
v 0.787242 0.820309 0.117545
v 0.812186 0.843334 0.110725
v 0.834746 0.862779 0.099650
v 0.854056 0.877896 0.084746
v 0.869695 0.888427 0.066584
v 0.881668 0.894570 0.045864
v 0.890067 0.896645 0.023381
v 0.620534 0.620535 0.023839
v 0.631773 0.631773 0.046762
v 0.649139 0.649140 0.067888
v 0.670943 0.670944 0.086406
v 0.695599 0.695600 0.101602
v 0.722446 0.722446 0.112894
v 0.750154 0.750154 0.119848
v 0.777600 0.777601 0.122196
v 0.803775 0.803776 0.119848
v 0.827760 0.827761 0.112894
v 0.848762 0.848763 0.101602
v 0.865975 0.865976 0.086406
v 0.879061 0.879061 0.067889
v 0.888119 0.888119 0.046763
v 0.893355 0.893356 0.023839
v 0.623823 0.617246 0.023381
v 0.638223 0.625322 0.045864
v 0.658504 0.639775 0.066584
v 0.682863 0.659024 0.084745
v 0.709615 0.681584 0.099650
v 0.738019 0.706873 0.110725
v 0.766687 0.733621 0.117545
v 0.794457 0.760744 0.119848
v 0.820308 0.787243 0.117545
v 0.843334 0.812187 0.110725
v 0.862778 0.834747 0.099650
v 0.877895 0.854057 0.084746
v 0.888426 0.869696 0.066584
v 0.894569 0.881668 0.045864
v 0.896644 0.890068 0.023381
v 0.626985 0.614084 0.022025
v 0.644426 0.619120 0.043203
v 0.667509 0.630769 0.062721
v 0.694324 0.647563 0.079828
v 0.723092 0.668106 0.093868
v 0.752995 0.691897 0.104301
v 0.782584 0.717724 0.110725
v 0.810666 0.744535 0.112894
v 0.836206 0.771346 0.110725
v 0.858309 0.797212 0.104301
v 0.876255 0.821269 0.093868
v 0.889356 0.842595 0.079829
v 0.897431 0.860691 0.062721
v 0.900772 0.875465 0.043203
v 0.899806 0.886905 0.022025
v 0.629900 0.611170 0.019822
v 0.650143 0.613403 0.038882
v 0.675809 0.622470 0.056447
v 0.704888 0.637000 0.071844
v 0.735513 0.655686 0.084479
v 0.766796 0.678096 0.093868
v 0.797236 0.703072 0.099650
v 0.825604 0.729596 0.101602
v 0.850857 0.756694 0.099650
v 0.872110 0.783410 0.093868
v 0.888676 0.808849 0.084479
v 0.899919 0.832032 0.071844
v 0.905730 0.852392 0.056447
v 0.906489 0.869749 0.038882
v 0.902720 0.883991 0.019822
v 0.632454 0.608615 0.016857
v 0.655154 0.608392 0.033066
v 0.683083 0.615195 0.048004
v 0.714146 0.627741 0.061098
v 0.746400 0.644799 0.071844
v 0.778893 0.665999 0.079828
v 0.810078 0.690230 0.084745
v 0.838698 0.716503 0.086406
v 0.863699 0.743852 0.084745
v 0.884207 0.771314 0.079829
v 0.899563 0.797962 0.071844
v 0.909178 0.822773 0.061098
v 0.913005 0.845117 0.048005
v 0.911500 0.864738 0.033066
v 0.905275 0.881437 0.016857
v 0.895034 0.895035 0.000000
v 0.634550 0.606519 0.013244
v 0.659266 0.604280 0.025980
v 0.689053 0.609226 0.037717
v 0.721744 0.620143 0.048004
v 0.755335 0.635864 0.056447
v 0.788820 0.656072 0.062721
v 0.820617 0.679691 0.066584
v 0.849443 0.705757 0.067888
v 0.874239 0.733313 0.066584
v 0.894135 0.761386 0.062721
v 0.908498 0.789027 0.056447
v 0.916776 0.815175 0.048005
v 0.918975 0.839147 0.037717
v 0.915612 0.860626 0.025980
v 0.907371 0.879340 0.013245
v 0.636108 0.604961 0.009123
v 0.662322 0.601224 0.017895
v 0.693489 0.604789 0.025980
v 0.727391 0.614497 0.033066
v 0.761974 0.629225 0.038882
v 0.796197 0.648695 0.043203
v 0.828448 0.671860 0.045864
v 0.857428 0.697772 0.046762
v 0.882070 0.725482 0.045864
v 0.901512 0.754009 0.043203
v 0.915137 0.782388 0.038882
v 0.922422 0.809529 0.033066
v 0.923411 0.834711 0.025980
v 0.918667 0.857570 0.017895
v 0.908929 0.877782 0.009123
v 0.637067 0.604002 0.004651
v 0.664203 0.599343 0.009123
v 0.696221 0.602058 0.013244
v 0.730867 0.611020 0.016857
v 0.766062 0.625137 0.019822
v 0.800740 0.644152 0.022025
v 0.833271 0.667037 0.023381
v 0.862345 0.692855 0.023839
v 0.886892 0.720659 0.023381
v 0.906054 0.749466 0.022025
v 0.919225 0.778300 0.019822
v 0.925899 0.806052 0.016857
v 0.926143 0.831980 0.013245
v 0.920549 0.855689 0.009123
v 0.909888 0.876823 0.004651
v 0.637391 0.603678 0.000000
v 0.664839 0.598707 0.000000
v 0.697143 0.601135 0.000000
v 0.732041 0.609846 0.000000
v 0.767443 0.623756 0.000000
v 0.802274 0.642618 0.000000
v 0.834899 0.665409 0.000000
v 0.864006 0.691195 0.000000
v 0.888521 0.719031 0.000000
v 0.907588 0.747932 0.000000
v 0.920606 0.776919 0.000000
v 0.927073 0.804878 0.000000
v 0.927065 0.831057 0.000000
v 0.921184 0.855053 0.000000
v 0.910212 0.876499 0.000000
v 0.637067 0.604002 -0.004651
v 0.664203 0.599343 -0.009123
v 0.696221 0.602058 -0.013244
v 0.730867 0.611020 -0.016857
v 0.766062 0.625137 -0.019822
v 0.800740 0.644152 -0.022024
v 0.833271 0.667037 -0.023381
v 0.862345 0.692855 -0.023839
v 0.886892 0.720659 -0.023381
v 0.906054 0.749466 -0.022024
v 0.919225 0.778300 -0.019821
v 0.925899 0.806052 -0.016857
v 0.926143 0.831980 -0.013244
v 0.920549 0.855689 -0.009123
v 0.909888 0.876823 -0.004651
v 0.636108 0.604961 -0.009123
v 0.662322 0.601224 -0.017895
v 0.693489 0.604789 -0.025980
v 0.727391 0.614497 -0.033066
v 0.761974 0.629225 -0.038881
v 0.796197 0.648695 -0.043203
v 0.828448 0.671860 -0.045864
v 0.857428 0.697772 -0.046762
v 0.882070 0.725482 -0.045864
v 0.901512 0.754009 -0.043203
v 0.915137 0.782388 -0.038881
v 0.922422 0.809529 -0.033066
v 0.923411 0.834711 -0.025980
v 0.918667 0.857570 -0.017895
v 0.908929 0.877782 -0.009123
v 0.634550 0.606519 -0.013244
v 0.659266 0.604280 -0.025980
v 0.689053 0.609226 -0.037717
v 0.721745 0.620143 -0.048004
v 0.755335 0.635864 -0.056447
v 0.788820 0.656072 -0.062721
v 0.820617 0.679691 -0.066584
v 0.849443 0.705757 -0.067888
v 0.874239 0.733313 -0.066584
v 0.894135 0.761386 -0.062721
v 0.908498 0.789027 -0.056447
v 0.916776 0.815175 -0.048004
v 0.918975 0.839147 -0.037717
v 0.915612 0.860626 -0.025980
v 0.907371 0.879340 -0.013244
v 0.632454 0.608616 -0.016857
v 0.655154 0.608392 -0.033066
v 0.683083 0.615196 -0.048004
v 0.714146 0.627741 -0.061098
v 0.746400 0.644799 -0.071844
v 0.778893 0.665999 -0.079828
v 0.810078 0.690231 -0.084745
v 0.838698 0.716503 -0.086405
v 0.863699 0.743852 -0.084745
v 0.884207 0.771314 -0.079828
v 0.899563 0.797962 -0.071843
v 0.909178 0.822773 -0.061098
v 0.913005 0.845117 -0.048004
v 0.911500 0.864738 -0.033066
v 0.905275 0.881437 -0.016857
v 0.629900 0.611170 -0.019822
v 0.650143 0.613403 -0.038881
v 0.675809 0.622470 -0.056447
v 0.704888 0.637000 -0.071844
v 0.735513 0.655686 -0.084479
v 0.766796 0.678096 -0.093868
v 0.797236 0.703073 -0.099650
v 0.825604 0.729597 -0.101602
v 0.850857 0.756694 -0.099650
v 0.872110 0.783411 -0.093868
v 0.888676 0.808849 -0.084479
v 0.899919 0.832032 -0.071843
v 0.905730 0.852392 -0.056447
v 0.906489 0.869749 -0.038881
v 0.902720 0.883991 -0.019821
v 0.626985 0.614084 -0.022025
v 0.644426 0.619120 -0.043203
v 0.667509 0.630769 -0.062721
v 0.694325 0.647563 -0.079828
v 0.723092 0.668107 -0.093868
v 0.752995 0.691897 -0.104301
v 0.782584 0.717724 -0.110725
v 0.810666 0.744535 -0.112894
v 0.836206 0.771346 -0.110725
v 0.858309 0.797212 -0.104301
v 0.876255 0.821269 -0.093868
v 0.889356 0.842595 -0.079828
v 0.897431 0.860691 -0.062720
v 0.900772 0.875465 -0.043203
v 0.899806 0.886905 -0.022024
v 0.623823 0.617247 -0.023381
v 0.638224 0.625323 -0.045864
v 0.658504 0.639775 -0.066584
v 0.682863 0.659025 -0.084745
v 0.709615 0.681584 -0.099650
v 0.738019 0.706873 -0.110725
v 0.766687 0.733621 -0.117545
v 0.794457 0.760744 -0.119848
v 0.820308 0.787243 -0.117545
v 0.843334 0.812187 -0.110725
v 0.862778 0.834747 -0.099650
v 0.877895 0.854057 -0.084745
v 0.888426 0.869696 -0.066584
v 0.894569 0.881668 -0.045864
v 0.896644 0.890068 -0.023381
v 0.620534 0.620535 -0.023839
v 0.631773 0.631773 -0.046762
v 0.670943 0.670944 -0.086406
v 0.722446 0.722446 -0.112894
v 0.827760 0.827761 -0.112894
v 0.865975 0.865976 -0.086405
v 0.879061 0.879062 -0.067888
v 0.888119 0.888119 -0.046762
v 0.893355 0.893356 -0.023839
v -0.649137 -0.649141 -0.067888
v -0.695598 -0.695602 -0.101602
v -0.750152 -0.750156 -0.119848
v -0.777598 -0.777602 -0.122196
v -0.803774 -0.803778 -0.119848
v -0.848760 -0.848764 -0.101602
v -0.617244 -0.623825 -0.023381
v -0.625320 -0.638226 -0.045864
v -0.639772 -0.658507 -0.066584
v -0.659022 -0.682865 -0.084745
v -0.681582 -0.709617 -0.099650
v -0.706870 -0.738022 -0.110725
v -0.733619 -0.766689 -0.117545
v -0.760742 -0.794459 -0.119848
v -0.787241 -0.820311 -0.117545
v -0.812185 -0.843336 -0.110725
v -0.834744 -0.862780 -0.099650
v -0.854054 -0.877897 -0.084745
v -0.869694 -0.888428 -0.066584
v -0.881666 -0.894572 -0.045864
v -0.890065 -0.896646 -0.023381
v -0.614082 -0.626988 -0.022025
v -0.619117 -0.644429 -0.043203
v -0.630767 -0.667512 -0.062721
v -0.647561 -0.694327 -0.079828
v -0.668104 -0.723095 -0.093868
v -0.691895 -0.752997 -0.104301
v -0.717722 -0.782587 -0.110725
v -0.744532 -0.810668 -0.112894
v -0.771343 -0.836209 -0.110725
v -0.797209 -0.858311 -0.104301
v -0.821267 -0.876258 -0.093868
v -0.842593 -0.889359 -0.079828
v -0.860689 -0.897434 -0.062720
v -0.875463 -0.900775 -0.043203
v -0.886903 -0.899809 -0.022024
v -0.611168 -0.629902 -0.019822
v -0.613401 -0.650145 -0.038881
v -0.622468 -0.675811 -0.056447
v -0.636998 -0.704890 -0.071844
v -0.655683 -0.735516 -0.084479
v -0.678094 -0.766798 -0.093868
v -0.703070 -0.797238 -0.099650
v -0.729594 -0.825607 -0.101602
v -0.756692 -0.850860 -0.099650
v -0.783408 -0.872113 -0.093868
v -0.808846 -0.888679 -0.084479
v -0.832030 -0.899922 -0.071843
v -0.852389 -0.905733 -0.056447
v -0.869746 -0.906491 -0.038881
v -0.883989 -0.902723 -0.019821
v -0.608613 -0.632456 -0.016857
v -0.608390 -0.655156 -0.033066
v -0.615193 -0.683086 -0.048004
v -0.627739 -0.714148 -0.061098
v -0.644796 -0.746403 -0.071844
v -0.665997 -0.778895 -0.079828
v -0.690228 -0.810080 -0.084745
v -0.716500 -0.838700 -0.086405
v -0.743850 -0.863702 -0.084745
v -0.771311 -0.884210 -0.079828
v -0.797959 -0.899565 -0.071843
v -0.822771 -0.909181 -0.061098
v -0.845115 -0.913007 -0.048004
v -0.864736 -0.911502 -0.033066
v -0.881434 -0.905277 -0.016857
v -0.606517 -0.634553 -0.013244
v -0.604278 -0.659268 -0.025980
v -0.609223 -0.689056 -0.037717
v -0.620141 -0.721747 -0.048004
v -0.635862 -0.755337 -0.056447
v -0.656069 -0.788823 -0.062721
v -0.679689 -0.820619 -0.066584
v -0.705755 -0.849446 -0.067888
v -0.733311 -0.874241 -0.066584
v -0.761384 -0.894137 -0.062721
v -0.789025 -0.908500 -0.056447
v -0.815173 -0.916779 -0.048004
v -0.839145 -0.918977 -0.037717
v -0.860623 -0.915614 -0.025980
v -0.879338 -0.907374 -0.013244
v -0.619907 -0.619911 0.000000
v -0.604959 -0.636110 -0.009123
v -0.601222 -0.662324 -0.017895
v -0.604787 -0.693492 -0.025980
v -0.614495 -0.727393 -0.033066
v -0.629223 -0.761976 -0.038881
v -0.648692 -0.796200 -0.043203
v -0.671858 -0.828451 -0.045864
v -0.697770 -0.857431 -0.046762
v -0.725479 -0.882073 -0.045864
v -0.754007 -0.901514 -0.043203
v -0.782385 -0.915139 -0.038881
v -0.809527 -0.922425 -0.033066
v -0.834709 -0.923413 -0.025980
v -0.857568 -0.918670 -0.017895
v -0.877780 -0.908932 -0.009123
v -0.604000 -0.637070 -0.004651
v -0.599340 -0.664206 -0.009123
v -0.602055 -0.696223 -0.013244
v -0.611018 -0.730870 -0.016857
v -0.625134 -0.766065 -0.019822
v -0.644150 -0.800743 -0.022025
v -0.667035 -0.833273 -0.023381
v -0.692853 -0.862348 -0.023839
v -0.720657 -0.886895 -0.023381
v -0.749464 -0.906057 -0.022024
v -0.778297 -0.919228 -0.019821
v -0.806050 -0.925902 -0.016857
v -0.831977 -0.926145 -0.013244
v -0.855686 -0.920552 -0.009123
v -0.876821 -0.909891 -0.004651
v -0.603676 -0.637394 0.000000
v -0.598705 -0.664841 0.000000
v -0.601133 -0.697146 0.000000
v -0.609844 -0.732044 0.000000
v -0.623754 -0.767445 0.000000
v -0.642616 -0.802276 0.000000
v -0.665407 -0.834902 0.000000
v -0.691193 -0.864008 0.000000
v -0.719029 -0.888523 0.000000
v -0.747930 -0.907591 0.000000
v -0.776917 -0.920608 0.000000
v -0.804876 -0.927076 0.000000
v -0.831055 -0.927067 0.000000
v -0.855051 -0.921187 0.000000
v -0.876497 -0.910215 0.000000
v -0.604000 -0.637070 0.004651
v -0.599340 -0.664206 0.009123
v -0.602055 -0.696223 0.013244
v -0.611018 -0.730870 0.016857
v -0.625134 -0.766065 0.019822
v -0.644150 -0.800743 0.022025
v -0.667035 -0.833273 0.023381
v -0.692853 -0.862348 0.023839
v -0.720657 -0.886895 0.023381
v -0.749464 -0.906057 0.022025
v -0.778297 -0.919228 0.019822
v -0.806050 -0.925902 0.016857
v -0.831977 -0.926145 0.013245
v -0.855686 -0.920552 0.009123
v -0.876821 -0.909891 0.004651
v -0.604959 -0.636110 0.009123
v -0.601222 -0.662324 0.017895
v -0.604787 -0.693492 0.025980
v -0.614495 -0.727393 0.033066
v -0.629223 -0.761976 0.038882
v -0.648692 -0.796200 0.043203
v -0.671858 -0.828451 0.045864
v -0.697770 -0.857431 0.046763
v -0.725479 -0.882072 0.045864
v -0.754007 -0.901514 0.043203
v -0.782385 -0.915139 0.038882
v -0.809527 -0.922425 0.033066
v -0.834709 -0.923413 0.025980
v -0.857568 -0.918670 0.017895
v -0.877780 -0.908932 0.009123
v -0.606517 -0.634553 0.013244
v -0.604278 -0.659268 0.025980
v -0.609223 -0.689055 0.037717
v -0.620141 -0.721747 0.048004
v -0.635862 -0.755337 0.056447
v -0.656069 -0.788823 0.062721
v -0.679689 -0.820619 0.066584
v -0.705755 -0.849446 0.067889
v -0.733311 -0.874241 0.066584
v -0.761383 -0.894137 0.062721
v -0.789025 -0.908500 0.056447
v -0.815172 -0.916779 0.048005
v -0.839145 -0.918977 0.037717
v -0.860623 -0.915614 0.025980
v -0.879338 -0.907374 0.013245
v -0.608613 -0.632456 0.016857
v -0.608390 -0.655156 0.033066
v -0.615193 -0.683086 0.048004
v -0.627739 -0.714148 0.061098
v -0.644796 -0.746403 0.071844
v -0.665997 -0.778895 0.079828
v -0.690228 -0.810080 0.084745
v -0.716500 -0.838700 0.086406
v -0.743850 -0.863702 0.084745
v -0.771311 -0.884210 0.079829
v -0.797959 -0.899565 0.071844
v -0.822771 -0.909181 0.061098
v -0.845115 -0.913007 0.048005
v -0.864736 -0.911502 0.033066
v -0.881434 -0.905277 0.016857
v -0.611168 -0.629902 0.019822
v -0.613401 -0.650145 0.038882
v -0.622468 -0.675811 0.056447
v -0.636998 -0.704890 0.071844
v -0.655683 -0.735516 0.084479
v -0.678094 -0.766798 0.093868
v -0.703070 -0.797238 0.099650
v -0.729594 -0.825607 0.101602
v -0.756692 -0.850860 0.099650
v -0.783408 -0.872113 0.093868
v -0.808846 -0.888678 0.084479
v -0.832029 -0.899922 0.071844
v -0.852389 -0.905733 0.056447
v -0.869746 -0.906491 0.038882
v -0.883988 -0.902723 0.019822
v -0.614082 -0.626988 0.022025
v -0.619117 -0.644429 0.043203
v -0.630767 -0.667512 0.062721
v -0.647561 -0.694327 0.079828
v -0.668104 -0.723095 0.093868
v -0.691895 -0.752997 0.104301
v -0.717722 -0.782587 0.110725
v -0.744532 -0.810668 0.112894
v -0.771343 -0.836209 0.110725
v -0.797209 -0.858311 0.104301
v -0.821267 -0.876258 0.093868
v -0.842592 -0.889359 0.079829
v -0.860689 -0.897434 0.062721
v -0.875463 -0.900775 0.043203
v -0.886903 -0.899809 0.022025
v -0.617244 -0.623825 0.023381
v -0.625320 -0.638226 0.045864
v -0.639772 -0.658507 0.066584
v -0.659022 -0.682865 0.084745
v -0.681582 -0.709617 0.099650
v -0.706870 -0.738022 0.110725
v -0.733619 -0.766689 0.117545
v -0.760742 -0.794459 0.119848
v -0.787241 -0.820311 0.117545
v -0.812185 -0.843336 0.110725
v -0.834744 -0.862780 0.099650
v -0.854054 -0.877897 0.084746
v -0.869694 -0.888428 0.066584
v -0.881666 -0.894572 0.045864
v -0.890065 -0.896646 0.023381
v -0.620533 -0.620537 0.023839
v -0.631771 -0.631775 0.046762
v -0.649137 -0.649141 0.067888
v -0.670942 -0.670946 0.086406
v -0.695598 -0.695601 0.101602
v -0.722444 -0.722448 0.112894
v -0.750152 -0.750156 0.119848
v -0.777598 -0.777602 0.122196
v -0.803774 -0.803778 0.119848
v -0.827758 -0.827762 0.112894
v -0.848760 -0.848764 0.101602
v -0.865974 -0.865978 0.086406
v -0.879059 -0.879063 0.067889
v -0.888117 -0.888121 0.046763
v -0.893354 -0.893358 0.023839
v -0.623821 -0.617248 0.023381
v -0.638222 -0.625324 0.045864
v -0.658503 -0.639776 0.066584
v -0.682861 -0.659026 0.084745
v -0.709614 -0.681586 0.099650
v -0.738018 -0.706874 0.110725
v -0.766685 -0.733623 0.117545
v -0.794455 -0.760745 0.119848
v -0.820307 -0.787245 0.117545
v -0.843332 -0.812189 0.110725
v -0.862776 -0.834748 0.099650
v -0.877893 -0.854058 0.084746
v -0.888424 -0.869698 0.066584
v -0.894568 -0.881670 0.045864
v -0.896642 -0.890069 0.023381
v -0.626983 -0.614086 0.022025
v -0.644425 -0.619121 0.043203
v -0.667508 -0.630771 0.062721
v -0.694323 -0.647564 0.079828
v -0.723091 -0.668108 0.093868
v -0.752993 -0.691899 0.104301
v -0.782583 -0.717725 0.110725
v -0.810664 -0.744536 0.112894
v -0.836205 -0.771347 0.110725
v -0.858307 -0.797213 0.104301
v -0.876254 -0.821271 0.093868
v -0.889355 -0.842597 0.079829
v -0.897430 -0.860693 0.062721
v -0.900771 -0.875467 0.043203
v -0.899805 -0.886907 0.022025
v -0.629898 -0.611171 0.019822
v -0.650141 -0.613404 0.038882
v -0.675807 -0.622471 0.056447
v -0.704886 -0.637001 0.071844
v -0.735512 -0.655687 0.084479
v -0.766794 -0.678098 0.093868
v -0.797234 -0.703074 0.099650
v -0.825603 -0.729598 0.101602
v -0.850856 -0.756696 0.099650
v -0.872109 -0.783412 0.093868
v -0.888674 -0.808850 0.084479
v -0.899918 -0.832034 0.071844
v -0.905729 -0.852393 0.056447
v -0.906487 -0.869750 0.038882
v -0.902719 -0.883993 0.019822
v -0.632452 -0.608617 0.016857
v -0.655152 -0.608394 0.033066
v -0.683082 -0.615197 0.048004
v -0.714144 -0.627743 0.061098
v -0.746399 -0.644800 0.071844
v -0.778891 -0.666001 0.079828
v -0.810076 -0.690232 0.084745
v -0.838696 -0.716504 0.086406
v -0.863698 -0.743854 0.084745
v -0.884206 -0.771315 0.079829
v -0.899561 -0.797963 0.071844
v -0.909176 -0.822775 0.061098
v -0.913003 -0.845119 0.048005
v -0.911498 -0.864740 0.033066
v -0.905273 -0.881438 0.016857
v -0.895032 -0.895036 0.000000
v -0.634549 -0.606521 0.013244
v -0.659264 -0.604282 0.025980
v -0.689051 -0.609227 0.037717
v -0.721743 -0.620145 0.048004
v -0.755333 -0.635866 0.056447
v -0.788819 -0.656073 0.062721
v -0.820615 -0.679693 0.066584
v -0.849442 -0.705759 0.067888
v -0.874237 -0.733315 0.066584
v -0.894133 -0.761388 0.062721
v -0.908496 -0.789029 0.056447
v -0.916775 -0.815177 0.048005
v -0.918973 -0.839149 0.037717
v -0.915610 -0.860628 0.025980
v -0.907370 -0.879342 0.013245
v -0.636106 -0.604963 0.009123
v -0.662320 -0.601226 0.017895
v -0.693487 -0.604791 0.025980
v -0.727389 -0.614498 0.033066
v -0.761972 -0.629227 0.038882
v -0.796196 -0.648696 0.043203
v -0.828447 -0.671862 0.045864
v -0.857427 -0.697774 0.046762
v -0.882068 -0.725484 0.045864
v -0.901510 -0.754011 0.043203
v -0.915135 -0.782390 0.038882
v -0.922421 -0.809531 0.033066
v -0.923409 -0.834713 0.025980
v -0.918666 -0.857572 0.017895
v -0.908928 -0.877784 0.009123
v -0.637066 -0.604004 0.004651
v -0.664202 -0.599344 0.009123
v -0.696219 -0.602059 0.013244
v -0.730866 -0.611022 0.016857
v -0.766061 -0.625138 0.019822
v -0.800739 -0.644154 0.022025
v -0.833269 -0.667039 0.023381
v -0.862344 -0.692857 0.023839
v -0.886891 -0.720661 0.023381
v -0.906053 -0.749468 0.022025
v -0.919224 -0.778301 0.019822
v -0.925898 -0.806054 0.016857
v -0.926141 -0.831981 0.013245
v -0.920547 -0.855690 0.009123
v -0.909887 -0.876825 0.004651
v -0.637390 -0.603680 0.000000
v -0.664837 -0.598709 0.000000
v -0.697142 -0.601137 0.000000
v -0.732040 -0.609848 0.000000
v -0.767441 -0.623758 0.000000
v -0.802272 -0.642620 0.000000
v -0.834897 -0.665411 0.000000
v -0.864004 -0.691197 0.000000
v -0.888519 -0.719033 0.000000
v -0.907587 -0.747934 0.000000
v -0.920604 -0.776921 0.000000
v -0.927072 -0.804880 0.000000
v -0.927063 -0.831059 0.000000
v -0.921183 -0.855055 0.000000
v -0.910211 -0.876501 0.000000
v -0.637066 -0.604004 -0.004651
v -0.664202 -0.599344 -0.009123
v -0.696219 -0.602059 -0.013244
v -0.730866 -0.611022 -0.016857
v -0.766061 -0.625138 -0.019822
v -0.800739 -0.644154 -0.022024
v -0.833269 -0.667039 -0.023381
v -0.862344 -0.692857 -0.023839
v -0.886891 -0.720661 -0.023381
v -0.906053 -0.749468 -0.022024
v -0.919223 -0.778301 -0.019821
v -0.925898 -0.806054 -0.016857
v -0.926141 -0.831981 -0.013244
v -0.920547 -0.855690 -0.009123
v -0.909887 -0.876825 -0.004651
v -0.636106 -0.604963 -0.009123
v -0.662320 -0.601226 -0.017895
v -0.693487 -0.604791 -0.025980
v -0.727389 -0.614499 -0.033066
v -0.761972 -0.629227 -0.038881
v -0.796196 -0.648696 -0.043203
v -0.828447 -0.671862 -0.045864
v -0.857427 -0.697774 -0.046762
v -0.882068 -0.725484 -0.045864
v -0.901510 -0.754011 -0.043203
v -0.915135 -0.782390 -0.038881
v -0.922421 -0.809531 -0.033066
v -0.923409 -0.834713 -0.025980
v -0.918666 -0.857572 -0.017895
v -0.908928 -0.877784 -0.009123
v -0.634549 -0.606521 -0.013244
v -0.659264 -0.604282 -0.025980
v -0.689051 -0.609227 -0.037717
v -0.721743 -0.620145 -0.048004
v -0.755333 -0.635866 -0.056447
v -0.788819 -0.656073 -0.062721
v -0.820615 -0.679693 -0.066584
v -0.849442 -0.705759 -0.067888
v -0.874237 -0.733315 -0.066584
v -0.894133 -0.761388 -0.062721
v -0.908496 -0.789029 -0.056447
v -0.916775 -0.815177 -0.048004
v -0.918973 -0.839149 -0.037717
v -0.915610 -0.860628 -0.025980
v -0.907370 -0.879342 -0.013244
v -0.632452 -0.608617 -0.016857
v -0.655152 -0.608394 -0.033066
v -0.683082 -0.615197 -0.048004
v -0.714145 -0.627743 -0.061098
v -0.746399 -0.644800 -0.071844
v -0.778891 -0.666001 -0.079828
v -0.810076 -0.690232 -0.084745
v -0.838696 -0.716504 -0.086405
v -0.863698 -0.743854 -0.084745
v -0.884206 -0.771315 -0.079828
v -0.899561 -0.797963 -0.071843
v -0.909176 -0.822775 -0.061098
v -0.913003 -0.845119 -0.048004
v -0.911498 -0.864740 -0.033066
v -0.905273 -0.881438 -0.016857
v -0.629898 -0.611171 -0.019822
v -0.650142 -0.613405 -0.038881
v -0.675807 -0.622472 -0.056447
v -0.704886 -0.637002 -0.071844
v -0.735512 -0.655687 -0.084479
v -0.766794 -0.678098 -0.093868
v -0.797234 -0.703074 -0.099650
v -0.825603 -0.729598 -0.101602
v -0.850856 -0.756696 -0.099650
v -0.872109 -0.783412 -0.093868
v -0.888675 -0.808850 -0.084479
v -0.899918 -0.832034 -0.071843
v -0.905729 -0.852393 -0.056447
v -0.906487 -0.869750 -0.038881
v -0.902719 -0.883993 -0.019821
v -0.626984 -0.614086 -0.022025
v -0.644425 -0.619121 -0.043203
v -0.667508 -0.630771 -0.062721
v -0.694323 -0.647565 -0.079828
v -0.723091 -0.668108 -0.093868
v -0.752993 -0.691899 -0.104301
v -0.782583 -0.717725 -0.110725
v -0.810664 -0.744537 -0.112894
v -0.836205 -0.771347 -0.110725
v -0.858307 -0.797213 -0.104301
v -0.876254 -0.821271 -0.093868
v -0.889355 -0.842597 -0.079828
v -0.897430 -0.860693 -0.062720
v -0.900771 -0.875467 -0.043203
v -0.899805 -0.886907 -0.022024
v -0.623821 -0.617248 -0.023381
v -0.638222 -0.625324 -0.045864
v -0.658503 -0.639776 -0.066584
v -0.682861 -0.659026 -0.084745
v -0.709614 -0.681586 -0.099650
v -0.738018 -0.706874 -0.110725
v -0.766685 -0.733623 -0.117545
v -0.794455 -0.760746 -0.119848
v -0.820307 -0.787245 -0.117545
v -0.843332 -0.812189 -0.110725
v -0.862776 -0.834748 -0.099650
v -0.877893 -0.854058 -0.084745
v -0.888424 -0.869698 -0.066584
v -0.894568 -0.881670 -0.045864
v -0.896642 -0.890069 -0.023381
v -0.620533 -0.620537 -0.023839
v -0.631771 -0.631775 -0.046762
v -0.670942 -0.670946 -0.086405
v -0.722444 -0.722448 -0.112894
v -0.827758 -0.827762 -0.112894
v -0.865974 -0.865978 -0.086405
v -0.879059 -0.879063 -0.067888
v -0.888117 -0.888121 -0.046762
v -0.893354 -0.893358 -0.023839
v 0.649139 -0.649141 -0.067888
v 0.695599 -0.695602 -0.101602
v 0.750154 -0.750156 -0.119848
v 0.777600 -0.777602 -0.122196
v 0.803776 -0.803778 -0.119848
v 0.848762 -0.848764 -0.101602
v 0.617246 -0.623825 -0.023381
v 0.625322 -0.638226 -0.045864
v 0.639774 -0.658507 -0.066584
v 0.659024 -0.682865 -0.084745
v 0.681583 -0.709617 -0.099650
v 0.706872 -0.738022 -0.110725
v 0.733621 -0.766689 -0.117545
v 0.760743 -0.794459 -0.119848
v 0.787243 -0.820311 -0.117545
v 0.812186 -0.843336 -0.110725
v 0.834746 -0.862780 -0.099650
v 0.854056 -0.877897 -0.084745
v 0.869695 -0.888428 -0.066584
v 0.881668 -0.894572 -0.045864
v 0.890067 -0.896646 -0.023381
v 0.614084 -0.626988 -0.022025
v 0.619119 -0.644429 -0.043203
v 0.630769 -0.667512 -0.062721
v 0.647562 -0.694327 -0.079828
v 0.668106 -0.723095 -0.093868
v 0.691897 -0.752997 -0.104301
v 0.717723 -0.782587 -0.110725
v 0.744534 -0.810668 -0.112894
v 0.771345 -0.836208 -0.110725
v 0.797211 -0.858311 -0.104301
v 0.821269 -0.876258 -0.093868
v 0.842594 -0.889359 -0.079828
v 0.860690 -0.897434 -0.062720
v 0.875465 -0.900775 -0.043203
v 0.886905 -0.899809 -0.022024
v 0.611169 -0.629902 -0.019822
v 0.613402 -0.650145 -0.038881
v 0.622469 -0.675811 -0.056447
v 0.636999 -0.704890 -0.071844
v 0.655685 -0.735516 -0.084479
v 0.678095 -0.766798 -0.093868
v 0.703072 -0.797238 -0.099650
v 0.729596 -0.825607 -0.101602
v 0.756694 -0.850860 -0.099650
v 0.783410 -0.872113 -0.093868
v 0.808848 -0.888678 -0.084479
v 0.832031 -0.899922 -0.071843
v 0.852391 -0.905733 -0.056447
v 0.869748 -0.906491 -0.038881
v 0.883990 -0.902723 -0.019821
v 0.608615 -0.632456 -0.016857
v 0.608391 -0.655156 -0.033066
v 0.615195 -0.683086 -0.048004
v 0.627741 -0.714148 -0.061098
v 0.644798 -0.746403 -0.071844
v 0.665999 -0.778895 -0.079828
v 0.690230 -0.810080 -0.084745
v 0.716502 -0.838700 -0.086405
v 0.743852 -0.863702 -0.084745
v 0.771313 -0.884210 -0.079828
v 0.797961 -0.899565 -0.071843
v 0.822773 -0.909181 -0.061098
v 0.845116 -0.913007 -0.048004
v 0.864737 -0.911502 -0.033066
v 0.881436 -0.905277 -0.016857
v 0.606518 -0.634553 -0.013244
v 0.604279 -0.659268 -0.025980
v 0.609225 -0.689056 -0.037717
v 0.620142 -0.721747 -0.048004
v 0.635863 -0.755337 -0.056447
v 0.656071 -0.788823 -0.062721
v 0.679691 -0.820619 -0.066584
v 0.705756 -0.849446 -0.067888
v 0.733312 -0.874241 -0.066584
v 0.761385 -0.894137 -0.062721
v 0.789026 -0.908500 -0.056447
v 0.815174 -0.916779 -0.048004
v 0.839146 -0.918977 -0.037717
v 0.860625 -0.915614 -0.025980
v 0.879339 -0.907374 -0.013244
v 0.619909 -0.619911 0.000000
v 0.604961 -0.636110 -0.009123
v 0.601224 -0.662324 -0.017895
v 0.604789 -0.693492 -0.025980
v 0.614496 -0.727393 -0.033066
v 0.629224 -0.761976 -0.038881
v 0.648694 -0.796200 -0.043203
v 0.671859 -0.828451 -0.045864
v 0.697772 -0.857431 -0.046762
v 0.725481 -0.882072 -0.045864
v 0.754008 -0.901514 -0.043203
v 0.782387 -0.915139 -0.038881
v 0.809528 -0.922425 -0.033066
v 0.834710 -0.923413 -0.025980
v 0.857569 -0.918670 -0.017895
v 0.877782 -0.908931 -0.009123
v 0.604001 -0.637070 -0.004651
v 0.599342 -0.664206 -0.009123
v 0.602057 -0.696223 -0.013244
v 0.611019 -0.730870 -0.016857
v 0.625136 -0.766065 -0.019822
v 0.644151 -0.800742 -0.022024
v 0.667037 -0.833273 -0.023381
v 0.692855 -0.862348 -0.023839
v 0.720659 -0.886895 -0.023381
v 0.749465 -0.906057 -0.022024
v 0.778299 -0.919227 -0.019821
v 0.806051 -0.925902 -0.016857
v 0.831979 -0.926145 -0.013244
v 0.855688 -0.920551 -0.009123
v 0.876822 -0.909891 -0.004651
v 0.603677 -0.637394 0.000000
v 0.598707 -0.664841 0.000000
v 0.601135 -0.697146 0.000000
v 0.609845 -0.732044 0.000000
v 0.623755 -0.767445 0.000000
v 0.642617 -0.802276 0.000000
v 0.665408 -0.834901 0.000000
v 0.691194 -0.864008 0.000000
v 0.719030 -0.888523 0.000000
v 0.747931 -0.907591 0.000000
v 0.776918 -0.920608 0.000000
v 0.804877 -0.927076 0.000000
v 0.831056 -0.927067 0.000000
v 0.855052 -0.921187 0.000000
v 0.876498 -0.910215 0.000000
v 0.604001 -0.637070 0.004651
v 0.599342 -0.664206 0.009123
v 0.602057 -0.696223 0.013244
v 0.611019 -0.730870 0.016857
v 0.625136 -0.766065 0.019822
v 0.644151 -0.800742 0.022025
v 0.667037 -0.833273 0.023381
v 0.692855 -0.862348 0.023839
v 0.720659 -0.886895 0.023381
v 0.749465 -0.906057 0.022025
v 0.778299 -0.919227 0.019822
v 0.806051 -0.925902 0.016857
v 0.831979 -0.926145 0.013245
v 0.855688 -0.920551 0.009123
v 0.876822 -0.909891 0.004651
v 0.604961 -0.636110 0.009123
v 0.601224 -0.662324 0.017895
v 0.604789 -0.693492 0.025980
v 0.614496 -0.727393 0.033066
v 0.629224 -0.761976 0.038882
v 0.648694 -0.796200 0.043203
v 0.671859 -0.828450 0.045864
v 0.697772 -0.857431 0.046762
v 0.725481 -0.882072 0.045864
v 0.754008 -0.901514 0.043203
v 0.782387 -0.915139 0.038882
v 0.809528 -0.922425 0.033066
v 0.834710 -0.923413 0.025980
v 0.857569 -0.918670 0.017895
v 0.877782 -0.908931 0.009123
v 0.606518 -0.634553 0.013244
v 0.604279 -0.659268 0.025980
v 0.609225 -0.689056 0.037717
v 0.620142 -0.721747 0.048004
v 0.635863 -0.755337 0.056447
v 0.656071 -0.788823 0.062721
v 0.679690 -0.820619 0.066584
v 0.705756 -0.849446 0.067889
v 0.733312 -0.874241 0.066584
v 0.761385 -0.894137 0.062721
v 0.789026 -0.908500 0.056447
v 0.815174 -0.916779 0.048005
v 0.839146 -0.918977 0.037717
v 0.860625 -0.915614 0.025980
v 0.879339 -0.907374 0.013245
v 0.608615 -0.632456 0.016857
v 0.608391 -0.655156 0.033066
v 0.615195 -0.683086 0.048004
v 0.627741 -0.714148 0.061098
v 0.644798 -0.746403 0.071844
v 0.665999 -0.778895 0.079828
v 0.690230 -0.810080 0.084745
v 0.716502 -0.838700 0.086406
v 0.743851 -0.863702 0.084745
v 0.771313 -0.884210 0.079828
v 0.797961 -0.899565 0.071844
v 0.822773 -0.909180 0.061098
v 0.845116 -0.913007 0.048005
v 0.864737 -0.911502 0.033066
v 0.881436 -0.905277 0.016857
v 0.611169 -0.629902 0.019822
v 0.613402 -0.650145 0.038882
v 0.622469 -0.675811 0.056447
v 0.636999 -0.704890 0.071844
v 0.655685 -0.735516 0.084479
v 0.678095 -0.766798 0.093868
v 0.703072 -0.797238 0.099650
v 0.729596 -0.825607 0.101602
v 0.756694 -0.850860 0.099650
v 0.783410 -0.872113 0.093868
v 0.808848 -0.888678 0.084479
v 0.832031 -0.899922 0.071844
v 0.852391 -0.905733 0.056447
v 0.869748 -0.906491 0.038882
v 0.883990 -0.902723 0.019822
v 0.614084 -0.626988 0.022025
v 0.619119 -0.644429 0.043203
v 0.630768 -0.667512 0.062721
v 0.647562 -0.694327 0.079828
v 0.668106 -0.723095 0.093868
v 0.691897 -0.752997 0.104301
v 0.717723 -0.782587 0.110725
v 0.744534 -0.810668 0.112894
v 0.771345 -0.836208 0.110725
v 0.797211 -0.858311 0.104301
v 0.821268 -0.876258 0.093868
v 0.842594 -0.889359 0.079829
v 0.860690 -0.897433 0.062721
v 0.875465 -0.900775 0.043203
v 0.886905 -0.899809 0.022025
v 0.617246 -0.623825 0.023381
v 0.625322 -0.638226 0.045864
v 0.639774 -0.658507 0.066584
v 0.659024 -0.682865 0.084745
v 0.681583 -0.709617 0.099650
v 0.706872 -0.738022 0.110725
v 0.733621 -0.766689 0.117545
v 0.760743 -0.794459 0.119848
v 0.787243 -0.820311 0.117545
v 0.812186 -0.843336 0.110725
v 0.834746 -0.862780 0.099650
v 0.854056 -0.877897 0.084746
v 0.869695 -0.888428 0.066584
v 0.881668 -0.894572 0.045864
v 0.890067 -0.896646 0.023381
v 0.620534 -0.620537 0.023839
v 0.631773 -0.631775 0.046762
v 0.649139 -0.649141 0.067888
v 0.670943 -0.670946 0.086406
v 0.695599 -0.695601 0.101602
v 0.722446 -0.722448 0.112894
v 0.750154 -0.750156 0.119848
v 0.777600 -0.777602 0.122196
v 0.803775 -0.803778 0.119848
v 0.827760 -0.827762 0.112894
v 0.848762 -0.848764 0.101602
v 0.865975 -0.865978 0.086406
v 0.879061 -0.879063 0.067889
v 0.888119 -0.888121 0.046763
v 0.893355 -0.893358 0.023839
v 0.623823 -0.617248 0.023381
v 0.638223 -0.625324 0.045864
v 0.658504 -0.639776 0.066584
v 0.682863 -0.659026 0.084745
v 0.709615 -0.681585 0.099650
v 0.738019 -0.706874 0.110725
v 0.766687 -0.733623 0.117545
v 0.794457 -0.760745 0.119848
v 0.820308 -0.787245 0.117545
v 0.843334 -0.812189 0.110725
v 0.862778 -0.834748 0.099650
v 0.877895 -0.854058 0.084746
v 0.888426 -0.869698 0.066584
v 0.894569 -0.881670 0.045864
v 0.896644 -0.890069 0.023381
v 0.626985 -0.614086 0.022025
v 0.644426 -0.619121 0.043203
v 0.667509 -0.630771 0.062721
v 0.694324 -0.647564 0.079828
v 0.723092 -0.668108 0.093868
v 0.752995 -0.691899 0.104301
v 0.782584 -0.717725 0.110725
v 0.810666 -0.744536 0.112894
v 0.836206 -0.771347 0.110725
v 0.858309 -0.797213 0.104301
v 0.876255 -0.821271 0.093868
v 0.889356 -0.842596 0.079829
v 0.897431 -0.860693 0.062721
v 0.900772 -0.875467 0.043203
v 0.899806 -0.886907 0.022025
v 0.629899 -0.611171 0.019822
v 0.650143 -0.613404 0.038882
v 0.675809 -0.622471 0.056447
v 0.704888 -0.637001 0.071844
v 0.735513 -0.655687 0.084479
v 0.766796 -0.678098 0.093868
v 0.797236 -0.703074 0.099650
v 0.825604 -0.729598 0.101602
v 0.850857 -0.756696 0.099650
v 0.872110 -0.783412 0.093868
v 0.888676 -0.808850 0.084479
v 0.899920 -0.832033 0.071844
v 0.905730 -0.852393 0.056447
v 0.906489 -0.869750 0.038882
v 0.902720 -0.883992 0.019822
v 0.632454 -0.608617 0.016857
v 0.655154 -0.608394 0.033066
v 0.683083 -0.615197 0.048004
v 0.714146 -0.627743 0.061098
v 0.746400 -0.644800 0.071844
v 0.778893 -0.666001 0.079828
v 0.810078 -0.690232 0.084745
v 0.838698 -0.716504 0.086406
v 0.863699 -0.743854 0.084745
v 0.884207 -0.771315 0.079828
v 0.899563 -0.797963 0.071844
v 0.909178 -0.822775 0.061098
v 0.913005 -0.845119 0.048005
v 0.911500 -0.864740 0.033066
v 0.905275 -0.881438 0.016857
v 0.895034 -0.895036 0.000000
v 0.634550 -0.606521 0.013244
v 0.659266 -0.604282 0.025980
v 0.689053 -0.609227 0.037717
v 0.721744 -0.620145 0.048004
v 0.755335 -0.635866 0.056447
v 0.788820 -0.656073 0.062721
v 0.820617 -0.679693 0.066584
v 0.849443 -0.705759 0.067888
v 0.874239 -0.733315 0.066584
v 0.894135 -0.761388 0.062721
v 0.908498 -0.789029 0.056447
v 0.916776 -0.815177 0.048005
v 0.918975 -0.839149 0.037717
v 0.915612 -0.860627 0.025980
v 0.907371 -0.879342 0.013245
v 0.636108 -0.604963 0.009123
v 0.662322 -0.601226 0.017895
v 0.693489 -0.604791 0.025980
v 0.727391 -0.614499 0.033066
v 0.761974 -0.629227 0.038882
v 0.796197 -0.648696 0.043203
v 0.828448 -0.671862 0.045864
v 0.857428 -0.697774 0.046762
v 0.882070 -0.725483 0.045864
v 0.901512 -0.754011 0.043203
v 0.915137 -0.782389 0.038882
v 0.922422 -0.809530 0.033066
v 0.923411 -0.834713 0.025980
v 0.918667 -0.857572 0.017895
v 0.908929 -0.877784 0.009123
v 0.637067 -0.604004 0.004651
v 0.664203 -0.599344 0.009123
v 0.696221 -0.602059 0.013244
v 0.730867 -0.611022 0.016857
v 0.766062 -0.625138 0.019822
v 0.800740 -0.644154 0.022025
v 0.833271 -0.667039 0.023381
v 0.862345 -0.692857 0.023839
v 0.886892 -0.720661 0.023381
v 0.906054 -0.749468 0.022025
v 0.919225 -0.778301 0.019822
v 0.925899 -0.806054 0.016857
v 0.926143 -0.831981 0.013245
v 0.920549 -0.855690 0.009123
v 0.909888 -0.876825 0.004651
v 0.637391 -0.603680 0.000000
v 0.664839 -0.598709 0.000000
v 0.697143 -0.601137 0.000000
v 0.732041 -0.609848 0.000000
v 0.767443 -0.623758 0.000000
v 0.802274 -0.642620 0.000000
v 0.834899 -0.665411 0.000000
v 0.864006 -0.691197 0.000000
v 0.888521 -0.719033 0.000000
v 0.907588 -0.747934 0.000000
v 0.920606 -0.776921 0.000000
v 0.927073 -0.804880 0.000000
v 0.927065 -0.831059 0.000000
v 0.921184 -0.855055 0.000000
v 0.910212 -0.876501 0.000000
v 0.637067 -0.604004 -0.004651
v 0.664203 -0.599344 -0.009123
v 0.696221 -0.602059 -0.013244
v 0.730867 -0.611022 -0.016857
v 0.766062 -0.625138 -0.019822
v 0.800740 -0.644154 -0.022024
v 0.833271 -0.667039 -0.023381
v 0.862345 -0.692857 -0.023839
v 0.886892 -0.720661 -0.023381
v 0.906054 -0.749468 -0.022024
v 0.919225 -0.778301 -0.019821
v 0.925899 -0.806054 -0.016857
v 0.926143 -0.831981 -0.013244
v 0.920549 -0.855690 -0.009123
v 0.909888 -0.876825 -0.004651
v 0.636108 -0.604963 -0.009123
v 0.662322 -0.601226 -0.017895
v 0.693489 -0.604791 -0.025980
v 0.727391 -0.614499 -0.033066
v 0.761974 -0.629227 -0.038881
v 0.796197 -0.648696 -0.043203
v 0.828448 -0.671862 -0.045864
v 0.857428 -0.697774 -0.046762
v 0.882070 -0.725483 -0.045864
v 0.901512 -0.754011 -0.043203
v 0.915137 -0.782389 -0.038881
v 0.922422 -0.809530 -0.033066
v 0.923411 -0.834713 -0.025980
v 0.918667 -0.857572 -0.017895
v 0.908929 -0.877784 -0.009123
v 0.634550 -0.606521 -0.013244
v 0.659266 -0.604282 -0.025980
v 0.689053 -0.609227 -0.037717
v 0.721744 -0.620145 -0.048004
v 0.755335 -0.635866 -0.056447
v 0.788820 -0.656073 -0.062721
v 0.820617 -0.679693 -0.066584
v 0.849443 -0.705759 -0.067888
v 0.874239 -0.733315 -0.066584
v 0.894135 -0.761388 -0.062721
v 0.908498 -0.789029 -0.056447
v 0.916776 -0.815177 -0.048004
v 0.918975 -0.839149 -0.037717
v 0.915612 -0.860627 -0.025980
v 0.907371 -0.879342 -0.013244
v 0.632454 -0.608617 -0.016857
v 0.655154 -0.608394 -0.033066
v 0.683083 -0.615197 -0.048004
v 0.714146 -0.627743 -0.061098
v 0.746400 -0.644800 -0.071843
v 0.778893 -0.666001 -0.079828
v 0.810078 -0.690232 -0.084745
v 0.838698 -0.716504 -0.086405
v 0.863699 -0.743854 -0.084745
v 0.884207 -0.771315 -0.079828
v 0.899563 -0.797963 -0.071843
v 0.909178 -0.822775 -0.061098
v 0.913005 -0.845119 -0.048004
v 0.911500 -0.864740 -0.033066
v 0.905275 -0.881438 -0.016857
v 0.629900 -0.611172 -0.019822
v 0.650143 -0.613405 -0.038881
v 0.675809 -0.622472 -0.056447
v 0.704888 -0.637002 -0.071844
v 0.735513 -0.655687 -0.084479
v 0.766796 -0.678098 -0.093868
v 0.797236 -0.703074 -0.099650
v 0.825604 -0.729598 -0.101602
v 0.850857 -0.756696 -0.099650
v 0.872110 -0.783412 -0.093868
v 0.888676 -0.808850 -0.084479
v 0.899920 -0.832033 -0.071843
v 0.905730 -0.852393 -0.056447
v 0.906489 -0.869750 -0.038881
v 0.902720 -0.883992 -0.019821
v 0.626985 -0.614086 -0.022025
v 0.644426 -0.619121 -0.043203
v 0.667510 -0.630771 -0.062721
v 0.694325 -0.647565 -0.079828
v 0.723092 -0.668108 -0.093868
v 0.752995 -0.691899 -0.104301
v 0.782584 -0.717725 -0.110725
v 0.810666 -0.744536 -0.112894
v 0.836206 -0.771347 -0.110725
v 0.858309 -0.797213 -0.104301
v 0.876255 -0.821271 -0.093868
v 0.889356 -0.842596 -0.079828
v 0.897431 -0.860693 -0.062720
v 0.900772 -0.875467 -0.043203
v 0.899806 -0.886907 -0.022024
v 0.623823 -0.617248 -0.023381
v 0.638224 -0.625324 -0.045864
v 0.658504 -0.639776 -0.066584
v 0.682863 -0.659026 -0.084745
v 0.709615 -0.681586 -0.099650
v 0.738019 -0.706874 -0.110725
v 0.766687 -0.733623 -0.117545
v 0.794457 -0.760746 -0.119848
v 0.820308 -0.787245 -0.117545
v 0.843334 -0.812189 -0.110725
v 0.862778 -0.834748 -0.099650
v 0.877895 -0.854058 -0.084745
v 0.888426 -0.869698 -0.066584
v 0.894569 -0.881670 -0.045864
v 0.896644 -0.890069 -0.023381
v 0.620534 -0.620537 -0.023839
v 0.631773 -0.631775 -0.046762
v 0.670943 -0.670946 -0.086405
v 0.722446 -0.722448 -0.112894
v 0.827760 -0.827762 -0.112894
v 0.865975 -0.865978 -0.086405
v 0.879061 -0.879063 -0.067888
v 0.888119 -0.888121 -0.046762
v 0.893355 -0.893358 -0.023839
vn -0.0000 0.8286 -0.5598
vn -0.0000 0.5528 -0.8333
vn -0.0000 0.1939 -0.9810
vn -0.0000 -0.0000 -1.0000
vn -0.0000 -0.1939 -0.9810
vn -0.0000 -0.5528 -0.8333
vn 0.0392 0.9796 -0.1971
vn 0.0757 0.9217 -0.3804
vn 0.1092 0.8286 -0.5490
vn 0.1385 0.7041 -0.6965
vn 0.1626 0.5528 -0.8173
vn 0.1804 0.3805 -0.9070
vn 0.1914 0.1939 -0.9622
vn 0.1951 -0.0000 -0.9808
vn 0.1914 -0.1939 -0.9622
vn 0.1804 -0.3805 -0.9070
vn 0.1626 -0.5528 -0.8173
vn 0.1385 -0.7041 -0.6965
vn 0.1092 -0.8286 -0.5490
vn 0.0757 -0.9217 -0.3804
vn 0.0392 -0.9796 -0.1971
vn 0.0769 0.9796 -0.1857
vn 0.1484 0.9217 -0.3584
vn 0.2142 0.8286 -0.5172
vn 0.2718 0.7041 -0.6561
vn 0.3189 0.5528 -0.7699
vn 0.3539 0.3805 -0.8544
vn 0.3754 0.1939 -0.9063
vn 0.3827 -0.0000 -0.9239
vn 0.3754 -0.1939 -0.9063
vn 0.3539 -0.3805 -0.8544
vn 0.3189 -0.5528 -0.7699
vn 0.2718 -0.7041 -0.6561
vn 0.2142 -0.8286 -0.5172
vn 0.1484 -0.9217 -0.3584
vn 0.0769 -0.9796 -0.1857
vn 0.1117 0.9796 -0.1671
vn 0.2155 0.9217 -0.3225
vn 0.3110 0.8286 -0.4654
vn 0.3945 0.7041 -0.5905
vn 0.4630 0.5528 -0.6929
vn 0.5138 0.3805 -0.7689
vn 0.5450 0.1939 -0.8157
vn 0.5556 -0.0000 -0.8315
vn 0.5450 -0.1939 -0.8157
vn 0.5138 -0.3805 -0.7689
vn 0.4630 -0.5528 -0.6929
vn 0.3945 -0.7041 -0.5905
vn 0.3110 -0.8286 -0.4654
vn 0.2155 -0.9217 -0.3225
vn 0.1117 -0.9796 -0.1671
vn 0.1421 0.9796 -0.1421
vn 0.2743 0.9217 -0.2743
vn 0.3958 0.8286 -0.3958
vn 0.5021 0.7041 -0.5021
vn 0.5893 0.5528 -0.5893
vn 0.6539 0.3805 -0.6539
vn 0.6937 0.1939 -0.6937
vn 0.7071 -0.0000 -0.7071
vn 0.6937 -0.1939 -0.6937
vn 0.6539 -0.3805 -0.6539
vn 0.5893 -0.5528 -0.5893
vn 0.5021 -0.7041 -0.5021
vn 0.3958 -0.8286 -0.3958
vn 0.2743 -0.9217 -0.2743
vn 0.1421 -0.9796 -0.1421
vn 0.1671 0.9796 -0.1117
vn 0.3225 0.9217 -0.2155
vn 0.4654 0.8286 -0.3110
vn 0.5905 0.7041 -0.3945
vn 0.6929 0.5528 -0.4630
vn 0.7689 0.3805 -0.5138
vn 0.8157 0.1939 -0.5450
vn 0.8315 -0.0000 -0.5556
vn 0.8157 -0.1939 -0.5450
vn 0.7689 -0.3805 -0.5138
vn 0.6929 -0.5528 -0.4630
vn 0.5905 -0.7041 -0.3945
vn 0.4654 -0.8286 -0.3110
vn 0.3225 -0.9217 -0.2155
vn 0.1671 -0.9796 -0.1117
vn -0.0000 1.0000 -0.0000
vn 0.1857 0.9796 -0.0769
vn 0.3584 0.9217 -0.1484
vn 0.5172 0.8286 -0.2142
vn 0.6561 0.7041 -0.2718
vn 0.7699 0.5528 -0.3189
vn 0.8544 0.3805 -0.3539
vn 0.9063 0.1939 -0.3754
vn 0.9239 -0.0000 -0.3827
vn 0.9063 -0.1939 -0.3754
vn 0.8544 -0.3805 -0.3539
vn 0.7699 -0.5528 -0.3189
vn 0.6561 -0.7041 -0.2718
vn 0.5172 -0.8286 -0.2142
vn 0.3584 -0.9217 -0.1484
vn 0.1857 -0.9796 -0.0769
vn 0.1971 0.9796 -0.0392
vn 0.3804 0.9217 -0.0757
vn 0.5490 0.8286 -0.1092
vn 0.6965 0.7041 -0.1385
vn 0.8173 0.5528 -0.1626
vn 0.9070 0.3805 -0.1804
vn 0.9622 0.1939 -0.1914
vn 0.9808 -0.0000 -0.1951
vn 0.9622 -0.1939 -0.1914
vn 0.9070 -0.3805 -0.1804
vn 0.8173 -0.5528 -0.1626
vn 0.6965 -0.7041 -0.1385
vn 0.5490 -0.8286 -0.1092
vn 0.3804 -0.9217 -0.0757
vn 0.1971 -0.9796 -0.0392
vn 0.2010 0.9796 -0.0000
vn 0.3879 0.9217 -0.0000
vn 0.5598 0.8286 -0.0000
vn 0.7101 0.7041 -0.0000
vn 0.8333 0.5528 -0.0000
vn 0.9248 0.3805 -0.0000
vn 0.9810 0.1939 -0.0000
vn 1.0000 -0.0000 -0.0000
vn 0.9810 -0.1939 -0.0000
vn 0.9248 -0.3805 -0.0000
vn 0.8333 -0.5528 -0.0000
vn 0.7101 -0.7041 -0.0000
vn 0.5598 -0.8286 -0.0000
vn 0.3879 -0.9217 -0.0000
vn 0.2010 -0.9796 -0.0000
vn 0.1971 0.9796 0.0392
vn 0.3804 0.9217 0.0757
vn 0.5490 0.8286 0.1092
vn 0.6965 0.7041 0.1385
vn 0.8173 0.5528 0.1626
vn 0.9070 0.3805 0.1804
vn 0.9622 0.1939 0.1914
vn 0.9808 -0.0000 0.1951
vn 0.9622 -0.1939 0.1914
vn 0.9070 -0.3805 0.1804
vn 0.8173 -0.5528 0.1626
vn 0.6965 -0.7041 0.1385
vn 0.5490 -0.8286 0.1092
vn 0.3804 -0.9217 0.0757
vn 0.1971 -0.9796 0.0392
vn 0.1857 0.9796 0.0769
vn 0.3584 0.9217 0.1484
vn 0.5172 0.8286 0.2142
vn 0.6561 0.7041 0.2718
vn 0.7699 0.5528 0.3189
vn 0.8544 0.3805 0.3539
vn 0.9063 0.1939 0.3754
vn 0.9239 -0.0000 0.3827
vn 0.9063 -0.1939 0.3754
vn 0.8544 -0.3805 0.3539
vn 0.7699 -0.5528 0.3189
vn 0.6561 -0.7041 0.2718
vn 0.5172 -0.8286 0.2142
vn 0.3584 -0.9217 0.1484
vn 0.1857 -0.9796 0.0769
vn 0.1671 0.9796 0.1117
vn 0.3225 0.9217 0.2155
vn 0.4654 0.8286 0.3110
vn 0.5905 0.7041 0.3945
vn 0.6929 0.5528 0.4630
vn 0.7689 0.3805 0.5138
vn 0.8157 0.1939 0.5450
vn 0.8315 -0.0000 0.5556
vn 0.8157 -0.1939 0.5450
vn 0.7689 -0.3805 0.5138
vn 0.6929 -0.5528 0.4630
vn 0.5905 -0.7041 0.3945
vn 0.4654 -0.8286 0.3110
vn 0.3225 -0.9217 0.2155
vn 0.1671 -0.9796 0.1117
vn 0.1421 0.9796 0.1421
vn 0.2743 0.9217 0.2743
vn 0.3958 0.8286 0.3958
vn 0.5021 0.7041 0.5021
vn 0.5893 0.5528 0.5893
vn 0.6539 0.3805 0.6539
vn 0.6937 0.1939 0.6937
vn 0.7071 -0.0000 0.7071
vn 0.6937 -0.1939 0.6937
vn 0.6539 -0.3805 0.6539
vn 0.5893 -0.5528 0.5893
vn 0.5021 -0.7041 0.5021
vn 0.3958 -0.8286 0.3958
vn 0.2743 -0.9217 0.2743
vn 0.1421 -0.9796 0.1421
vn 0.1117 0.9796 0.1671
vn 0.2155 0.9217 0.3225
vn 0.3110 0.8286 0.4654
vn 0.3945 0.7041 0.5905
vn 0.4630 0.5528 0.6929
vn 0.5138 0.3805 0.7689
vn 0.5450 0.1939 0.8157
vn 0.5556 -0.0000 0.8315
vn 0.5450 -0.1939 0.8157
vn 0.5138 -0.3805 0.7689
vn 0.4630 -0.5528 0.6929
vn 0.3945 -0.7041 0.5905
vn 0.3110 -0.8286 0.4654
vn 0.2155 -0.9217 0.3225
vn 0.1117 -0.9796 0.1671
vn 0.0769 0.9796 0.1857
vn 0.1484 0.9217 0.3584
vn 0.2142 0.8286 0.5172
vn 0.2718 0.7041 0.6561
vn 0.3189 0.5528 0.7699
vn 0.3539 0.3805 0.8544
vn 0.3754 0.1939 0.9063
vn 0.3827 -0.0000 0.9239
vn 0.3754 -0.1939 0.9063
vn 0.3539 -0.3805 0.8544
vn 0.3189 -0.5528 0.7699
vn 0.2718 -0.7041 0.6561
vn 0.2142 -0.8286 0.5172
vn 0.1484 -0.9217 0.3584
vn 0.0769 -0.9796 0.1857
vn 0.0392 0.9796 0.1971
vn 0.0757 0.9217 0.3804
vn 0.1092 0.8286 0.5490
vn 0.1385 0.7041 0.6965
vn 0.1626 0.5528 0.8173
vn 0.1804 0.3805 0.9070
vn 0.1914 0.1939 0.9622
vn 0.1951 -0.0000 0.9808
vn 0.1914 -0.1939 0.9622
vn 0.1804 -0.3805 0.9070
vn 0.1626 -0.5528 0.8173
vn 0.1385 -0.7041 0.6965
vn 0.1092 -0.8286 0.5490
vn 0.0757 -0.9217 0.3804
vn 0.0392 -0.9796 0.1971
vn -0.0000 0.9796 0.2010
vn -0.0000 0.9217 0.3879
vn -0.0000 0.8286 0.5598
vn -0.0000 0.7041 0.7101
vn -0.0000 0.5528 0.8333
vn -0.0000 0.3805 0.9248
vn -0.0000 0.1939 0.9810
vn -0.0000 -0.0000 1.0000
vn -0.0000 -0.1939 0.9810
vn -0.0000 -0.3805 0.9248
vn -0.0000 -0.5528 0.8333
vn -0.0000 -0.7041 0.7101
vn -0.0000 -0.8286 0.5598
vn -0.0000 -0.9217 0.3879
vn -0.0000 -0.9796 0.2010
vn -0.0392 0.9796 0.1971
vn -0.0757 0.9217 0.3804
vn -0.1092 0.8286 0.5490
vn -0.1385 0.7041 0.6965
vn -0.1626 0.5528 0.8173
vn -0.1804 0.3805 0.9070
vn -0.1914 0.1939 0.9622
vn -0.1951 -0.0000 0.9808
vn -0.1914 -0.1939 0.9622
vn -0.1804 -0.3805 0.9070
vn -0.1626 -0.5528 0.8173
vn -0.1385 -0.7041 0.6965
vn -0.1092 -0.8286 0.5490
vn -0.0757 -0.9217 0.3804
vn -0.0392 -0.9796 0.1971
vn -0.0769 0.9796 0.1857
vn -0.1484 0.9217 0.3584
vn -0.2142 0.8286 0.5172
vn -0.2718 0.7041 0.6561
vn -0.3189 0.5528 0.7699
vn -0.3539 0.3805 0.8544
vn -0.3754 0.1939 0.9063
vn -0.3827 -0.0000 0.9239
vn -0.3754 -0.1939 0.9063
vn -0.3539 -0.3805 0.8544
vn -0.3189 -0.5528 0.7699
vn -0.2718 -0.7041 0.6561
vn -0.2142 -0.8286 0.5172
vn -0.1484 -0.9217 0.3584
vn -0.0769 -0.9796 0.1857
vn -0.1117 0.9796 0.1671
vn -0.2155 0.9217 0.3225
vn -0.3110 0.8286 0.4654
vn -0.3945 0.7041 0.5905
vn -0.4630 0.5528 0.6929
vn -0.5138 0.3805 0.7689
vn -0.5450 0.1939 0.8157
vn -0.5556 -0.0000 0.8315
vn -0.5450 -0.1939 0.8157
vn -0.5138 -0.3805 0.7689
vn -0.4630 -0.5528 0.6929
vn -0.3945 -0.7041 0.5905
vn -0.3110 -0.8286 0.4654
vn -0.2155 -0.9217 0.3225
vn -0.1117 -0.9796 0.1671
vn -0.1421 0.9796 0.1421
vn -0.2743 0.9217 0.2743
vn -0.3958 0.8286 0.3958
vn -0.5021 0.7041 0.5021
vn -0.5893 0.5528 0.5893
vn -0.6539 0.3805 0.6539
vn -0.6937 0.1939 0.6937
vn -0.7071 -0.0000 0.7071
vn -0.6937 -0.1939 0.6937
vn -0.6539 -0.3805 0.6539
vn -0.5893 -0.5528 0.5893
vn -0.5021 -0.7041 0.5021
vn -0.3958 -0.8286 0.3958
vn -0.2743 -0.9217 0.2743
vn -0.1421 -0.9796 0.1421
vn -0.0000 -1.0000 -0.0000
vn -0.1671 0.9796 0.1117
vn -0.3225 0.9217 0.2155
vn -0.4654 0.8286 0.3110
vn -0.5905 0.7041 0.3945
vn -0.6929 0.5528 0.4630
vn -0.7689 0.3805 0.5138
vn -0.8157 0.1939 0.5450
vn -0.8315 -0.0000 0.5556
vn -0.8157 -0.1939 0.5450
vn -0.7689 -0.3805 0.5138
vn -0.6929 -0.5528 0.4630
vn -0.5905 -0.7041 0.3945
vn -0.4654 -0.8286 0.3110
vn -0.3225 -0.9217 0.2155
vn -0.1671 -0.9796 0.1117
vn -0.1857 0.9796 0.0769
vn -0.3584 0.9217 0.1484
vn -0.5172 0.8286 0.2142
vn -0.6561 0.7041 0.2718
vn -0.7699 0.5528 0.3189
vn -0.8544 0.3805 0.3539
vn -0.9063 0.1939 0.3754
vn -0.9239 -0.0000 0.3827
vn -0.9063 -0.1939 0.3754
vn -0.8544 -0.3805 0.3539
vn -0.7699 -0.5528 0.3189
vn -0.6561 -0.7041 0.2718
vn -0.5172 -0.8286 0.2142
vn -0.3584 -0.9217 0.1484
vn -0.1857 -0.9796 0.0769
vn -0.1971 0.9796 0.0392
vn -0.3804 0.9217 0.0757
vn -0.5490 0.8286 0.1092
vn -0.6965 0.7041 0.1385
vn -0.8173 0.5528 0.1626
vn -0.9070 0.3805 0.1804
vn -0.9622 0.1939 0.1914
vn -0.9808 -0.0000 0.1951
vn -0.9622 -0.1939 0.1914
vn -0.9070 -0.3805 0.1804
vn -0.8173 -0.5528 0.1626
vn -0.6965 -0.7041 0.1385
vn -0.5490 -0.8286 0.1092
vn -0.3804 -0.9217 0.0757
vn -0.1971 -0.9796 0.0392
vn -0.2010 0.9796 -0.0000
vn -0.3879 0.9217 -0.0000
vn -0.5598 0.8286 -0.0000
vn -0.7101 0.7041 -0.0000
vn -0.8333 0.5528 -0.0000
vn -0.9248 0.3805 -0.0000
vn -0.9810 0.1939 -0.0000
vn -1.0000 -0.0000 -0.0000
vn -0.9810 -0.1939 -0.0000
vn -0.9248 -0.3805 -0.0000
vn -0.8333 -0.5528 -0.0000
vn -0.7101 -0.7041 -0.0000
vn -0.5598 -0.8286 -0.0000
vn -0.3879 -0.9217 -0.0000
vn -0.2010 -0.9796 -0.0000
vn -0.1971 0.9796 -0.0392
vn -0.3804 0.9217 -0.0757
vn -0.5490 0.8286 -0.1092
vn -0.6965 0.7041 -0.1385
vn -0.8173 0.5528 -0.1626
vn -0.9070 0.3805 -0.1804
vn -0.9622 0.1939 -0.1914
vn -0.9808 -0.0000 -0.1951
vn -0.9622 -0.1939 -0.1914
vn -0.9070 -0.3805 -0.1804
vn -0.8173 -0.5528 -0.1626
vn -0.6965 -0.7041 -0.1385
vn -0.5490 -0.8286 -0.1092
vn -0.3804 -0.9217 -0.0757
vn -0.1971 -0.9796 -0.0392
vn -0.1857 0.9796 -0.0769
vn -0.3584 0.9217 -0.1484
vn -0.5172 0.8286 -0.2142
vn -0.6561 0.7041 -0.2718
vn -0.7699 0.5528 -0.3189
vn -0.8544 0.3805 -0.3539
vn -0.9063 0.1939 -0.3754
vn -0.9239 -0.0000 -0.3827
vn -0.9063 -0.1939 -0.3754
vn -0.8544 -0.3805 -0.3539
vn -0.7699 -0.5528 -0.3189
vn -0.6561 -0.7041 -0.2718
vn -0.5172 -0.8286 -0.2142
vn -0.3584 -0.9217 -0.1484
vn -0.1857 -0.9796 -0.0769
vn -0.1671 0.9796 -0.1117
vn -0.3225 0.9217 -0.2155
vn -0.4654 0.8286 -0.3110
vn -0.5905 0.7041 -0.3945
vn -0.6929 0.5528 -0.4630
vn -0.7689 0.3805 -0.5138
vn -0.8157 0.1939 -0.5450
vn -0.8315 -0.0000 -0.5556
vn -0.8157 -0.1939 -0.5450
vn -0.7689 -0.3805 -0.5138
vn -0.6929 -0.5528 -0.4630
vn -0.5905 -0.7041 -0.3945
vn -0.4654 -0.8286 -0.3110
vn -0.3225 -0.9217 -0.2155
vn -0.1671 -0.9796 -0.1117
vn -0.1421 0.9796 -0.1421
vn -0.2743 0.9217 -0.2743
vn -0.3958 0.8286 -0.3958
vn -0.5021 0.7041 -0.5021
vn -0.5893 0.5528 -0.5893
vn -0.6539 0.3805 -0.6539
vn -0.6937 0.1939 -0.6937
vn -0.7071 -0.0000 -0.7071
vn -0.6937 -0.1939 -0.6937
vn -0.6539 -0.3805 -0.6539
vn -0.5893 -0.5528 -0.5893
vn -0.5021 -0.7041 -0.5021
vn -0.3958 -0.8286 -0.3958
vn -0.2743 -0.9217 -0.2743
vn -0.1421 -0.9796 -0.1421
vn -0.1117 0.9796 -0.1671
vn -0.2155 0.9217 -0.3225
vn -0.3110 0.8286 -0.4654
vn -0.3945 0.7041 -0.5905
vn -0.4630 0.5528 -0.6929
vn -0.5138 0.3805 -0.7689
vn -0.5450 0.1939 -0.8157
vn -0.5556 -0.0000 -0.8315
vn -0.5450 -0.1939 -0.8157
vn -0.5138 -0.3805 -0.7689
vn -0.4630 -0.5528 -0.6929
vn -0.3945 -0.7041 -0.5905
vn -0.3110 -0.8286 -0.4654
vn -0.2155 -0.9217 -0.3225
vn -0.1117 -0.9796 -0.1671
vn -0.0769 0.9796 -0.1857
vn -0.1484 0.9217 -0.3584
vn -0.2142 0.8286 -0.5172
vn -0.2718 0.7041 -0.6561
vn -0.3189 0.5528 -0.7699
vn -0.3539 0.3805 -0.8544
vn -0.3754 0.1939 -0.9063
vn -0.3827 -0.0000 -0.9239
vn -0.3754 -0.1939 -0.9063
vn -0.3539 -0.3805 -0.8544
vn -0.3189 -0.5528 -0.7699
vn -0.2718 -0.7041 -0.6561
vn -0.2142 -0.8286 -0.5172
vn -0.1484 -0.9217 -0.3584
vn -0.0769 -0.9796 -0.1857
vn -0.0392 0.9796 -0.1971
vn -0.0757 0.9217 -0.3804
vn -0.1092 0.8286 -0.5490
vn -0.1385 0.7041 -0.6965
vn -0.1626 0.5528 -0.8173
vn -0.1804 0.3805 -0.9070
vn -0.1914 0.1939 -0.9622
vn -0.1951 -0.0000 -0.9808
vn -0.1914 -0.1939 -0.9622
vn -0.1804 -0.3805 -0.9070
vn -0.1626 -0.5528 -0.8173
vn -0.1385 -0.7041 -0.6965
vn -0.1092 -0.8286 -0.5490
vn -0.0757 -0.9217 -0.3804
vn -0.0392 -0.9796 -0.1971
vn -0.0000 0.9796 -0.2010
vn -0.0000 0.9217 -0.3879
vn -0.0000 0.7041 -0.7101
vn -0.0000 0.3805 -0.9248
vn -0.0000 -0.3805 -0.9248
vn -0.0000 -0.7041 -0.7101
vn -0.0000 -0.8286 -0.5598
vn -0.0000 -0.9217 -0.3879
vn -0.0000 -0.9796 -0.2010
vn -0.0000 -0.5831 -0.8124
vn -0.0000 -0.3417 -0.9398
vn -0.0000 -0.1173 -0.9931
vn -0.0000 0.0015 -1.0000
vn -0.0000 0.1318 -0.9913
vn -0.0000 0.4422 -0.8969
vn -0.0647 -0.9434 -0.3254
vn -0.1314 -0.7390 -0.6607
vn -0.1585 -0.5831 -0.7968
vn -0.1736 -0.4565 -0.8726
vn -0.1833 -0.3417 -0.9217
vn -0.1899 -0.2295 -0.9546
vn -0.1937 -0.1173 -0.9740
vn -0.1951 0.0015 -0.9808
vn -0.1934 0.1318 -0.9722
vn -0.1874 0.2777 -0.9422
vn -0.1750 0.4422 -0.8797
vn -0.1532 0.6190 -0.7703
vn -0.1213 0.7833 -0.6098
vn -0.0823 0.9067 -0.4136
vn -0.0411 0.9775 -0.2067
vn -0.1270 -0.9434 -0.3065
vn -0.2578 -0.7390 -0.6224
vn -0.3109 -0.5831 -0.7506
vn -0.3405 -0.4565 -0.8220
vn -0.3596 -0.3417 -0.8683
vn -0.3725 -0.2295 -0.8992
vn -0.3800 -0.1173 -0.9175
vn -0.3827 0.0015 -0.9239
vn -0.3793 0.1318 -0.9158
vn -0.3676 0.2777 -0.8875
vn -0.3432 0.4422 -0.8287
vn -0.3005 0.6190 -0.7256
vn -0.2379 0.7833 -0.5744
vn -0.1614 0.9067 -0.3896
vn -0.0807 0.9775 -0.1947
vn -0.1843 -0.9434 -0.2758
vn -0.3743 -0.7390 -0.5601
vn -0.4514 -0.5831 -0.6755
vn -0.4943 -0.4565 -0.7398
vn -0.5221 -0.3417 -0.7814
vn -0.5407 -0.2295 -0.8093
vn -0.5517 -0.1173 -0.8257
vn -0.5556 0.0015 -0.8315
vn -0.5507 0.1318 -0.8242
vn -0.5337 0.2777 -0.7988
vn -0.4983 0.4422 -0.7458
vn -0.4363 0.6190 -0.6530
vn -0.3454 0.7833 -0.5169
vn -0.2343 0.9067 -0.3507
vn -0.1171 0.9775 -0.1753
vn -0.2346 -0.9434 -0.2346
vn -0.4764 -0.7390 -0.4764
vn -0.5745 -0.5831 -0.5745
vn -0.6291 -0.4565 -0.6291
vn -0.6645 -0.3417 -0.6645
vn -0.6882 -0.2295 -0.6882
vn -0.7022 -0.1173 -0.7022
vn -0.7071 0.0015 -0.7071
vn -0.7009 0.1318 -0.7009
vn -0.6793 0.2777 -0.6793
vn -0.6342 0.4422 -0.6342
vn -0.5553 0.6190 -0.5553
vn -0.4396 0.7833 -0.4396
vn -0.2982 0.9067 -0.2982
vn -0.1490 0.9775 -0.1490
vn -0.2758 -0.9434 -0.1843
vn -0.5601 -0.7390 -0.3743
vn -0.6755 -0.5831 -0.4514
vn -0.7398 -0.4565 -0.4943
vn -0.7814 -0.3417 -0.5221
vn -0.8093 -0.2295 -0.5407
vn -0.8257 -0.1173 -0.5517
vn -0.8315 0.0015 -0.5556
vn -0.8242 0.1318 -0.5507
vn -0.7988 0.2777 -0.5337
vn -0.7458 0.4422 -0.4983
vn -0.6530 0.6190 -0.4363
vn -0.5169 0.7833 -0.3454
vn -0.3506 0.9067 -0.2343
vn -0.1753 0.9775 -0.1171
vn -0.3065 -0.9434 -0.1270
vn -0.6224 -0.7390 -0.2578
vn -0.7506 -0.5831 -0.3109
vn -0.8220 -0.4565 -0.3405
vn -0.8683 -0.3417 -0.3596
vn -0.8992 -0.2295 -0.3725
vn -0.9175 -0.1173 -0.3800
vn -0.9239 0.0015 -0.3827
vn -0.9158 0.1318 -0.3793
vn -0.8875 0.2777 -0.3676
vn -0.8287 0.4422 -0.3432
vn -0.7256 0.6190 -0.3005
vn -0.5744 0.7833 -0.2379
vn -0.3896 0.9067 -0.1614
vn -0.1947 0.9775 -0.0807
vn -0.3254 -0.9434 -0.0647
vn -0.6607 -0.7390 -0.1314
vn -0.7968 -0.5831 -0.1585
vn -0.8726 -0.4565 -0.1736
vn -0.9217 -0.3417 -0.1833
vn -0.9546 -0.2295 -0.1899
vn -0.9740 -0.1173 -0.1937
vn -0.9808 0.0015 -0.1951
vn -0.9722 0.1318 -0.1934
vn -0.9422 0.2777 -0.1874
vn -0.8797 0.4422 -0.1750
vn -0.7703 0.6190 -0.1532
vn -0.6098 0.7833 -0.1213
vn -0.4136 0.9067 -0.0823
vn -0.2067 0.9775 -0.0411
vn -0.3317 -0.9434 -0.0000
vn -0.6737 -0.7390 -0.0000
vn -0.8124 -0.5831 -0.0000
vn -0.8897 -0.4565 -0.0000
vn -0.9398 -0.3417 -0.0000
vn -0.9733 -0.2295 -0.0000
vn -0.9931 -0.1173 -0.0000
vn -1.0000 0.0015 -0.0000
vn -0.9913 0.1318 -0.0000
vn -0.9607 0.2777 -0.0000
vn -0.8969 0.4422 -0.0000
vn -0.7854 0.6190 -0.0000
vn -0.6217 0.7833 -0.0000
vn -0.4217 0.9067 -0.0000
vn -0.2108 0.9775 -0.0000
vn -0.3254 -0.9434 0.0647
vn -0.6607 -0.7390 0.1314
vn -0.7968 -0.5831 0.1585
vn -0.8726 -0.4565 0.1736
vn -0.9217 -0.3417 0.1833
vn -0.9546 -0.2295 0.1899
vn -0.9740 -0.1173 0.1937
vn -0.9808 0.0015 0.1951
vn -0.9722 0.1318 0.1934
vn -0.9422 0.2777 0.1874
vn -0.8797 0.4422 0.1750
vn -0.7703 0.6190 0.1532
vn -0.6098 0.7833 0.1213
vn -0.4136 0.9067 0.0823
vn -0.2067 0.9775 0.0411
vn -0.3065 -0.9434 0.1270
vn -0.6224 -0.7390 0.2578
vn -0.7506 -0.5831 0.3109
vn -0.8220 -0.4565 0.3405
vn -0.8683 -0.3417 0.3596
vn -0.8992 -0.2295 0.3725
vn -0.9175 -0.1173 0.3800
vn -0.9239 0.0015 0.3827
vn -0.9158 0.1318 0.3793
vn -0.8875 0.2777 0.3676
vn -0.8287 0.4422 0.3432
vn -0.7256 0.6190 0.3005
vn -0.5744 0.7833 0.2379
vn -0.3896 0.9067 0.1614
vn -0.1947 0.9775 0.0807
vn -0.2758 -0.9434 0.1843
vn -0.5601 -0.7390 0.3743
vn -0.6755 -0.5831 0.4514
vn -0.7398 -0.4565 0.4943
vn -0.7814 -0.3417 0.5221
vn -0.8093 -0.2295 0.5407
vn -0.8257 -0.1173 0.5517
vn -0.8315 0.0015 0.5556
vn -0.8242 0.1318 0.5507
vn -0.7988 0.2777 0.5337
vn -0.7458 0.4422 0.4983
vn -0.6530 0.6190 0.4363
vn -0.5169 0.7833 0.3454
vn -0.3506 0.9067 0.2343
vn -0.1753 0.9775 0.1171
vn -0.2346 -0.9434 0.2346
vn -0.4764 -0.7390 0.4764
vn -0.5745 -0.5831 0.5745
vn -0.6291 -0.4565 0.6291
vn -0.6645 -0.3417 0.6645
vn -0.6882 -0.2295 0.6882
vn -0.7022 -0.1173 0.7022
vn -0.7071 0.0015 0.7071
vn -0.7009 0.1318 0.7009
vn -0.6793 0.2777 0.6793
vn -0.6342 0.4422 0.6342
vn -0.5553 0.6190 0.5553
vn -0.4396 0.7833 0.4396
vn -0.2982 0.9067 0.2982
vn -0.1490 0.9775 0.1490
vn -0.1843 -0.9434 0.2758
vn -0.3743 -0.7390 0.5601
vn -0.4514 -0.5831 0.6755
vn -0.4943 -0.4565 0.7398
vn -0.5221 -0.3417 0.7814
vn -0.5407 -0.2295 0.8093
vn -0.5517 -0.1173 0.8257
vn -0.5556 0.0015 0.8315
vn -0.5507 0.1318 0.8242
vn -0.5337 0.2777 0.7988
vn -0.4983 0.4422 0.7458
vn -0.4363 0.6190 0.6530
vn -0.3454 0.7833 0.5169
vn -0.2343 0.9067 0.3507
vn -0.1171 0.9775 0.1753
vn -0.1270 -0.9434 0.3065
vn -0.2578 -0.7390 0.6224
vn -0.3109 -0.5831 0.7506
vn -0.3405 -0.4565 0.8220
vn -0.3596 -0.3417 0.8683
vn -0.3725 -0.2295 0.8992
vn -0.3800 -0.1173 0.9175
vn -0.3827 0.0015 0.9239
vn -0.3793 0.1318 0.9158
vn -0.3676 0.2777 0.8875
vn -0.3432 0.4422 0.8287
vn -0.3005 0.6190 0.7256
vn -0.2379 0.7833 0.5744
vn -0.1614 0.9067 0.3896
vn -0.0807 0.9775 0.1947
vn -0.0647 -0.9434 0.3254
vn -0.1314 -0.7390 0.6607
vn -0.1585 -0.5831 0.7968
vn -0.1736 -0.4565 0.8726
vn -0.1833 -0.3417 0.9217
vn -0.1899 -0.2295 0.9546
vn -0.1937 -0.1173 0.9740
vn -0.1951 0.0015 0.9808
vn -0.1934 0.1318 0.9722
vn -0.1874 0.2777 0.9422
vn -0.1750 0.4422 0.8797
vn -0.1532 0.6190 0.7703
vn -0.1213 0.7833 0.6098
vn -0.0823 0.9067 0.4136
vn -0.0411 0.9775 0.2067
vn -0.0000 -0.9434 0.3317
vn -0.0000 -0.7390 0.6737
vn -0.0000 -0.5831 0.8124
vn -0.0000 -0.4565 0.8897
vn -0.0000 -0.3417 0.9398
vn -0.0000 -0.2295 0.9733
vn -0.0000 -0.1173 0.9931
vn -0.0000 0.0015 1.0000
vn -0.0000 0.1318 0.9913
vn -0.0000 0.2777 0.9607
vn -0.0000 0.4422 0.8969
vn -0.0000 0.6190 0.7854
vn -0.0000 0.7833 0.6217
vn -0.0000 0.9067 0.4217
vn -0.0000 0.9775 0.2108
vn 0.0647 -0.9434 0.3254
vn 0.1314 -0.7390 0.6607
vn 0.1585 -0.5831 0.7968
vn 0.1736 -0.4565 0.8726
vn 0.1833 -0.3417 0.9217
vn 0.1899 -0.2295 0.9546
vn 0.1937 -0.1173 0.9740
vn 0.1951 0.0015 0.9808
vn 0.1934 0.1318 0.9722
vn 0.1874 0.2777 0.9422
vn 0.1750 0.4422 0.8797
vn 0.1532 0.6190 0.7703
vn 0.1213 0.7833 0.6098
vn 0.0823 0.9067 0.4136
vn 0.0411 0.9775 0.2067
vn 0.1270 -0.9434 0.3065
vn 0.2578 -0.7390 0.6224
vn 0.3109 -0.5831 0.7506
vn 0.3405 -0.4565 0.8220
vn 0.3596 -0.3417 0.8683
vn 0.3725 -0.2295 0.8992
vn 0.3800 -0.1173 0.9175
vn 0.3827 0.0015 0.9239
vn 0.3793 0.1318 0.9158
vn 0.3676 0.2777 0.8875
vn 0.3432 0.4422 0.8287
vn 0.3005 0.6190 0.7256
vn 0.2379 0.7833 0.5744
vn 0.1614 0.9067 0.3896
vn 0.0807 0.9775 0.1947
vn 0.1843 -0.9434 0.2758
vn 0.3743 -0.7390 0.5601
vn 0.4514 -0.5831 0.6755
vn 0.4943 -0.4565 0.7398
vn 0.5221 -0.3417 0.7814
vn 0.5407 -0.2295 0.8093
vn 0.5517 -0.1173 0.8257
vn 0.5556 0.0015 0.8315
vn 0.5507 0.1318 0.8242
vn 0.5337 0.2777 0.7988
vn 0.4983 0.4422 0.7458
vn 0.4363 0.6190 0.6530
vn 0.3454 0.7833 0.5169
vn 0.2343 0.9067 0.3507
vn 0.1171 0.9775 0.1753
vn 0.2346 -0.9434 0.2346
vn 0.4764 -0.7390 0.4764
vn 0.5745 -0.5831 0.5745
vn 0.6291 -0.4565 0.6291
vn 0.6645 -0.3417 0.6645
vn 0.6882 -0.2295 0.6882
vn 0.7022 -0.1173 0.7022
vn 0.7071 0.0015 0.7071
vn 0.7009 0.1318 0.7009
vn 0.6793 0.2777 0.6793
vn 0.6342 0.4422 0.6342
vn 0.5553 0.6190 0.5553
vn 0.4396 0.7833 0.4396
vn 0.2982 0.9067 0.2982
vn 0.1490 0.9775 0.1490
vn 0.2758 -0.9434 0.1843
vn 0.5601 -0.7390 0.3743
vn 0.6755 -0.5831 0.4514
vn 0.7398 -0.4565 0.4943
vn 0.7814 -0.3417 0.5221
vn 0.8093 -0.2295 0.5407
vn 0.8257 -0.1173 0.5517
vn 0.8315 0.0015 0.5556
vn 0.8242 0.1318 0.5507
vn 0.7988 0.2777 0.5337
vn 0.7458 0.4422 0.4983
vn 0.6530 0.6190 0.4363
vn 0.5169 0.7833 0.3454
vn 0.3507 0.9067 0.2343
vn 0.1753 0.9775 0.1171
vn 0.3065 -0.9434 0.1270
vn 0.6224 -0.7390 0.2578
vn 0.7506 -0.5831 0.3109
vn 0.8220 -0.4565 0.3405
vn 0.8683 -0.3417 0.3596
vn 0.8992 -0.2295 0.3725
vn 0.9175 -0.1173 0.3800
vn 0.9239 0.0015 0.3827
vn 0.9158 0.1318 0.3793
vn 0.8875 0.2777 0.3676
vn 0.8287 0.4422 0.3432
vn 0.7256 0.6190 0.3005
vn 0.5744 0.7833 0.2379
vn 0.3896 0.9067 0.1614
vn 0.1947 0.9775 0.0807
vn 0.3254 -0.9434 0.0647
vn 0.6607 -0.7390 0.1314
vn 0.7968 -0.5831 0.1585
vn 0.8726 -0.4565 0.1736
vn 0.9217 -0.3417 0.1833
vn 0.9546 -0.2295 0.1899
vn 0.9740 -0.1173 0.1937
vn 0.9808 0.0015 0.1951
vn 0.9722 0.1318 0.1934
vn 0.9422 0.2777 0.1874
vn 0.8797 0.4422 0.1750
vn 0.7703 0.6190 0.1532
vn 0.6098 0.7833 0.1213
vn 0.4136 0.9067 0.0823
vn 0.2067 0.9775 0.0411
vn 0.3317 -0.9434 -0.0000
vn 0.6737 -0.7390 -0.0000
vn 0.8124 -0.5831 -0.0000
vn 0.8897 -0.4565 -0.0000
vn 0.9398 -0.3417 -0.0000
vn 0.9733 -0.2295 -0.0000
vn 0.9931 -0.1173 -0.0000
vn 1.0000 0.0015 -0.0000
vn 0.9913 0.1318 -0.0000
vn 0.9607 0.2777 -0.0000
vn 0.8969 0.4422 -0.0000
vn 0.7854 0.6190 -0.0000
vn 0.6217 0.7833 -0.0000
vn 0.4217 0.9067 -0.0000
vn 0.2108 0.9775 -0.0000
vn 0.3254 -0.9434 -0.0647
vn 0.6607 -0.7390 -0.1314
vn 0.7968 -0.5831 -0.1585
vn 0.8726 -0.4565 -0.1736
vn 0.9217 -0.3417 -0.1833
vn 0.9546 -0.2295 -0.1899
vn 0.9740 -0.1173 -0.1937
vn 0.9808 0.0015 -0.1951
vn 0.9722 0.1318 -0.1934
vn 0.9422 0.2777 -0.1874
vn 0.8797 0.4422 -0.1750
vn 0.7703 0.6190 -0.1532
vn 0.6098 0.7833 -0.1213
vn 0.4136 0.9067 -0.0823
vn 0.2067 0.9775 -0.0411
vn 0.3065 -0.9434 -0.1270
vn 0.6224 -0.7390 -0.2578
vn 0.7506 -0.5831 -0.3109
vn 0.8220 -0.4565 -0.3405
vn 0.8683 -0.3417 -0.3596
vn 0.8992 -0.2295 -0.3725
vn 0.9175 -0.1173 -0.3800
vn 0.9239 0.0015 -0.3827
vn 0.9158 0.1318 -0.3793
vn 0.8875 0.2777 -0.3676
vn 0.8287 0.4422 -0.3432
vn 0.7256 0.6190 -0.3005
vn 0.5744 0.7833 -0.2379
vn 0.3896 0.9067 -0.1614
vn 0.1947 0.9775 -0.0807
vn 0.2758 -0.9434 -0.1843
vn 0.5601 -0.7390 -0.3743
vn 0.6755 -0.5831 -0.4514
vn 0.7398 -0.4565 -0.4943
vn 0.7814 -0.3417 -0.5221
vn 0.8093 -0.2295 -0.5407
vn 0.8257 -0.1173 -0.5517
vn 0.8315 0.0015 -0.5556
vn 0.8242 0.1318 -0.5507
vn 0.7988 0.2777 -0.5337
vn 0.7458 0.4422 -0.4983
vn 0.6530 0.6190 -0.4363
vn 0.5169 0.7833 -0.3454
vn 0.3506 0.9067 -0.2343
vn 0.1753 0.9775 -0.1171
vn 0.2346 -0.9434 -0.2346
vn 0.4764 -0.7390 -0.4764
vn 0.5745 -0.5831 -0.5745
vn 0.6291 -0.4565 -0.6291
vn 0.6645 -0.3417 -0.6645
vn 0.6882 -0.2295 -0.6882
vn 0.7022 -0.1173 -0.7022
vn 0.7071 0.0015 -0.7071
vn 0.7009 0.1318 -0.7009
vn 0.6793 0.2777 -0.6793
vn 0.6342 0.4422 -0.6342
vn 0.5553 0.6190 -0.5553
vn 0.4396 0.7833 -0.4396
vn 0.2982 0.9067 -0.2982
vn 0.1490 0.9775 -0.1490
vn 0.1843 -0.9434 -0.2758
vn 0.3743 -0.7390 -0.5601
vn 0.4514 -0.5831 -0.6755
vn 0.4943 -0.4565 -0.7398
vn 0.5221 -0.3417 -0.7814
vn 0.5407 -0.2295 -0.8093
vn 0.5517 -0.1173 -0.8257
vn 0.5556 0.0015 -0.8315
vn 0.5507 0.1318 -0.8242
vn 0.5337 0.2777 -0.7988
vn 0.4983 0.4422 -0.7458
vn 0.4363 0.6190 -0.6530
vn 0.3454 0.7833 -0.5169
vn 0.2343 0.9067 -0.3507
vn 0.1171 0.9775 -0.1753
vn 0.1270 -0.9434 -0.3065
vn 0.2578 -0.7390 -0.6224
vn 0.3109 -0.5831 -0.7506
vn 0.3405 -0.4565 -0.8220
vn 0.3596 -0.3417 -0.8683
vn 0.3725 -0.2295 -0.8992
vn 0.3800 -0.1173 -0.9175
vn 0.3827 0.0015 -0.9239
vn 0.3793 0.1318 -0.9158
vn 0.3676 0.2777 -0.8875
vn 0.3432 0.4422 -0.8287
vn 0.3005 0.6190 -0.7256
vn 0.2379 0.7833 -0.5744
vn 0.1614 0.9067 -0.3896
vn 0.0807 0.9775 -0.1947
vn 0.0647 -0.9434 -0.3254
vn 0.1314 -0.7390 -0.6607
vn 0.1585 -0.5831 -0.7968
vn 0.1736 -0.4565 -0.8726
vn 0.1833 -0.3417 -0.9217
vn 0.1899 -0.2295 -0.9546
vn 0.1937 -0.1173 -0.9740
vn 0.1951 0.0015 -0.9808
vn 0.1934 0.1318 -0.9722
vn 0.1874 0.2777 -0.9422
vn 0.1750 0.4422 -0.8797
vn 0.1532 0.6190 -0.7703
vn 0.1213 0.7833 -0.6098
vn 0.0823 0.9067 -0.4136
vn 0.0411 0.9775 -0.2067
vn -0.0000 -0.9434 -0.3317
vn -0.0000 -0.7390 -0.6737
vn -0.0000 -0.4565 -0.8897
vn -0.0000 -0.2295 -0.9733
vn -0.0000 0.2777 -0.9607
vn -0.0000 0.6190 -0.7854
vn -0.0000 0.7833 -0.6217
vn -0.0000 0.9067 -0.4217
vn -0.0000 0.9775 -0.2108
vn -0.0000 0.5831 -0.8124
vn -0.0000 0.3417 -0.9398
vn -0.0000 0.1173 -0.9931
vn -0.0000 -0.0015 -1.0000
vn -0.0000 -0.1318 -0.9913
vn -0.0000 -0.4422 -0.8969
vn -0.0647 0.9434 -0.3254
vn -0.1314 0.7390 -0.6607
vn -0.1585 0.5831 -0.7968
vn -0.1736 0.4565 -0.8726
vn -0.1833 0.3417 -0.9217
vn -0.1899 0.2295 -0.9546
vn -0.1937 0.1173 -0.9740
vn -0.1951 -0.0015 -0.9808
vn -0.1934 -0.1318 -0.9722
vn -0.1874 -0.2777 -0.9422
vn -0.1750 -0.4422 -0.8797
vn -0.1532 -0.6190 -0.7703
vn -0.1213 -0.7833 -0.6098
vn -0.0823 -0.9067 -0.4136
vn -0.0411 -0.9775 -0.2067
vn -0.1270 0.9434 -0.3065
vn -0.2578 0.7390 -0.6224
vn -0.3109 0.5831 -0.7506
vn -0.3405 0.4565 -0.8220
vn -0.3596 0.3417 -0.8683
vn -0.3725 0.2295 -0.8992
vn -0.3800 0.1173 -0.9175
vn -0.3827 -0.0015 -0.9239
vn -0.3793 -0.1318 -0.9158
vn -0.3676 -0.2777 -0.8875
vn -0.3432 -0.4422 -0.8287
vn -0.3005 -0.6190 -0.7256
vn -0.2379 -0.7833 -0.5744
vn -0.1614 -0.9067 -0.3896
vn -0.0807 -0.9775 -0.1947
vn -0.1843 0.9434 -0.2758
vn -0.3743 0.7390 -0.5601
vn -0.4514 0.5831 -0.6755
vn -0.4943 0.4565 -0.7398
vn -0.5221 0.3417 -0.7814
vn -0.5407 0.2295 -0.8093
vn -0.5517 0.1173 -0.8257
vn -0.5556 -0.0015 -0.8315
vn -0.5507 -0.1318 -0.8242
vn -0.5337 -0.2777 -0.7988
vn -0.4983 -0.4422 -0.7458
vn -0.4363 -0.6190 -0.6530
vn -0.3454 -0.7833 -0.5169
vn -0.2343 -0.9067 -0.3507
vn -0.1171 -0.9775 -0.1753
vn -0.2346 0.9434 -0.2346
vn -0.4764 0.7390 -0.4764
vn -0.5745 0.5831 -0.5745
vn -0.6291 0.4565 -0.6291
vn -0.6645 0.3417 -0.6645
vn -0.6882 0.2295 -0.6882
vn -0.7022 0.1173 -0.7022
vn -0.7071 -0.0015 -0.7071
vn -0.7009 -0.1318 -0.7009
vn -0.6793 -0.2777 -0.6793
vn -0.6342 -0.4422 -0.6342
vn -0.5553 -0.6190 -0.5553
vn -0.4396 -0.7833 -0.4396
vn -0.2982 -0.9067 -0.2982
vn -0.1490 -0.9775 -0.1490
vn -0.2758 0.9434 -0.1843
vn -0.5601 0.7390 -0.3743
vn -0.6755 0.5831 -0.4514
vn -0.7398 0.4565 -0.4943
vn -0.7814 0.3417 -0.5221
vn -0.8093 0.2295 -0.5407
vn -0.8257 0.1173 -0.5517
vn -0.8315 -0.0015 -0.5556
vn -0.8242 -0.1318 -0.5507
vn -0.7988 -0.2777 -0.5337
vn -0.7458 -0.4422 -0.4983
vn -0.6530 -0.6190 -0.4363
vn -0.5169 -0.7833 -0.3454
vn -0.3506 -0.9067 -0.2343
vn -0.1753 -0.9775 -0.1171
vn -0.3065 0.9434 -0.1270
vn -0.6224 0.7390 -0.2578
vn -0.7506 0.5831 -0.3109
vn -0.8220 0.4565 -0.3405
vn -0.8683 0.3417 -0.3596
vn -0.8992 0.2295 -0.3725
vn -0.9175 0.1173 -0.3800
vn -0.9239 -0.0015 -0.3827
vn -0.9158 -0.1318 -0.3793
vn -0.8875 -0.2777 -0.3676
vn -0.8287 -0.4422 -0.3432
vn -0.7256 -0.6190 -0.3005
vn -0.5744 -0.7833 -0.2379
vn -0.3896 -0.9067 -0.1614
vn -0.1947 -0.9775 -0.0807
vn -0.3254 0.9434 -0.0647
vn -0.6607 0.7390 -0.1314
vn -0.7968 0.5831 -0.1585
vn -0.8726 0.4565 -0.1736
vn -0.9217 0.3417 -0.1833
vn -0.9546 0.2295 -0.1899
vn -0.9740 0.1173 -0.1937
vn -0.9808 -0.0015 -0.1951
vn -0.9722 -0.1318 -0.1934
vn -0.9422 -0.2777 -0.1874
vn -0.8797 -0.4422 -0.1750
vn -0.7703 -0.6190 -0.1532
vn -0.6098 -0.7833 -0.1213
vn -0.4136 -0.9067 -0.0823
vn -0.2067 -0.9775 -0.0411
vn -0.3317 0.9434 -0.0000
vn -0.6737 0.7390 -0.0000
vn -0.8124 0.5831 -0.0000
vn -0.8897 0.4565 -0.0000
vn -0.9398 0.3417 -0.0000
vn -0.9733 0.2295 -0.0000
vn -0.9931 0.1173 -0.0000
vn -1.0000 -0.0015 -0.0000
vn -0.9913 -0.1318 -0.0000
vn -0.9607 -0.2777 -0.0000
vn -0.8969 -0.4422 -0.0000
vn -0.7854 -0.6190 -0.0000
vn -0.6217 -0.7833 -0.0000
vn -0.4217 -0.9067 -0.0000
vn -0.2108 -0.9775 -0.0000
vn -0.3254 0.9434 0.0647
vn -0.6607 0.7390 0.1314
vn -0.7968 0.5831 0.1585
vn -0.8726 0.4565 0.1736
vn -0.9217 0.3417 0.1833
vn -0.9546 0.2295 0.1899
vn -0.9740 0.1173 0.1937
vn -0.9808 -0.0015 0.1951
vn -0.9722 -0.1318 0.1934
vn -0.9422 -0.2777 0.1874
vn -0.8797 -0.4422 0.1750
vn -0.7703 -0.6190 0.1532
vn -0.6098 -0.7833 0.1213
vn -0.4136 -0.9067 0.0823
vn -0.2067 -0.9775 0.0411
vn -0.3065 0.9434 0.1270
vn -0.6224 0.7390 0.2578
vn -0.7506 0.5831 0.3109
vn -0.8220 0.4565 0.3405
vn -0.8683 0.3417 0.3596
vn -0.8992 0.2295 0.3725
vn -0.9175 0.1173 0.3800
vn -0.9239 -0.0015 0.3827
vn -0.9158 -0.1318 0.3793
vn -0.8875 -0.2777 0.3676
vn -0.8287 -0.4422 0.3432
vn -0.7256 -0.6190 0.3005
vn -0.5744 -0.7833 0.2379
vn -0.3896 -0.9067 0.1614
vn -0.1947 -0.9775 0.0807
vn -0.2758 0.9434 0.1843
vn -0.5601 0.7390 0.3743
vn -0.6755 0.5831 0.4514
vn -0.7398 0.4565 0.4943
vn -0.7814 0.3417 0.5221
vn -0.8093 0.2295 0.5407
vn -0.8257 0.1173 0.5517
vn -0.8315 -0.0015 0.5556
vn -0.8242 -0.1318 0.5507
vn -0.7988 -0.2777 0.5337
vn -0.7458 -0.4422 0.4983
vn -0.6530 -0.6190 0.4363
vn -0.5169 -0.7833 0.3454
vn -0.3506 -0.9067 0.2343
vn -0.1752 -0.9775 0.1171
vn -0.2346 0.9434 0.2346
vn -0.4764 0.7390 0.4764
vn -0.5745 0.5831 0.5745
vn -0.6291 0.4565 0.6291
vn -0.6645 0.3417 0.6645
vn -0.6882 0.2295 0.6882
vn -0.7022 0.1173 0.7022
vn -0.7071 -0.0015 0.7071
vn -0.7009 -0.1318 0.7009
vn -0.6793 -0.2777 0.6793
vn -0.6342 -0.4422 0.6342
vn -0.5553 -0.6190 0.5553
vn -0.4396 -0.7833 0.4396
vn -0.2982 -0.9067 0.2982
vn -0.1490 -0.9775 0.1490
vn -0.1843 0.9434 0.2758
vn -0.3743 0.7390 0.5601
vn -0.4514 0.5831 0.6755
vn -0.4943 0.4565 0.7398
vn -0.5221 0.3417 0.7814
vn -0.5407 0.2295 0.8093
vn -0.5517 0.1173 0.8257
vn -0.5556 -0.0015 0.8315
vn -0.5507 -0.1318 0.8242
vn -0.5337 -0.2777 0.7988
vn -0.4983 -0.4422 0.7458
vn -0.4363 -0.6190 0.6530
vn -0.3454 -0.7833 0.5169
vn -0.2343 -0.9067 0.3507
vn -0.1171 -0.9775 0.1753
vn -0.1270 0.9434 0.3065
vn -0.2578 0.7390 0.6224
vn -0.3109 0.5831 0.7506
vn -0.3405 0.4565 0.8220
vn -0.3596 0.3417 0.8683
vn -0.3725 0.2295 0.8992
vn -0.3800 0.1173 0.9175
vn -0.3827 -0.0015 0.9239
vn -0.3793 -0.1318 0.9158
vn -0.3676 -0.2777 0.8875
vn -0.3432 -0.4422 0.8287
vn -0.3005 -0.6190 0.7256
vn -0.2379 -0.7833 0.5744
vn -0.1614 -0.9067 0.3896
vn -0.0807 -0.9775 0.1947
vn -0.0647 0.9434 0.3254
vn -0.1314 0.7390 0.6607
vn -0.1585 0.5831 0.7968
vn -0.1736 0.4565 0.8726
vn -0.1833 0.3417 0.9217
vn -0.1899 0.2295 0.9546
vn -0.1937 0.1173 0.9740
vn -0.1951 -0.0015 0.9808
vn -0.1934 -0.1318 0.9722
vn -0.1874 -0.2777 0.9422
vn -0.1750 -0.4422 0.8797
vn -0.1532 -0.6190 0.7703
vn -0.1213 -0.7833 0.6098
vn -0.0823 -0.9067 0.4136
vn -0.0411 -0.9775 0.2067
vn -0.0000 0.9434 0.3317
vn -0.0000 0.7390 0.6737
vn -0.0000 0.5831 0.8124
vn -0.0000 0.4565 0.8897
vn -0.0000 0.3417 0.9398
vn -0.0000 0.2295 0.9733
vn -0.0000 0.1173 0.9931
vn -0.0000 -0.0015 1.0000
vn -0.0000 -0.1318 0.9913
vn -0.0000 -0.2777 0.9607
vn -0.0000 -0.4422 0.8969
vn -0.0000 -0.6190 0.7854
vn -0.0000 -0.7833 0.6217
vn -0.0000 -0.9067 0.4217
vn -0.0000 -0.9775 0.2108
vn 0.0647 0.9434 0.3254
vn 0.1314 0.7390 0.6607
vn 0.1585 0.5831 0.7968
vn 0.1736 0.4565 0.8726
vn 0.1833 0.3417 0.9217
vn 0.1899 0.2295 0.9546
vn 0.1937 0.1173 0.9740
vn 0.1951 -0.0015 0.9808
vn 0.1934 -0.1318 0.9722
vn 0.1874 -0.2777 0.9422
vn 0.1750 -0.4422 0.8797
vn 0.1532 -0.6190 0.7703
vn 0.1213 -0.7833 0.6098
vn 0.0823 -0.9067 0.4136
vn 0.0411 -0.9775 0.2067
vn 0.1270 0.9434 0.3065
vn 0.2578 0.7390 0.6224
vn 0.3109 0.5831 0.7506
vn 0.3405 0.4565 0.8220
vn 0.3596 0.3417 0.8683
vn 0.3725 0.2295 0.8992
vn 0.3800 0.1173 0.9175
vn 0.3827 -0.0015 0.9239
vn 0.3793 -0.1318 0.9158
vn 0.3676 -0.2777 0.8875
vn 0.3432 -0.4422 0.8287
vn 0.3005 -0.6190 0.7256
vn 0.2379 -0.7833 0.5744
vn 0.1614 -0.9067 0.3896
vn 0.0807 -0.9775 0.1947
vn 0.1843 0.9434 0.2758
vn 0.3743 0.7390 0.5601
vn 0.4514 0.5831 0.6755
vn 0.4943 0.4565 0.7398
vn 0.5221 0.3417 0.7814
vn 0.5407 0.2295 0.8093
vn 0.5517 0.1173 0.8257
vn 0.5556 -0.0015 0.8315
vn 0.5507 -0.1318 0.8242
vn 0.5337 -0.2777 0.7988
vn 0.4983 -0.4422 0.7458
vn 0.4363 -0.6190 0.6530
vn 0.3454 -0.7833 0.5169
vn 0.2343 -0.9067 0.3507
vn 0.1171 -0.9775 0.1753
vn 0.2346 0.9434 0.2346
vn 0.4764 0.7390 0.4764
vn 0.5745 0.5831 0.5745
vn 0.6291 0.4565 0.6291
vn 0.6645 0.3417 0.6645
vn 0.6882 0.2295 0.6882
vn 0.7022 0.1173 0.7022
vn 0.7071 -0.0015 0.7071
vn 0.7009 -0.1318 0.7009
vn 0.6793 -0.2777 0.6793
vn 0.6342 -0.4422 0.6342
vn 0.5553 -0.6190 0.5553
vn 0.4396 -0.7833 0.4396
vn 0.2982 -0.9067 0.2982
vn 0.1490 -0.9775 0.1490
vn 0.2758 0.9434 0.1843
vn 0.5601 0.7390 0.3743
vn 0.6755 0.5831 0.4514
vn 0.7398 0.4565 0.4943
vn 0.7814 0.3417 0.5221
vn 0.8093 0.2295 0.5407
vn 0.8257 0.1173 0.5517
vn 0.8315 -0.0015 0.5556
vn 0.8242 -0.1318 0.5507
vn 0.7988 -0.2777 0.5337
vn 0.7458 -0.4422 0.4983
vn 0.6530 -0.6190 0.4363
vn 0.5169 -0.7833 0.3454
vn 0.3507 -0.9067 0.2343
vn 0.1753 -0.9775 0.1171
vn 0.3065 0.9434 0.1270
vn 0.6224 0.7390 0.2578
vn 0.7506 0.5831 0.3109
vn 0.8220 0.4565 0.3405
vn 0.8683 0.3417 0.3596
vn 0.8992 0.2295 0.3725
vn 0.9175 0.1173 0.3800
vn 0.9239 -0.0015 0.3827
vn 0.9158 -0.1318 0.3793
vn 0.8875 -0.2777 0.3676
vn 0.8287 -0.4422 0.3432
vn 0.7256 -0.6190 0.3005
vn 0.5744 -0.7833 0.2379
vn 0.3896 -0.9067 0.1614
vn 0.1947 -0.9775 0.0807
vn 0.3254 0.9434 0.0647
vn 0.6607 0.7390 0.1314
vn 0.7968 0.5831 0.1585
vn 0.8726 0.4565 0.1736
vn 0.9217 0.3417 0.1833
vn 0.9546 0.2295 0.1899
vn 0.9740 0.1173 0.1937
vn 0.9808 -0.0015 0.1951
vn 0.9722 -0.1318 0.1934
vn 0.9422 -0.2777 0.1874
vn 0.8797 -0.4422 0.1750
vn 0.7703 -0.6190 0.1532
vn 0.6098 -0.7833 0.1213
vn 0.4136 -0.9067 0.0823
vn 0.2067 -0.9775 0.0411
vn 0.3317 0.9434 -0.0000
vn 0.6737 0.7390 -0.0000
vn 0.8124 0.5831 -0.0000
vn 0.8897 0.4565 -0.0000
vn 0.9398 0.3417 -0.0000
vn 0.9733 0.2295 -0.0000
vn 0.9931 0.1173 -0.0000
vn 1.0000 -0.0015 -0.0000
vn 0.9913 -0.1318 -0.0000
vn 0.9607 -0.2777 -0.0000
vn 0.8969 -0.4422 -0.0000
vn 0.7854 -0.6190 -0.0000
vn 0.6217 -0.7833 -0.0000
vn 0.4217 -0.9067 -0.0000
vn 0.2108 -0.9775 -0.0000
vn 0.3254 0.9434 -0.0647
vn 0.6607 0.7390 -0.1314
vn 0.7968 0.5831 -0.1585
vn 0.8726 0.4565 -0.1736
vn 0.9217 0.3417 -0.1833
vn 0.9546 0.2295 -0.1899
vn 0.9740 0.1173 -0.1937
vn 0.9808 -0.0015 -0.1951
vn 0.9722 -0.1318 -0.1934
vn 0.9422 -0.2777 -0.1874
vn 0.8797 -0.4422 -0.1750
vn 0.7703 -0.6190 -0.1532
vn 0.6098 -0.7833 -0.1213
vn 0.4136 -0.9067 -0.0823
vn 0.2067 -0.9775 -0.0411
vn 0.3065 0.9434 -0.1270
vn 0.6224 0.7390 -0.2578
vn 0.7506 0.5831 -0.3109
vn 0.8220 0.4565 -0.3405
vn 0.8683 0.3417 -0.3596
vn 0.8992 0.2295 -0.3725
vn 0.9175 0.1173 -0.3800
vn 0.9239 -0.0015 -0.3827
vn 0.9158 -0.1318 -0.3793
vn 0.8875 -0.2777 -0.3676
vn 0.8287 -0.4422 -0.3432
vn 0.7256 -0.6190 -0.3005
vn 0.5744 -0.7833 -0.2379
vn 0.3896 -0.9067 -0.1614
vn 0.1947 -0.9775 -0.0807
vn 0.2758 0.9434 -0.1843
vn 0.5601 0.7390 -0.3743
vn 0.6755 0.5831 -0.4514
vn 0.7398 0.4565 -0.4943
vn 0.7814 0.3417 -0.5221
vn 0.8093 0.2295 -0.5407
vn 0.8257 0.1173 -0.5517
vn 0.8315 -0.0015 -0.5556
vn 0.8242 -0.1318 -0.5507
vn 0.7988 -0.2777 -0.5337
vn 0.7458 -0.4422 -0.4983
vn 0.6530 -0.6190 -0.4363
vn 0.5169 -0.7833 -0.3454
vn 0.3507 -0.9067 -0.2343
vn 0.1753 -0.9775 -0.1171
vn 0.2346 0.9434 -0.2346
vn 0.4764 0.7390 -0.4764
vn 0.5745 0.5831 -0.5745
vn 0.6291 0.4565 -0.6291
vn 0.6645 0.3417 -0.6645
vn 0.6882 0.2295 -0.6882
vn 0.7022 0.1173 -0.7022
vn 0.7071 -0.0015 -0.7071
vn 0.7009 -0.1318 -0.7009
vn 0.6793 -0.2777 -0.6793
vn 0.6342 -0.4422 -0.6342
vn 0.5553 -0.6190 -0.5553
vn 0.4396 -0.7833 -0.4396
vn 0.2982 -0.9067 -0.2982
vn 0.1490 -0.9775 -0.1490
vn 0.1843 0.9434 -0.2758
vn 0.3743 0.7390 -0.5601
vn 0.4514 0.5831 -0.6755
vn 0.4943 0.4565 -0.7398
vn 0.5221 0.3417 -0.7814
vn 0.5407 0.2295 -0.8093
vn 0.5517 0.1173 -0.8257
vn 0.5556 -0.0015 -0.8315
vn 0.5507 -0.1318 -0.8242
vn 0.5337 -0.2777 -0.7988
vn 0.4983 -0.4422 -0.7458
vn 0.4363 -0.6190 -0.6530
vn 0.3454 -0.7833 -0.5169
vn 0.2343 -0.9067 -0.3507
vn 0.1171 -0.9775 -0.1753
vn 0.1270 0.9434 -0.3065
vn 0.2578 0.7390 -0.6224
vn 0.3109 0.5831 -0.7506
vn 0.3405 0.4565 -0.8220
vn 0.3596 0.3417 -0.8683
vn 0.3725 0.2295 -0.8992
vn 0.3800 0.1173 -0.9175
vn 0.3827 -0.0015 -0.9239
vn 0.3793 -0.1318 -0.9158
vn 0.3676 -0.2777 -0.8875
vn 0.3432 -0.4422 -0.8287
vn 0.3005 -0.6190 -0.7256
vn 0.2379 -0.7833 -0.5744
vn 0.1614 -0.9067 -0.3896
vn 0.0807 -0.9775 -0.1947
vn 0.0647 0.9434 -0.3254
vn 0.1314 0.7390 -0.6607
vn 0.1585 0.5831 -0.7968
vn 0.1736 0.4565 -0.8726
vn 0.1833 0.3417 -0.9217
vn 0.1899 0.2295 -0.9546
vn 0.1937 0.1173 -0.9740
vn 0.1951 -0.0015 -0.9808
vn 0.1934 -0.1318 -0.9722
vn 0.1874 -0.2777 -0.9422
vn 0.1750 -0.4422 -0.8797
vn 0.1532 -0.6190 -0.7703
vn 0.1213 -0.7833 -0.6098
vn 0.0823 -0.9067 -0.4136
vn 0.0411 -0.9775 -0.2067
vn -0.0000 0.9434 -0.3317
vn -0.0000 0.7390 -0.6737
vn -0.0000 0.4565 -0.8897
vn -0.0000 0.2295 -0.9733
vn -0.0000 -0.2777 -0.9607
vn -0.0000 -0.6190 -0.7854
vn -0.0000 -0.7833 -0.6217
vn -0.0000 -0.9067 -0.4217
vn -0.0000 -0.9775 -0.2108
vn -0.5831 -0.0000 -0.8124
vn -0.3417 -0.0000 -0.9398
vn -0.1173 -0.0000 -0.9931
vn 0.0015 -0.0000 -1.0000
vn 0.1318 -0.0000 -0.9913
vn 0.4422 -0.0000 -0.8969
vn -0.9434 0.0647 -0.3254
vn -0.7390 0.1314 -0.6607
vn -0.5831 0.1585 -0.7968
vn -0.4565 0.1736 -0.8726
vn -0.3417 0.1833 -0.9217
vn -0.2295 0.1899 -0.9546
vn -0.1173 0.1937 -0.9740
vn 0.0015 0.1951 -0.9808
vn 0.1318 0.1934 -0.9722
vn 0.2777 0.1874 -0.9422
vn 0.4422 0.1750 -0.8797
vn 0.6190 0.1532 -0.7703
vn 0.7833 0.1213 -0.6098
vn 0.9067 0.0823 -0.4136
vn 0.9775 0.0411 -0.2067
vn -0.9434 0.1270 -0.3065
vn -0.7390 0.2578 -0.6224
vn -0.5831 0.3109 -0.7506
vn -0.4565 0.3405 -0.8220
vn -0.3417 0.3596 -0.8683
vn -0.2295 0.3725 -0.8992
vn -0.1173 0.3800 -0.9175
vn 0.0015 0.3827 -0.9239
vn 0.1318 0.3793 -0.9158
vn 0.2777 0.3676 -0.8875
vn 0.4422 0.3432 -0.8287
vn 0.6190 0.3005 -0.7256
vn 0.7833 0.2379 -0.5744
vn 0.9067 0.1614 -0.3896
vn 0.9775 0.0807 -0.1947
vn -0.9434 0.1843 -0.2758
vn -0.7390 0.3743 -0.5601
vn -0.5831 0.4514 -0.6755
vn -0.4565 0.4943 -0.7398
vn -0.3417 0.5221 -0.7814
vn -0.2295 0.5407 -0.8093
vn -0.1173 0.5517 -0.8257
vn 0.0015 0.5556 -0.8315
vn 0.1318 0.5507 -0.8242
vn 0.2777 0.5337 -0.7988
vn 0.4422 0.4983 -0.7458
vn 0.6190 0.4363 -0.6530
vn 0.7833 0.3454 -0.5169
vn 0.9067 0.2343 -0.3506
vn 0.9775 0.1171 -0.1753
vn -0.9434 0.2346 -0.2346
vn -0.7390 0.4764 -0.4764
vn -0.5831 0.5745 -0.5745
vn -0.4565 0.6291 -0.6291
vn -0.3417 0.6645 -0.6645
vn -0.2295 0.6882 -0.6882
vn -0.1173 0.7022 -0.7022
vn 0.0015 0.7071 -0.7071
vn 0.1318 0.7009 -0.7009
vn 0.2777 0.6793 -0.6793
vn 0.4422 0.6342 -0.6342
vn 0.6190 0.5553 -0.5553
vn 0.7833 0.4396 -0.4396
vn 0.9067 0.2982 -0.2982
vn 0.9775 0.1490 -0.1490
vn -0.9434 0.2758 -0.1843
vn -0.7390 0.5601 -0.3743
vn -0.5831 0.6755 -0.4514
vn -0.4565 0.7398 -0.4943
vn -0.3417 0.7814 -0.5221
vn -0.2295 0.8093 -0.5407
vn -0.1173 0.8257 -0.5517
vn 0.0015 0.8315 -0.5556
vn 0.1318 0.8242 -0.5507
vn 0.2777 0.7988 -0.5337
vn 0.4422 0.7458 -0.4983
vn 0.6190 0.6530 -0.4363
vn 0.7833 0.5169 -0.3454
vn 0.9067 0.3507 -0.2343
vn 0.9775 0.1753 -0.1171
vn -0.9434 0.3065 -0.1270
vn -0.7390 0.6224 -0.2578
vn -0.5831 0.7506 -0.3109
vn -0.4565 0.8220 -0.3405
vn -0.3417 0.8683 -0.3596
vn -0.2295 0.8992 -0.3725
vn -0.1173 0.9175 -0.3800
vn 0.0015 0.9239 -0.3827
vn 0.1318 0.9158 -0.3793
vn 0.2777 0.8875 -0.3676
vn 0.4422 0.8287 -0.3432
vn 0.6190 0.7256 -0.3005
vn 0.7833 0.5744 -0.2379
vn 0.9067 0.3896 -0.1614
vn 0.9775 0.1947 -0.0807
vn -0.9434 0.3254 -0.0647
vn -0.7390 0.6607 -0.1314
vn -0.5831 0.7968 -0.1585
vn -0.4565 0.8726 -0.1736
vn -0.3417 0.9217 -0.1833
vn -0.2295 0.9546 -0.1899
vn -0.1173 0.9740 -0.1937
vn 0.0015 0.9808 -0.1951
vn 0.1318 0.9722 -0.1934
vn 0.2777 0.9422 -0.1874
vn 0.4422 0.8797 -0.1750
vn 0.6190 0.7703 -0.1532
vn 0.7833 0.6098 -0.1213
vn 0.9067 0.4136 -0.0823
vn 0.9775 0.2067 -0.0411
vn -0.9434 0.3317 -0.0000
vn -0.7390 0.6737 -0.0000
vn -0.5831 0.8124 -0.0000
vn -0.4565 0.8897 -0.0000
vn -0.3417 0.9398 -0.0000
vn -0.2295 0.9733 -0.0000
vn -0.1173 0.9931 -0.0000
vn 0.0015 1.0000 -0.0000
vn 0.1318 0.9913 -0.0000
vn 0.2777 0.9607 -0.0000
vn 0.4422 0.8969 -0.0000
vn 0.6190 0.7854 -0.0000
vn 0.7833 0.6217 -0.0000
vn 0.9067 0.4217 -0.0000
vn 0.9775 0.2108 -0.0000
vn -0.9434 0.3254 0.0647
vn -0.7390 0.6607 0.1314
vn -0.5831 0.7968 0.1585
vn -0.4565 0.8726 0.1736
vn -0.3417 0.9217 0.1833
vn -0.2295 0.9546 0.1899
vn -0.1173 0.9740 0.1937
vn 0.0015 0.9808 0.1951
vn 0.1318 0.9722 0.1934
vn 0.2777 0.9422 0.1874
vn 0.4422 0.8797 0.1750
vn 0.6190 0.7703 0.1532
vn 0.7833 0.6098 0.1213
vn 0.9067 0.4136 0.0823
vn 0.9775 0.2067 0.0411
vn -0.9434 0.3065 0.1270
vn -0.7390 0.6224 0.2578
vn -0.5831 0.7506 0.3109
vn -0.4565 0.8220 0.3405
vn -0.3417 0.8683 0.3596
vn -0.2295 0.8992 0.3725
vn -0.1173 0.9175 0.3800
vn 0.0015 0.9239 0.3827
vn 0.1318 0.9158 0.3793
vn 0.2777 0.8875 0.3676
vn 0.4422 0.8287 0.3432
vn 0.6190 0.7256 0.3005
vn 0.7833 0.5744 0.2379
vn 0.9067 0.3896 0.1614
vn 0.9775 0.1947 0.0807
vn -0.9434 0.2758 0.1843
vn -0.7390 0.5601 0.3743
vn -0.5831 0.6755 0.4514
vn -0.4565 0.7398 0.4943
vn -0.3417 0.7814 0.5221
vn -0.2295 0.8093 0.5407
vn -0.1173 0.8257 0.5517
vn 0.0015 0.8315 0.5556
vn 0.1318 0.8242 0.5507
vn 0.2777 0.7988 0.5337
vn 0.4422 0.7458 0.4983
vn 0.6190 0.6530 0.4363
vn 0.7833 0.5169 0.3454
vn 0.9067 0.3507 0.2343
vn 0.9775 0.1753 0.1171
vn -0.9434 0.2346 0.2346
vn -0.7390 0.4764 0.4764
vn -0.5831 0.5745 0.5745
vn -0.4565 0.6291 0.6291
vn -0.3417 0.6645 0.6645
vn -0.2295 0.6882 0.6882
vn -0.1173 0.7022 0.7022
vn 0.0015 0.7071 0.7071
vn 0.1318 0.7009 0.7009
vn 0.2777 0.6793 0.6793
vn 0.4422 0.6342 0.6342
vn 0.6190 0.5553 0.5553
vn 0.7833 0.4396 0.4396
vn 0.9067 0.2982 0.2982
vn 0.9775 0.1490 0.1490
vn -0.9434 0.1843 0.2758
vn -0.7390 0.3743 0.5601
vn -0.5831 0.4514 0.6755
vn -0.4565 0.4943 0.7398
vn -0.3417 0.5221 0.7814
vn -0.2295 0.5407 0.8093
vn -0.1173 0.5517 0.8257
vn 0.0015 0.5556 0.8315
vn 0.1318 0.5507 0.8242
vn 0.2777 0.5337 0.7988
vn 0.4422 0.4983 0.7458
vn 0.6190 0.4363 0.6530
vn 0.7833 0.3454 0.5169
vn 0.9067 0.2343 0.3507
vn 0.9775 0.1171 0.1753
vn -0.9434 0.1270 0.3065
vn -0.7390 0.2578 0.6224
vn -0.5831 0.3109 0.7506
vn -0.4565 0.3405 0.8220
vn -0.3417 0.3596 0.8683
vn -0.2295 0.3725 0.8992
vn -0.1173 0.3800 0.9175
vn 0.0015 0.3827 0.9239
vn 0.1318 0.3793 0.9158
vn 0.2777 0.3676 0.8875
vn 0.4422 0.3432 0.8287
vn 0.6190 0.3005 0.7256
vn 0.7833 0.2379 0.5744
vn 0.9067 0.1614 0.3896
vn 0.9775 0.0807 0.1947
vn -0.9434 0.0647 0.3254
vn -0.7390 0.1314 0.6607
vn -0.5831 0.1585 0.7968
vn -0.4565 0.1736 0.8726
vn -0.3417 0.1833 0.9217
vn -0.2295 0.1899 0.9546
vn -0.1173 0.1937 0.9740
vn 0.0015 0.1951 0.9808
vn 0.1318 0.1934 0.9722
vn 0.2777 0.1874 0.9422
vn 0.4422 0.1750 0.8797
vn 0.6190 0.1532 0.7703
vn 0.7833 0.1213 0.6098
vn 0.9067 0.0823 0.4136
vn 0.9775 0.0411 0.2067
vn -0.9434 -0.0000 0.3317
vn -0.7390 -0.0000 0.6737
vn -0.5831 -0.0000 0.8124
vn -0.4565 -0.0000 0.8897
vn -0.3417 -0.0000 0.9398
vn -0.2295 -0.0000 0.9733
vn -0.1173 -0.0000 0.9931
vn 0.0015 -0.0000 1.0000
vn 0.1318 -0.0000 0.9913
vn 0.2777 -0.0000 0.9607
vn 0.4422 -0.0000 0.8969
vn 0.6190 -0.0000 0.7854
vn 0.7833 -0.0000 0.6217
vn 0.9067 -0.0000 0.4217
vn 0.9775 -0.0000 0.2108
vn -0.9434 -0.0647 0.3254
vn -0.7390 -0.1314 0.6607
vn -0.5831 -0.1585 0.7968
vn -0.4565 -0.1736 0.8726
vn -0.3417 -0.1833 0.9217
vn -0.2295 -0.1899 0.9546
vn -0.1173 -0.1937 0.9740
vn 0.0015 -0.1951 0.9808
vn 0.1318 -0.1934 0.9722
vn 0.2777 -0.1874 0.9422
vn 0.4422 -0.1750 0.8797
vn 0.6190 -0.1532 0.7703
vn 0.7833 -0.1213 0.6098
vn 0.9067 -0.0823 0.4136
vn 0.9775 -0.0411 0.2067
vn -0.9434 -0.1270 0.3065
vn -0.7390 -0.2578 0.6224
vn -0.5831 -0.3109 0.7506
vn -0.4565 -0.3405 0.8220
vn -0.3417 -0.3596 0.8683
vn -0.2295 -0.3725 0.8992
vn -0.1173 -0.3800 0.9175
vn 0.0015 -0.3827 0.9239
vn 0.1318 -0.3793 0.9158
vn 0.2777 -0.3676 0.8875
vn 0.4422 -0.3432 0.8287
vn 0.6190 -0.3005 0.7256
vn 0.7833 -0.2379 0.5744
vn 0.9067 -0.1614 0.3896
vn 0.9775 -0.0807 0.1947
vn -0.9434 -0.1843 0.2758
vn -0.7390 -0.3743 0.5601
vn -0.5831 -0.4514 0.6755
vn -0.4565 -0.4943 0.7398
vn -0.3417 -0.5221 0.7814
vn -0.2295 -0.5407 0.8093
vn -0.1173 -0.5517 0.8257
vn 0.0015 -0.5556 0.8315
vn 0.1318 -0.5507 0.8242
vn 0.2777 -0.5337 0.7988
vn 0.4422 -0.4983 0.7458
vn 0.6190 -0.4363 0.6530
vn 0.7833 -0.3454 0.5169
vn 0.9067 -0.2343 0.3507
vn 0.9775 -0.1171 0.1752
vn -0.9434 -0.2346 0.2346
vn -0.7390 -0.4764 0.4764
vn -0.5831 -0.5745 0.5745
vn -0.4565 -0.6291 0.6291
vn -0.3417 -0.6645 0.6645
vn -0.2295 -0.6882 0.6882
vn -0.1173 -0.7022 0.7022
vn 0.0015 -0.7071 0.7071
vn 0.1318 -0.7009 0.7009
vn 0.2777 -0.6793 0.6793
vn 0.4422 -0.6342 0.6342
vn 0.6190 -0.5553 0.5553
vn 0.7833 -0.4396 0.4396
vn 0.9067 -0.2982 0.2982
vn 0.9775 -0.1490 0.1490
vn -0.9434 -0.2758 0.1843
vn -0.7390 -0.5601 0.3743
vn -0.5831 -0.6755 0.4514
vn -0.4565 -0.7398 0.4943
vn -0.3417 -0.7814 0.5221
vn -0.2295 -0.8093 0.5407
vn -0.1173 -0.8257 0.5517
vn 0.0015 -0.8315 0.5556
vn 0.1318 -0.8242 0.5507
vn 0.2777 -0.7988 0.5337
vn 0.4422 -0.7458 0.4983
vn 0.6190 -0.6530 0.4363
vn 0.7833 -0.5169 0.3454
vn 0.9067 -0.3507 0.2343
vn 0.9775 -0.1753 0.1171
vn -0.9434 -0.3065 0.1270
vn -0.7390 -0.6224 0.2578
vn -0.5831 -0.7506 0.3109
vn -0.4565 -0.8220 0.3405
vn -0.3417 -0.8683 0.3596
vn -0.2295 -0.8992 0.3725
vn -0.1173 -0.9175 0.3800
vn 0.0015 -0.9239 0.3827
vn 0.1318 -0.9158 0.3793
vn 0.2777 -0.8875 0.3676
vn 0.4422 -0.8287 0.3432
vn 0.6190 -0.7256 0.3005
vn 0.7833 -0.5744 0.2379
vn 0.9067 -0.3896 0.1614
vn 0.9775 -0.1947 0.0807
vn -0.9434 -0.3254 0.0647
vn -0.7390 -0.6607 0.1314
vn -0.5831 -0.7968 0.1585
vn -0.4565 -0.8726 0.1736
vn -0.3417 -0.9217 0.1833
vn -0.2295 -0.9546 0.1899
vn -0.1173 -0.9740 0.1937
vn 0.0015 -0.9808 0.1951
vn 0.1318 -0.9722 0.1934
vn 0.2777 -0.9422 0.1874
vn 0.4422 -0.8797 0.1750
vn 0.6190 -0.7703 0.1532
vn 0.7833 -0.6098 0.1213
vn 0.9067 -0.4136 0.0823
vn 0.9775 -0.2067 0.0411
vn -0.9434 -0.3317 -0.0000
vn -0.7390 -0.6737 -0.0000
vn -0.5831 -0.8124 -0.0000
vn -0.4565 -0.8897 -0.0000
vn -0.3417 -0.9398 -0.0000
vn -0.2295 -0.9733 -0.0000
vn -0.1173 -0.9931 -0.0000
vn 0.0015 -1.0000 -0.0000
vn 0.1318 -0.9913 -0.0000
vn 0.2777 -0.9607 -0.0000
vn 0.4422 -0.8969 -0.0000
vn 0.6190 -0.7854 -0.0000
vn 0.7833 -0.6217 -0.0000
vn 0.9067 -0.4217 -0.0000
vn 0.9775 -0.2108 -0.0000
vn -0.9434 -0.3254 -0.0647
vn -0.7390 -0.6607 -0.1314
vn -0.5831 -0.7968 -0.1585
vn -0.4565 -0.8726 -0.1736
vn -0.3417 -0.9217 -0.1833
vn -0.2295 -0.9546 -0.1899
vn -0.1173 -0.9740 -0.1937
vn 0.0015 -0.9808 -0.1951
vn 0.1318 -0.9722 -0.1934
vn 0.2777 -0.9422 -0.1874
vn 0.4422 -0.8797 -0.1750
vn 0.6190 -0.7703 -0.1532
vn 0.7833 -0.6098 -0.1213
vn 0.9067 -0.4136 -0.0823
vn 0.9775 -0.2067 -0.0411
vn -0.9434 -0.3065 -0.1270
vn -0.7390 -0.6224 -0.2578
vn -0.5831 -0.7506 -0.3109
vn -0.4565 -0.8220 -0.3405
vn -0.3417 -0.8683 -0.3596
vn -0.2295 -0.8992 -0.3725
vn -0.1173 -0.9175 -0.3800
vn 0.0015 -0.9239 -0.3827
vn 0.1318 -0.9158 -0.3793
vn 0.2777 -0.8875 -0.3676
vn 0.4422 -0.8287 -0.3432
vn 0.6190 -0.7256 -0.3005
vn 0.7833 -0.5744 -0.2379
vn 0.9067 -0.3896 -0.1614
vn 0.9775 -0.1947 -0.0807
vn -0.9434 -0.2758 -0.1843
vn -0.7390 -0.5601 -0.3743
vn -0.5831 -0.6755 -0.4514
vn -0.4565 -0.7398 -0.4943
vn -0.3417 -0.7814 -0.5221
vn -0.2295 -0.8093 -0.5407
vn -0.1173 -0.8257 -0.5517
vn 0.0015 -0.8315 -0.5556
vn 0.1318 -0.8242 -0.5507
vn 0.2777 -0.7988 -0.5337
vn 0.4422 -0.7458 -0.4983
vn 0.6190 -0.6530 -0.4363
vn 0.7833 -0.5169 -0.3454
vn 0.9067 -0.3507 -0.2343
vn 0.9775 -0.1753 -0.1171
vn -0.9434 -0.2346 -0.2346
vn -0.7390 -0.4764 -0.4764
vn -0.5831 -0.5745 -0.5745
vn -0.4565 -0.6291 -0.6291
vn -0.3417 -0.6645 -0.6645
vn -0.2295 -0.6882 -0.6882
vn -0.1173 -0.7022 -0.7022
vn 0.0015 -0.7071 -0.7071
vn 0.1318 -0.7009 -0.7009
vn 0.2777 -0.6793 -0.6793
vn 0.4422 -0.6342 -0.6342
vn 0.6190 -0.5553 -0.5553
vn 0.7833 -0.4396 -0.4396
vn 0.9067 -0.2982 -0.2982
vn 0.9775 -0.1490 -0.1490
vn -0.9434 -0.1843 -0.2758
vn -0.7390 -0.3743 -0.5601
vn -0.5831 -0.4514 -0.6755
vn -0.4565 -0.4943 -0.7398
vn -0.3417 -0.5221 -0.7814
vn -0.2295 -0.5407 -0.8093
vn -0.1173 -0.5517 -0.8257
vn 0.0015 -0.5556 -0.8315
vn 0.1318 -0.5507 -0.8242
vn 0.2777 -0.5337 -0.7988
vn 0.4422 -0.4983 -0.7458
vn 0.6190 -0.4363 -0.6530
vn 0.7833 -0.3454 -0.5169
vn 0.9067 -0.2343 -0.3507
vn 0.9775 -0.1171 -0.1753
vn -0.9434 -0.1270 -0.3065
vn -0.7390 -0.2578 -0.6224
vn -0.5831 -0.3109 -0.7506
vn -0.4565 -0.3405 -0.8220
vn -0.3417 -0.3596 -0.8683
vn -0.2295 -0.3725 -0.8992
vn -0.1173 -0.3800 -0.9175
vn 0.0015 -0.3827 -0.9239
vn 0.1318 -0.3793 -0.9158
vn 0.2777 -0.3676 -0.8875
vn 0.4422 -0.3432 -0.8287
vn 0.6190 -0.3005 -0.7256
vn 0.7833 -0.2379 -0.5744
vn 0.9067 -0.1614 -0.3896
vn 0.9775 -0.0807 -0.1947
vn -0.9434 -0.0647 -0.3254
vn -0.7390 -0.1314 -0.6607
vn -0.5831 -0.1585 -0.7968
vn -0.4565 -0.1736 -0.8726
vn -0.3417 -0.1833 -0.9217
vn -0.2295 -0.1899 -0.9546
vn -0.1173 -0.1937 -0.9740
vn 0.0015 -0.1951 -0.9808
vn 0.1318 -0.1934 -0.9722
vn 0.2777 -0.1874 -0.9422
vn 0.4422 -0.1750 -0.8797
vn 0.6190 -0.1532 -0.7703
vn 0.7833 -0.1213 -0.6098
vn 0.9067 -0.0823 -0.4136
vn 0.9775 -0.0411 -0.2067
vn -0.9434 -0.0000 -0.3317
vn -0.7390 -0.0000 -0.6737
vn -0.4565 -0.0000 -0.8897
vn -0.2295 -0.0000 -0.9733
vn 0.2777 -0.0000 -0.9607
vn 0.6190 -0.0000 -0.7854
vn 0.7833 -0.0000 -0.6217
vn 0.9067 -0.0000 -0.4217
vn 0.9775 -0.0000 -0.2108
vn 0.5831 -0.0000 -0.8124
vn 0.3417 -0.0000 -0.9398
vn 0.1173 -0.0000 -0.9931
vn -0.0015 -0.0000 -1.0000
vn -0.1318 -0.0000 -0.9913
vn -0.4422 -0.0000 -0.8969
vn 0.9434 0.0647 -0.3254
vn 0.7390 0.1314 -0.6607
vn 0.5831 0.1585 -0.7968
vn 0.4565 0.1736 -0.8726
vn 0.3417 0.1833 -0.9217
vn 0.2295 0.1899 -0.9546
vn 0.1173 0.1937 -0.9740
vn -0.0015 0.1951 -0.9808
vn -0.1318 0.1934 -0.9722
vn -0.2777 0.1874 -0.9422
vn -0.4422 0.1750 -0.8797
vn -0.6190 0.1532 -0.7703
vn -0.7833 0.1213 -0.6098
vn -0.9067 0.0823 -0.4136
vn -0.9775 0.0411 -0.2067
vn 0.9434 0.1270 -0.3065
vn 0.7390 0.2578 -0.6224
vn 0.5831 0.3109 -0.7506
vn 0.4565 0.3405 -0.8220
vn 0.3417 0.3596 -0.8683
vn 0.2295 0.3725 -0.8992
vn 0.1173 0.3800 -0.9175
vn -0.0015 0.3827 -0.9239
vn -0.1318 0.3793 -0.9158
vn -0.2777 0.3676 -0.8875
vn -0.4422 0.3432 -0.8287
vn -0.6190 0.3005 -0.7256
vn -0.7833 0.2379 -0.5744
vn -0.9067 0.1614 -0.3896
vn -0.9775 0.0807 -0.1947
vn 0.9434 0.1843 -0.2758
vn 0.7390 0.3743 -0.5601
vn 0.5831 0.4514 -0.6755
vn 0.4565 0.4943 -0.7398
vn 0.3417 0.5221 -0.7814
vn 0.2295 0.5407 -0.8093
vn 0.1173 0.5517 -0.8257
vn -0.0015 0.5556 -0.8315
vn -0.1318 0.5507 -0.8242
vn -0.2777 0.5337 -0.7988
vn -0.4422 0.4983 -0.7458
vn -0.6190 0.4363 -0.6530
vn -0.7833 0.3454 -0.5169
vn -0.9067 0.2343 -0.3507
vn -0.9775 0.1171 -0.1752
vn 0.9434 0.2346 -0.2346
vn 0.7390 0.4764 -0.4764
vn 0.5831 0.5745 -0.5745
vn 0.4565 0.6291 -0.6291
vn 0.3417 0.6645 -0.6645
vn 0.2295 0.6882 -0.6882
vn 0.1173 0.7022 -0.7022
vn -0.0015 0.7071 -0.7071
vn -0.1318 0.7009 -0.7009
vn -0.2777 0.6793 -0.6793
vn -0.4422 0.6342 -0.6342
vn -0.6190 0.5553 -0.5553
vn -0.7833 0.4396 -0.4396
vn -0.9067 0.2982 -0.2982
vn -0.9775 0.1490 -0.1490
vn 0.9434 0.2758 -0.1843
vn 0.7390 0.5601 -0.3743
vn 0.5831 0.6755 -0.4514
vn 0.4565 0.7398 -0.4943
vn 0.3417 0.7814 -0.5221
vn 0.2295 0.8093 -0.5407
vn 0.1173 0.8257 -0.5517
vn -0.0015 0.8315 -0.5556
vn -0.1318 0.8242 -0.5507
vn -0.2777 0.7988 -0.5337
vn -0.4422 0.7458 -0.4983
vn -0.6190 0.6530 -0.4363
vn -0.7833 0.5169 -0.3454
vn -0.9067 0.3507 -0.2343
vn -0.9775 0.1753 -0.1171
vn 0.9434 0.3065 -0.1270
vn 0.7390 0.6224 -0.2578
vn 0.5831 0.7506 -0.3109
vn 0.4565 0.8220 -0.3405
vn 0.3417 0.8683 -0.3596
vn 0.2295 0.8992 -0.3725
vn 0.1173 0.9175 -0.3800
vn -0.0015 0.9239 -0.3827
vn -0.1318 0.9158 -0.3793
vn -0.2777 0.8875 -0.3676
vn -0.4422 0.8287 -0.3432
vn -0.6190 0.7256 -0.3005
vn -0.7833 0.5744 -0.2379
vn -0.9067 0.3896 -0.1614
vn -0.9775 0.1947 -0.0807
vn 0.9434 0.3254 -0.0647
vn 0.7390 0.6607 -0.1314
vn 0.5831 0.7968 -0.1585
vn 0.4565 0.8726 -0.1736
vn 0.3417 0.9217 -0.1833
vn 0.2295 0.9546 -0.1899
vn 0.1173 0.9740 -0.1937
vn -0.0015 0.9808 -0.1951
vn -0.1318 0.9722 -0.1934
vn -0.2777 0.9422 -0.1874
vn -0.4422 0.8797 -0.1750
vn -0.6190 0.7703 -0.1532
vn -0.7833 0.6098 -0.1213
vn -0.9067 0.4136 -0.0823
vn -0.9775 0.2067 -0.0411
vn 0.9434 0.3317 -0.0000
vn 0.7390 0.6737 -0.0000
vn 0.5831 0.8124 -0.0000
vn 0.4565 0.8897 -0.0000
vn 0.3417 0.9398 -0.0000
vn 0.2295 0.9733 -0.0000
vn 0.1173 0.9931 -0.0000
vn -0.0015 1.0000 -0.0000
vn -0.1318 0.9913 -0.0000
vn -0.2777 0.9607 -0.0000
vn -0.4422 0.8969 -0.0000
vn -0.6190 0.7854 -0.0000
vn -0.7833 0.6217 -0.0000
vn -0.9067 0.4217 -0.0000
vn -0.9775 0.2108 -0.0000
vn 0.9434 0.3254 0.0647
vn 0.7390 0.6607 0.1314
vn 0.5831 0.7968 0.1585
vn 0.4565 0.8726 0.1736
vn 0.3417 0.9217 0.1833
vn 0.2295 0.9546 0.1899
vn 0.1173 0.9740 0.1937
vn -0.0015 0.9808 0.1951
vn -0.1318 0.9722 0.1934
vn -0.2777 0.9422 0.1874
vn -0.4422 0.8797 0.1750
vn -0.6190 0.7703 0.1532
vn -0.7833 0.6098 0.1213
vn -0.9067 0.4136 0.0823
vn -0.9775 0.2067 0.0411
vn 0.9434 0.3065 0.1270
vn 0.7390 0.6224 0.2578
vn 0.5831 0.7506 0.3109
vn 0.4565 0.8220 0.3405
vn 0.3417 0.8683 0.3596
vn 0.2295 0.8992 0.3725
vn 0.1173 0.9175 0.3800
vn -0.0015 0.9239 0.3827
vn -0.1318 0.9158 0.3793
vn -0.2777 0.8875 0.3676
vn -0.4422 0.8287 0.3432
vn -0.6190 0.7256 0.3005
vn -0.7833 0.5744 0.2379
vn -0.9067 0.3896 0.1614
vn -0.9775 0.1947 0.0807
vn 0.9434 0.2758 0.1843
vn 0.7390 0.5601 0.3743
vn 0.5831 0.6755 0.4514
vn 0.4565 0.7398 0.4943
vn 0.3417 0.7814 0.5221
vn 0.2295 0.8093 0.5407
vn 0.1173 0.8257 0.5517
vn -0.0015 0.8315 0.5556
vn -0.1318 0.8242 0.5507
vn -0.2777 0.7988 0.5337
vn -0.4422 0.7458 0.4983
vn -0.6190 0.6530 0.4363
vn -0.7833 0.5169 0.3454
vn -0.9067 0.3506 0.2343
vn -0.9775 0.1752 0.1171
vn 0.9434 0.2346 0.2346
vn 0.7390 0.4764 0.4764
vn 0.5831 0.5745 0.5745
vn 0.4565 0.6291 0.6291
vn 0.3417 0.6645 0.6645
vn 0.2295 0.6882 0.6882
vn 0.1173 0.7022 0.7022
vn -0.0015 0.7071 0.7071
vn -0.1318 0.7009 0.7009
vn -0.2777 0.6793 0.6793
vn -0.4422 0.6342 0.6342
vn -0.6190 0.5553 0.5553
vn -0.7833 0.4396 0.4396
vn -0.9067 0.2982 0.2982
vn -0.9775 0.1490 0.1490
vn 0.9434 0.1843 0.2758
vn 0.7390 0.3743 0.5601
vn 0.5831 0.4514 0.6755
vn 0.4565 0.4943 0.7398
vn 0.3417 0.5221 0.7814
vn 0.2295 0.5407 0.8093
vn 0.1173 0.5517 0.8257
vn -0.0015 0.5556 0.8315
vn -0.1318 0.5507 0.8242
vn -0.2777 0.5337 0.7988
vn -0.4422 0.4983 0.7458
vn -0.6190 0.4363 0.6530
vn -0.7833 0.3454 0.5169
vn -0.9067 0.2343 0.3506
vn -0.9775 0.1171 0.1752
vn 0.9434 0.1270 0.3065
vn 0.7390 0.2578 0.6224
vn 0.5831 0.3109 0.7506
vn 0.4565 0.3405 0.8220
vn 0.3417 0.3596 0.8683
vn 0.2295 0.3725 0.8992
vn 0.1173 0.3800 0.9175
vn -0.0015 0.3827 0.9239
vn -0.1318 0.3793 0.9158
vn -0.2777 0.3676 0.8875
vn -0.4422 0.3432 0.8287
vn -0.6190 0.3005 0.7256
vn -0.7833 0.2379 0.5744
vn -0.9067 0.1614 0.3896
vn -0.9775 0.0807 0.1947
vn 0.9434 0.0647 0.3254
vn 0.7390 0.1314 0.6607
vn 0.5831 0.1585 0.7968
vn 0.4565 0.1736 0.8726
vn 0.3417 0.1833 0.9217
vn 0.2295 0.1899 0.9546
vn 0.1173 0.1937 0.9740
vn -0.0015 0.1951 0.9808
vn -0.1318 0.1934 0.9722
vn -0.2777 0.1874 0.9422
vn -0.4422 0.1750 0.8797
vn -0.6190 0.1532 0.7703
vn -0.7833 0.1213 0.6098
vn -0.9067 0.0823 0.4136
vn -0.9775 0.0411 0.2067
vn 0.9434 -0.0000 0.3317
vn 0.7390 -0.0000 0.6737
vn 0.5831 -0.0000 0.8124
vn 0.4565 -0.0000 0.8897
vn 0.3417 -0.0000 0.9398
vn 0.2295 -0.0000 0.9733
vn 0.1173 -0.0000 0.9931
vn -0.0015 -0.0000 1.0000
vn -0.1318 -0.0000 0.9913
vn -0.2777 -0.0000 0.9607
vn -0.4422 -0.0000 0.8969
vn -0.6190 -0.0000 0.7854
vn -0.7833 -0.0000 0.6217
vn -0.9067 -0.0000 0.4217
vn -0.9775 -0.0000 0.2108
vn 0.9434 -0.0647 0.3254
vn 0.7390 -0.1314 0.6607
vn 0.5831 -0.1585 0.7968
vn 0.4565 -0.1736 0.8726
vn 0.3417 -0.1833 0.9217
vn 0.2295 -0.1899 0.9546
vn 0.1173 -0.1937 0.9740
vn -0.0015 -0.1951 0.9808
vn -0.1318 -0.1934 0.9722
vn -0.2777 -0.1874 0.9422
vn -0.4422 -0.1750 0.8797
vn -0.6190 -0.1532 0.7703
vn -0.7833 -0.1213 0.6098
vn -0.9067 -0.0823 0.4136
vn -0.9775 -0.0411 0.2067
vn 0.9434 -0.1270 0.3065
vn 0.7390 -0.2578 0.6224
vn 0.5831 -0.3109 0.7506
vn 0.4565 -0.3405 0.8220
vn 0.3417 -0.3596 0.8683
vn 0.2295 -0.3725 0.8992
vn 0.1173 -0.3800 0.9175
vn -0.0015 -0.3827 0.9239
vn -0.1318 -0.3793 0.9158
vn -0.2777 -0.3676 0.8875
vn -0.4422 -0.3432 0.8287
vn -0.6190 -0.3005 0.7256
vn -0.7833 -0.2379 0.5744
vn -0.9067 -0.1614 0.3896
vn -0.9775 -0.0807 0.1947
vn 0.9434 -0.1843 0.2758
vn 0.7390 -0.3743 0.5601
vn 0.5831 -0.4514 0.6755
vn 0.4565 -0.4943 0.7398
vn 0.3417 -0.5221 0.7814
vn 0.2295 -0.5407 0.8093
vn 0.1173 -0.5517 0.8257
vn -0.0015 -0.5556 0.8315
vn -0.1318 -0.5507 0.8242
vn -0.2777 -0.5337 0.7988
vn -0.4422 -0.4983 0.7458
vn -0.6190 -0.4363 0.6530
vn -0.7833 -0.3454 0.5169
vn -0.9067 -0.2343 0.3506
vn -0.9775 -0.1171 0.1753
vn 0.9434 -0.2346 0.2346
vn 0.7390 -0.4764 0.4764
vn 0.5831 -0.5745 0.5745
vn 0.4565 -0.6291 0.6291
vn 0.3417 -0.6645 0.6645
vn 0.2295 -0.6882 0.6882
vn 0.1173 -0.7022 0.7022
vn -0.0015 -0.7071 0.7071
vn -0.1318 -0.7009 0.7009
vn -0.2777 -0.6793 0.6793
vn -0.4422 -0.6342 0.6342
vn -0.6190 -0.5553 0.5553
vn -0.7833 -0.4396 0.4396
vn -0.9067 -0.2982 0.2982
vn -0.9775 -0.1490 0.1490
vn 0.9434 -0.2758 0.1843
vn 0.7390 -0.5601 0.3743
vn 0.5831 -0.6755 0.4514
vn 0.4565 -0.7398 0.4943
vn 0.3417 -0.7814 0.5221
vn 0.2295 -0.8093 0.5407
vn 0.1173 -0.8257 0.5517
vn -0.0015 -0.8315 0.5556
vn -0.1318 -0.8242 0.5507
vn -0.2777 -0.7988 0.5337
vn -0.4422 -0.7458 0.4983
vn -0.6190 -0.6530 0.4363
vn -0.7833 -0.5169 0.3454
vn -0.9067 -0.3507 0.2343
vn -0.9775 -0.1753 0.1171
vn 0.9434 -0.3065 0.1270
vn 0.7390 -0.6224 0.2578
vn 0.5831 -0.7506 0.3109
vn 0.4565 -0.8220 0.3405
vn 0.3417 -0.8683 0.3596
vn 0.2295 -0.8992 0.3725
vn 0.1173 -0.9175 0.3800
vn -0.0015 -0.9239 0.3827
vn -0.1318 -0.9158 0.3793
vn -0.2777 -0.8875 0.3676
vn -0.4422 -0.8287 0.3432
vn -0.6190 -0.7256 0.3005
vn -0.7833 -0.5744 0.2379
vn -0.9067 -0.3896 0.1614
vn -0.9775 -0.1947 0.0807
vn 0.9434 -0.3254 0.0647
vn 0.7390 -0.6607 0.1314
vn 0.5831 -0.7968 0.1585
vn 0.4565 -0.8726 0.1736
vn 0.3417 -0.9217 0.1833
vn 0.2295 -0.9546 0.1899
vn 0.1173 -0.9740 0.1937
vn -0.0015 -0.9808 0.1951
vn -0.1318 -0.9722 0.1934
vn -0.2777 -0.9422 0.1874
vn -0.4422 -0.8797 0.1750
vn -0.6190 -0.7703 0.1532
vn -0.7833 -0.6098 0.1213
vn -0.9067 -0.4136 0.0823
vn -0.9775 -0.2067 0.0411
vn 0.9434 -0.3317 -0.0000
vn 0.7390 -0.6737 -0.0000
vn 0.5831 -0.8124 -0.0000
vn 0.4565 -0.8897 -0.0000
vn 0.3417 -0.9398 -0.0000
vn 0.2295 -0.9733 -0.0000
vn 0.1173 -0.9931 -0.0000
vn -0.0015 -1.0000 -0.0000
vn -0.1318 -0.9913 -0.0000
vn -0.2777 -0.9607 -0.0000
vn -0.4422 -0.8969 -0.0000
vn -0.6190 -0.7854 -0.0000
vn -0.7833 -0.6217 -0.0000
vn -0.9067 -0.4217 -0.0000
vn -0.9775 -0.2108 -0.0000
vn 0.9434 -0.3254 -0.0647
vn 0.7390 -0.6607 -0.1314
vn 0.5831 -0.7968 -0.1585
vn 0.4565 -0.8726 -0.1736
vn 0.3417 -0.9217 -0.1833
vn 0.2295 -0.9546 -0.1899
vn 0.1173 -0.9740 -0.1937
vn -0.0015 -0.9808 -0.1951
vn -0.1318 -0.9722 -0.1934
vn -0.2777 -0.9422 -0.1874
vn -0.4422 -0.8797 -0.1750
vn -0.6190 -0.7703 -0.1532
vn -0.7833 -0.6098 -0.1213
vn -0.9067 -0.4136 -0.0823
vn -0.9775 -0.2067 -0.0411
vn 0.9434 -0.3065 -0.1270
vn 0.7390 -0.6224 -0.2578
vn 0.5831 -0.7506 -0.3109
vn 0.4565 -0.8220 -0.3405
vn 0.3417 -0.8683 -0.3596
vn 0.2295 -0.8992 -0.3725
vn 0.1173 -0.9175 -0.3800
vn -0.0015 -0.9239 -0.3827
vn -0.1318 -0.9158 -0.3793
vn -0.2777 -0.8875 -0.3676
vn -0.4422 -0.8287 -0.3432
vn -0.6190 -0.7256 -0.3005
vn -0.7833 -0.5744 -0.2379
vn -0.9067 -0.3896 -0.1614
vn -0.9775 -0.1947 -0.0807
vn 0.9434 -0.2758 -0.1843
vn 0.7390 -0.5601 -0.3743
vn 0.5831 -0.6755 -0.4514
vn 0.4565 -0.7398 -0.4943
vn 0.3417 -0.7814 -0.5221
vn 0.2295 -0.8093 -0.5407
vn 0.1173 -0.8257 -0.5517
vn -0.0015 -0.8315 -0.5556
vn -0.1318 -0.8242 -0.5507
vn -0.2777 -0.7988 -0.5337
vn -0.4422 -0.7458 -0.4983
vn -0.6190 -0.6530 -0.4363
vn -0.7833 -0.5169 -0.3454
vn -0.9067 -0.3506 -0.2343
vn -0.9775 -0.1753 -0.1171
vn 0.9434 -0.2346 -0.2346
vn 0.7390 -0.4764 -0.4764
vn 0.5831 -0.5745 -0.5745
vn 0.4565 -0.6291 -0.6291
vn 0.3417 -0.6645 -0.6645
vn 0.2295 -0.6882 -0.6882
vn 0.1173 -0.7022 -0.7022
vn -0.0015 -0.7071 -0.7071
vn -0.1318 -0.7009 -0.7009
vn -0.2777 -0.6793 -0.6793
vn -0.4422 -0.6342 -0.6342
vn -0.6190 -0.5553 -0.5553
vn -0.7833 -0.4396 -0.4396
vn -0.9067 -0.2982 -0.2982
vn -0.9775 -0.1490 -0.1490
vn 0.9434 -0.1843 -0.2758
vn 0.7390 -0.3743 -0.5601
vn 0.5831 -0.4514 -0.6755
vn 0.4565 -0.4943 -0.7398
vn 0.3417 -0.5221 -0.7814
vn 0.2295 -0.5407 -0.8093
vn 0.1173 -0.5517 -0.8257
vn -0.0015 -0.5556 -0.8315
vn -0.1318 -0.5507 -0.8242
vn -0.2777 -0.5337 -0.7988
vn -0.4422 -0.4983 -0.7458
vn -0.6190 -0.4363 -0.6530
vn -0.7833 -0.3454 -0.5169
vn -0.9067 -0.2343 -0.3507
vn -0.9775 -0.1171 -0.1753
vn 0.9434 -0.1270 -0.3065
vn 0.7390 -0.2578 -0.6224
vn 0.5831 -0.3109 -0.7506
vn 0.4565 -0.3405 -0.8220
vn 0.3417 -0.3596 -0.8683
vn 0.2295 -0.3725 -0.8992
vn 0.1173 -0.3800 -0.9175
vn -0.0015 -0.3827 -0.9239
vn -0.1318 -0.3793 -0.9158
vn -0.2777 -0.3676 -0.8875
vn -0.4422 -0.3432 -0.8287
vn -0.6190 -0.3005 -0.7256
vn -0.7833 -0.2379 -0.5744
vn -0.9067 -0.1614 -0.3896
vn -0.9775 -0.0807 -0.1947
vn 0.9434 -0.0647 -0.3254
vn 0.7390 -0.1314 -0.6607
vn 0.5831 -0.1585 -0.7968
vn 0.4565 -0.1736 -0.8726
vn 0.3417 -0.1833 -0.9217
vn 0.2295 -0.1899 -0.9546
vn 0.1173 -0.1937 -0.9740
vn -0.0015 -0.1951 -0.9808
vn -0.1318 -0.1934 -0.9722
vn -0.2777 -0.1874 -0.9422
vn -0.4422 -0.1750 -0.8797
vn -0.6190 -0.1532 -0.7703
vn -0.7833 -0.1213 -0.6098
vn -0.9067 -0.0823 -0.4136
vn -0.9775 -0.0411 -0.2067
vn 0.9434 -0.0000 -0.3317
vn 0.7390 -0.0000 -0.6737
vn 0.4565 -0.0000 -0.8897
vn 0.2295 -0.0000 -0.9733
vn -0.2777 -0.0000 -0.9607
vn -0.6190 -0.0000 -0.7854
vn -0.7833 -0.0000 -0.6217
vn -0.9067 -0.0000 -0.4217
vn -0.9775 -0.0000 -0.2108
vn 0.4123 -0.4123 -0.8124
vn 0.2416 -0.2416 -0.9398
vn 0.0830 -0.0830 -0.9931
vn -0.0010 0.0010 -1.0000
vn -0.0932 0.0932 -0.9913
vn -0.3127 0.3127 -0.8969
vn 0.7128 -0.6213 -0.3254
vn 0.6155 -0.4296 -0.6607
vn 0.5244 -0.3002 -0.7968
vn 0.4455 -0.2001 -0.8726
vn 0.3713 -0.1120 -0.9217
vn 0.2965 -0.0280 -0.9546
vn 0.2200 0.0540 -0.9740
vn 0.1369 0.1390 -0.9808
vn 0.0435 0.2300 -0.9722
vn -0.0638 0.3289 -0.9422
vn -0.1889 0.4364 -0.8797
vn -0.3294 0.5461 -0.7703
vn -0.4681 0.6396 -0.6098
vn -0.5830 0.6993 -0.4136
vn -0.6621 0.7203 -0.2067
vn 0.7568 -0.5773 -0.3065
vn 0.7049 -0.3403 -0.6224
vn 0.6321 -0.1925 -0.7506
vn 0.5635 -0.0820 -0.8220
vn 0.4959 0.0127 -0.8683
vn 0.4256 0.1011 -0.8992
vn 0.3517 0.1858 -0.9175
vn 0.2696 0.2716 -0.9239
vn 0.1750 0.3614 -0.9158
vn 0.0636 0.4563 -0.8875
vn -0.0700 0.5554 -0.8287
vn -0.2252 0.6502 -0.7256
vn -0.3856 0.7221 -0.5744
vn -0.5270 0.7553 -0.3896
vn -0.6342 0.7483 -0.1947
vn 0.7974 -0.5367 -0.2758
vn 0.7872 -0.2579 -0.5601
vn 0.7315 -0.0931 -0.6755
vn 0.6723 0.0267 -0.7398
vn 0.6108 0.1276 -0.7814
vn 0.5446 0.2201 -0.8093
vn 0.4731 0.3072 -0.8257
vn 0.3918 0.3939 -0.8315
vn 0.2962 0.4826 -0.8242
vn 0.1811 0.5737 -0.7988
vn 0.0397 0.6650 -0.7458
vn -0.1292 0.7463 -0.6530
vn -0.3096 0.7981 -0.5169
vn -0.4755 0.8068 -0.3506
vn -0.6084 0.7740 -0.1753
vn 0.8329 -0.5012 -0.2346
vn 0.8594 -0.1857 -0.4764
vn 0.8185 -0.0061 -0.5745
vn 0.7677 0.1221 -0.6291
vn 0.7115 0.2283 -0.6645
vn 0.6489 0.3244 -0.6882
vn 0.5795 0.4136 -0.7022
vn 0.4990 0.5010 -0.7071
vn 0.4024 0.5888 -0.7009
vn 0.2840 0.6767 -0.6793
vn 0.1358 0.7611 -0.6342
vn -0.0450 0.8304 -0.5553
vn -0.2430 0.8647 -0.4396
vn -0.4303 0.8520 -0.2982
vn -0.5858 0.7966 -0.1490
vn 0.8621 -0.4720 -0.1843
vn 0.9187 -0.1265 -0.3743
vn 0.8899 0.0654 -0.4514
vn 0.8459 0.2003 -0.4943
vn 0.7942 0.3109 -0.5221
vn 0.7345 0.4100 -0.5407
vn 0.6668 0.5009 -0.5517
vn 0.5869 0.5890 -0.5556
vn 0.4896 0.6760 -0.5507
vn 0.3685 0.7612 -0.5337
vn 0.2147 0.8400 -0.4983
vn 0.0240 0.8995 -0.4363
vn -0.1883 0.9194 -0.3454
vn -0.3932 0.8891 -0.2343
vn -0.5673 0.8151 -0.1171
vn 0.7071 -0.7071 -0.0000
vn 0.8838 -0.4503 -0.1270
vn 0.9627 -0.0825 -0.2578
vn 0.9430 0.1184 -0.3109
vn 0.9040 0.2584 -0.3405
vn 0.8556 0.3723 -0.3596
vn 0.7981 0.4736 -0.3725
vn 0.7317 0.5658 -0.3800
vn 0.6523 0.6543 -0.3827
vn 0.5544 0.7408 -0.3793
vn 0.4312 0.8239 -0.3676
vn 0.2733 0.8986 -0.3432
vn 0.0753 0.9508 -0.3005
vn -0.1477 0.9600 -0.2379
vn -0.3656 0.9167 -0.1614
vn -0.5535 0.8289 -0.0807
vn 0.8971 -0.4370 -0.0647
vn 0.9898 -0.0554 -0.1314
vn 0.9757 0.1511 -0.1585
vn 0.9398 0.2942 -0.1736
vn 0.8934 0.4101 -0.1833
vn 0.8373 0.5127 -0.1899
vn 0.7717 0.6058 -0.1937
vn 0.6925 0.6945 -0.1951
vn 0.5943 0.7807 -0.1934
vn 0.4699 0.8626 -0.1874
vn 0.3094 0.9347 -0.1750
vn 0.1069 0.9824 -0.1532
vn -0.1227 0.9850 -0.1213
vn -0.3487 0.9336 -0.0823
vn -0.5450 0.8374 -0.0411
vn 0.9016 -0.4325 -0.0000
vn 0.9989 -0.0462 -0.0000
vn 0.9868 0.1622 -0.0000
vn 0.9519 0.3063 -0.0000
vn 0.9062 0.4229 -0.0000
vn 0.8505 0.5260 -0.0000
vn 0.7852 0.6193 -0.0000
vn 0.7061 0.7081 -0.0000
vn 0.6077 0.7941 -0.0000
vn 0.4830 0.8756 -0.0000
vn 0.3216 0.9469 -0.0000
vn 0.1176 0.9931 -0.0000
vn -0.1142 0.9935 -0.0000
vn -0.3429 0.9394 -0.0000
vn -0.5422 0.8403 -0.0000
vn 0.8971 -0.4370 0.0647
vn 0.9898 -0.0554 0.1314
vn 0.9757 0.1511 0.1585
vn 0.9398 0.2942 0.1736
vn 0.8934 0.4101 0.1833
vn 0.8373 0.5127 0.1899
vn 0.7717 0.6058 0.1937
vn 0.6925 0.6945 0.1951
vn 0.5943 0.7807 0.1934
vn 0.4699 0.8626 0.1874
vn 0.3094 0.9347 0.1750
vn 0.1069 0.9824 0.1532
vn -0.1227 0.9850 0.1213
vn -0.3487 0.9336 0.0823
vn -0.5450 0.8374 0.0411
vn 0.8838 -0.4503 0.1270
vn 0.9627 -0.0825 0.2578
vn 0.9430 0.1184 0.3109
vn 0.9040 0.2584 0.3405
vn 0.8556 0.3723 0.3596
vn 0.7981 0.4736 0.3725
vn 0.7317 0.5658 0.3800
vn 0.6523 0.6543 0.3827
vn 0.5544 0.7408 0.3793
vn 0.4312 0.8239 0.3676
vn 0.2733 0.8986 0.3432
vn 0.0753 0.9508 0.3005
vn -0.1477 0.9600 0.2379
vn -0.3656 0.9167 0.1614
vn -0.5535 0.8289 0.0807
vn 0.8621 -0.4720 0.1843
vn 0.9187 -0.1265 0.3743
vn 0.8899 0.0654 0.4514
vn 0.8459 0.2003 0.4943
vn 0.7942 0.3109 0.5221
vn 0.7345 0.4100 0.5407
vn 0.6668 0.5009 0.5517
vn 0.5869 0.5890 0.5556
vn 0.4896 0.6760 0.5507
vn 0.3685 0.7612 0.5337
vn 0.2147 0.8400 0.4983
vn 0.0240 0.8995 0.4363
vn -0.1883 0.9194 0.3454
vn -0.3932 0.8891 0.2343
vn -0.5673 0.8151 0.1171
vn 0.8329 -0.5012 0.2346
vn 0.8594 -0.1857 0.4764
vn 0.8185 -0.0061 0.5745
vn 0.7677 0.1221 0.6291
vn 0.7115 0.2283 0.6645
vn 0.6489 0.3244 0.6882
vn 0.5795 0.4136 0.7022
vn 0.4990 0.5010 0.7071
vn 0.4024 0.5888 0.7009
vn 0.2840 0.6767 0.6793
vn 0.1358 0.7611 0.6342
vn -0.0450 0.8304 0.5553
vn -0.2430 0.8647 0.4396
vn -0.4303 0.8520 0.2982
vn -0.5858 0.7966 0.1490
vn 0.7974 -0.5367 0.2758
vn 0.7872 -0.2579 0.5601
vn 0.7315 -0.0931 0.6755
vn 0.6723 0.0267 0.7398
vn 0.6108 0.1276 0.7814
vn 0.5446 0.2201 0.8093
vn 0.4731 0.3072 0.8257
vn 0.3918 0.3939 0.8315
vn 0.2962 0.4826 0.8242
vn 0.1811 0.5737 0.7988
vn 0.0397 0.6650 0.7458
vn -0.1292 0.7463 0.6530
vn -0.3096 0.7981 0.5169
vn -0.4755 0.8068 0.3506
vn -0.6084 0.7740 0.1753
vn 0.7568 -0.5773 0.3065
vn 0.7049 -0.3403 0.6224
vn 0.6321 -0.1925 0.7506
vn 0.5635 -0.0820 0.8220
vn 0.4959 0.0127 0.8683
vn 0.4256 0.1011 0.8992
vn 0.3517 0.1858 0.9175
vn 0.2696 0.2716 0.9239
vn 0.1750 0.3614 0.9158
vn 0.0636 0.4563 0.8875
vn -0.0700 0.5554 0.8287
vn -0.2252 0.6502 0.7256
vn -0.3856 0.7221 0.5744
vn -0.5270 0.7553 0.3896
vn -0.6342 0.7483 0.1947
vn 0.7128 -0.6213 0.3254
vn 0.6155 -0.4296 0.6607
vn 0.5244 -0.3002 0.7968
vn 0.4455 -0.2001 0.8726
vn 0.3713 -0.1120 0.9217
vn 0.2965 -0.0280 0.9546
vn 0.2200 0.0540 0.9740
vn 0.1369 0.1390 0.9808
vn 0.0435 0.2300 0.9722
vn -0.0638 0.3289 0.9422
vn -0.1889 0.4364 0.8797
vn -0.3294 0.5461 0.7703
vn -0.4681 0.6396 0.6098
vn -0.5830 0.6993 0.4136
vn -0.6621 0.7203 0.2067
vn 0.6671 -0.6671 0.3317
vn 0.5226 -0.5226 0.6737
vn 0.4123 -0.4123 0.8124
vn 0.3228 -0.3228 0.8897
vn 0.2416 -0.2416 0.9398
vn 0.1623 -0.1623 0.9733
vn 0.0830 -0.0830 0.9931
vn -0.0010 0.0010 1.0000
vn -0.0932 0.0932 0.9913
vn -0.1963 0.1963 0.9607
vn -0.3127 0.3127 0.8969
vn -0.4377 0.4377 0.7854
vn -0.5538 0.5538 0.6217
vn -0.6412 0.6412 0.4217
vn -0.6912 0.6912 0.2108
vn 0.6213 -0.7128 0.3254
vn 0.4296 -0.6155 0.6607
vn 0.3002 -0.5244 0.7968
vn 0.2001 -0.4455 0.8726
vn 0.1120 -0.3713 0.9217
vn 0.0280 -0.2965 0.9546
vn -0.0540 -0.2200 0.9740
vn -0.1390 -0.1369 0.9808
vn -0.2300 -0.0435 0.9722
vn -0.3289 0.0638 0.9422
vn -0.4364 0.1889 0.8797
vn -0.5461 0.3294 0.7703
vn -0.6396 0.4681 0.6098
vn -0.6993 0.5830 0.4136
vn -0.7203 0.6621 0.2067
vn 0.5773 -0.7568 0.3065
vn 0.3403 -0.7049 0.6224
vn 0.1925 -0.6321 0.7506
vn 0.0820 -0.5635 0.8220
vn -0.0127 -0.4959 0.8683
vn -0.1011 -0.4256 0.8992
vn -0.1858 -0.3517 0.9175
vn -0.2716 -0.2696 0.9239
vn -0.3614 -0.1750 0.9158
vn -0.4563 -0.0636 0.8875
vn -0.5554 0.0700 0.8287
vn -0.6502 0.2252 0.7256
vn -0.7221 0.3856 0.5744
vn -0.7553 0.5270 0.3896
vn -0.7483 0.6342 0.1947
vn 0.5367 -0.7974 0.2758
vn 0.2579 -0.7872 0.5601
vn 0.0931 -0.7315 0.6755
vn -0.0267 -0.6723 0.7398
vn -0.1276 -0.6108 0.7814
vn -0.2201 -0.5446 0.8093
vn -0.3072 -0.4731 0.8257
vn -0.3939 -0.3918 0.8315
vn -0.4826 -0.2962 0.8242
vn -0.5737 -0.1811 0.7988
vn -0.6650 -0.0397 0.7458
vn -0.7463 0.1292 0.6530
vn -0.7981 0.3096 0.5169
vn -0.8068 0.4755 0.3506
vn -0.7740 0.6084 0.1753
vn 0.5012 -0.8329 0.2346
vn 0.1857 -0.8594 0.4764
vn 0.0061 -0.8185 0.5745
vn -0.1221 -0.7677 0.6291
vn -0.2283 -0.7115 0.6645
vn -0.3244 -0.6489 0.6882
vn -0.4136 -0.5795 0.7022
vn -0.5010 -0.4990 0.7071
vn -0.5888 -0.4024 0.7009
vn -0.6767 -0.2840 0.6793
vn -0.7611 -0.1358 0.6342
vn -0.8304 0.0450 0.5553
vn -0.8647 0.2430 0.4396
vn -0.8520 0.4303 0.2982
vn -0.7966 0.5858 0.1490
vn -0.7071 0.7071 -0.0000
vn 0.4720 -0.8621 0.1843
vn 0.1265 -0.9187 0.3743
vn -0.0654 -0.8899 0.4514
vn -0.2003 -0.8459 0.4943
vn -0.3109 -0.7942 0.5221
vn -0.4100 -0.7345 0.5407
vn -0.5009 -0.6668 0.5517
vn -0.5890 -0.5869 0.5556
vn -0.6760 -0.4896 0.5507
vn -0.7612 -0.3685 0.5337
vn -0.8400 -0.2147 0.4983
vn -0.8995 -0.0240 0.4363
vn -0.9194 0.1883 0.3454
vn -0.8891 0.3932 0.2343
vn -0.8151 0.5673 0.1171
vn 0.4503 -0.8838 0.1270
vn 0.0825 -0.9627 0.2578
vn -0.1184 -0.9430 0.3109
vn -0.2585 -0.9040 0.3405
vn -0.3723 -0.8556 0.3596
vn -0.4736 -0.7981 0.3725
vn -0.5658 -0.7317 0.3800
vn -0.6543 -0.6523 0.3827
vn -0.7408 -0.5544 0.3793
vn -0.8239 -0.4312 0.3676
vn -0.8986 -0.2733 0.3432
vn -0.9508 -0.0753 0.3005
vn -0.9600 0.1477 0.2379
vn -0.9167 0.3656 0.1614
vn -0.8289 0.5535 0.0807
vn 0.4370 -0.8971 0.0647
vn 0.0554 -0.9898 0.1314
vn -0.1511 -0.9757 0.1585
vn -0.2943 -0.9398 0.1736
vn -0.4101 -0.8934 0.1833
vn -0.5127 -0.8373 0.1899
vn -0.6058 -0.7717 0.1937
vn -0.6945 -0.6925 0.1951
vn -0.7807 -0.5943 0.1934
vn -0.8626 -0.4699 0.1874
vn -0.9347 -0.3094 0.1750
vn -0.9824 -0.1069 0.1532
vn -0.9850 0.1227 0.1213
vn -0.9336 0.3487 0.0823
vn -0.8374 0.5450 0.0411
vn 0.4325 -0.9016 -0.0000
vn 0.0462 -0.9989 -0.0000
vn -0.1622 -0.9868 -0.0000
vn -0.3063 -0.9519 -0.0000
vn -0.4229 -0.9062 -0.0000
vn -0.5260 -0.8505 -0.0000
vn -0.6193 -0.7852 -0.0000
vn -0.7081 -0.7061 -0.0000
vn -0.7941 -0.6077 -0.0000
vn -0.8756 -0.4830 -0.0000
vn -0.9469 -0.3216 -0.0000
vn -0.9931 -0.1176 -0.0000
vn -0.9935 0.1142 -0.0000
vn -0.9394 0.3429 -0.0000
vn -0.8403 0.5422 -0.0000
vn 0.4370 -0.8971 -0.0647
vn 0.0554 -0.9898 -0.1314
vn -0.1511 -0.9757 -0.1585
vn -0.2943 -0.9398 -0.1736
vn -0.4101 -0.8934 -0.1833
vn -0.5127 -0.8373 -0.1899
vn -0.6058 -0.7717 -0.1937
vn -0.6945 -0.6925 -0.1951
vn -0.7807 -0.5943 -0.1934
vn -0.8626 -0.4699 -0.1874
vn -0.9347 -0.3094 -0.1750
vn -0.9824 -0.1069 -0.1532
vn -0.9850 0.1227 -0.1213
vn -0.9336 0.3487 -0.0823
vn -0.8374 0.5450 -0.0411
vn 0.4503 -0.8838 -0.1270
vn 0.0825 -0.9627 -0.2578
vn -0.1184 -0.9430 -0.3109
vn -0.2584 -0.9040 -0.3405
vn -0.3723 -0.8556 -0.3596
vn -0.4736 -0.7981 -0.3725
vn -0.5658 -0.7317 -0.3800
vn -0.6543 -0.6523 -0.3827
vn -0.7408 -0.5544 -0.3793
vn -0.8239 -0.4312 -0.3676
vn -0.8986 -0.2733 -0.3432
vn -0.9508 -0.0753 -0.3005
vn -0.9600 0.1477 -0.2379
vn -0.9167 0.3656 -0.1614
vn -0.8289 0.5535 -0.0807
vn 0.4720 -0.8621 -0.1843
vn 0.1265 -0.9186 -0.3743
vn -0.0654 -0.8899 -0.4514
vn -0.2003 -0.8459 -0.4943
vn -0.3109 -0.7942 -0.5221
vn -0.4100 -0.7345 -0.5407
vn -0.5009 -0.6668 -0.5517
vn -0.5890 -0.5869 -0.5556
vn -0.6760 -0.4896 -0.5507
vn -0.7612 -0.3685 -0.5337
vn -0.8400 -0.2147 -0.4983
vn -0.8995 -0.0240 -0.4363
vn -0.9194 0.1883 -0.3454
vn -0.8891 0.3932 -0.2343
vn -0.8151 0.5673 -0.1171
vn 0.5012 -0.8329 -0.2346
vn 0.1857 -0.8594 -0.4764
vn 0.0061 -0.8185 -0.5745
vn -0.1221 -0.7677 -0.6291
vn -0.2283 -0.7115 -0.6645
vn -0.3244 -0.6489 -0.6882
vn -0.4136 -0.5795 -0.7022
vn -0.5010 -0.4990 -0.7071
vn -0.5888 -0.4024 -0.7009
vn -0.6767 -0.2840 -0.6793
vn -0.7611 -0.1358 -0.6342
vn -0.8304 0.0450 -0.5553
vn -0.8647 0.2430 -0.4396
vn -0.8520 0.4303 -0.2982
vn -0.7966 0.5858 -0.1490
vn 0.5367 -0.7974 -0.2758
vn 0.2579 -0.7872 -0.5601
vn 0.0931 -0.7315 -0.6755
vn -0.0267 -0.6723 -0.7398
vn -0.1276 -0.6108 -0.7814
vn -0.2201 -0.5446 -0.8093
vn -0.3072 -0.4731 -0.8257
vn -0.3939 -0.3918 -0.8315
vn -0.4826 -0.2962 -0.8242
vn -0.5737 -0.1811 -0.7988
vn -0.6650 -0.0397 -0.7458
vn -0.7463 0.1292 -0.6530
vn -0.7981 0.3096 -0.5169
vn -0.8068 0.4755 -0.3507
vn -0.7740 0.6084 -0.1753
vn 0.5773 -0.7568 -0.3065
vn 0.3403 -0.7049 -0.6224
vn 0.1925 -0.6321 -0.7506
vn 0.0820 -0.5635 -0.8220
vn -0.0127 -0.4959 -0.8683
vn -0.1011 -0.4256 -0.8992
vn -0.1858 -0.3517 -0.9175
vn -0.2716 -0.2696 -0.9239
vn -0.3614 -0.1750 -0.9158
vn -0.4563 -0.0636 -0.8875
vn -0.5554 0.0700 -0.8287
vn -0.6502 0.2252 -0.7256
vn -0.7221 0.3856 -0.5744
vn -0.7553 0.5270 -0.3896
vn -0.7483 0.6342 -0.1947
vn 0.6213 -0.7128 -0.3254
vn 0.4296 -0.6155 -0.6607
vn 0.3002 -0.5244 -0.7968
vn 0.2001 -0.4455 -0.8726
vn 0.1120 -0.3713 -0.9217
vn 0.0280 -0.2965 -0.9546
vn -0.0540 -0.2200 -0.9740
vn -0.1390 -0.1369 -0.9808
vn -0.2300 -0.0435 -0.9722
vn -0.3289 0.0638 -0.9422
vn -0.4364 0.1889 -0.8797
vn -0.5461 0.3294 -0.7703
vn -0.6396 0.4681 -0.6098
vn -0.6993 0.5830 -0.4136
vn -0.7203 0.6621 -0.2067
vn 0.6671 -0.6671 -0.3317
vn 0.5226 -0.5226 -0.6737
vn 0.3228 -0.3228 -0.8897
vn 0.1623 -0.1623 -0.9733
vn -0.1963 0.1963 -0.9607
vn -0.4377 0.4377 -0.7854
vn -0.5538 0.5538 -0.6217
vn -0.6411 0.6412 -0.4217
vn -0.6912 0.6912 -0.2108
vn -0.4123 -0.4123 -0.8124
vn -0.2416 -0.2416 -0.9398
vn -0.0830 -0.0830 -0.9931
vn 0.0010 0.0010 -1.0000
vn 0.0932 0.0932 -0.9913
vn 0.3127 0.3127 -0.8969
vn -0.7128 -0.6213 -0.3254
vn -0.6155 -0.4296 -0.6607
vn -0.5244 -0.3002 -0.7968
vn -0.4455 -0.2001 -0.8726
vn -0.3713 -0.1120 -0.9217
vn -0.2965 -0.0280 -0.9546
vn -0.2200 0.0540 -0.9740
vn -0.1369 0.1390 -0.9808
vn -0.0435 0.2300 -0.9722
vn 0.0638 0.3289 -0.9422
vn 0.1889 0.4364 -0.8797
vn 0.3294 0.5461 -0.7703
vn 0.4681 0.6396 -0.6098
vn 0.5830 0.6993 -0.4136
vn 0.6621 0.7203 -0.2067
vn -0.7568 -0.5773 -0.3065
vn -0.7049 -0.3403 -0.6224
vn -0.6321 -0.1925 -0.7506
vn -0.5635 -0.0820 -0.8220
vn -0.4959 0.0127 -0.8683
vn -0.4256 0.1011 -0.8992
vn -0.3517 0.1858 -0.9175
vn -0.2696 0.2716 -0.9239
vn -0.1750 0.3614 -0.9158
vn -0.0636 0.4563 -0.8875
vn 0.0700 0.5554 -0.8287
vn 0.2252 0.6502 -0.7256
vn 0.3856 0.7221 -0.5744
vn 0.5270 0.7553 -0.3896
vn 0.6342 0.7483 -0.1947
vn -0.7974 -0.5367 -0.2758
vn -0.7872 -0.2579 -0.5601
vn -0.7315 -0.0931 -0.6755
vn -0.6723 0.0267 -0.7398
vn -0.6108 0.1276 -0.7814
vn -0.5446 0.2201 -0.8093
vn -0.4731 0.3072 -0.8257
vn -0.3918 0.3939 -0.8315
vn -0.2962 0.4826 -0.8242
vn -0.1811 0.5737 -0.7988
vn -0.0397 0.6650 -0.7458
vn 0.1292 0.7463 -0.6530
vn 0.3096 0.7981 -0.5169
vn 0.4755 0.8068 -0.3507
vn 0.6084 0.7740 -0.1753
vn -0.8329 -0.5012 -0.2346
vn -0.8594 -0.1857 -0.4764
vn -0.8185 -0.0061 -0.5745
vn -0.7677 0.1221 -0.6291
vn -0.7115 0.2283 -0.6645
vn -0.6489 0.3244 -0.6882
vn -0.5795 0.4136 -0.7022
vn -0.4990 0.5010 -0.7071
vn -0.4024 0.5888 -0.7009
vn -0.2840 0.6767 -0.6793
vn -0.1358 0.7611 -0.6342
vn 0.0450 0.8304 -0.5553
vn 0.2430 0.8647 -0.4396
vn 0.4303 0.8520 -0.2982
vn 0.5858 0.7966 -0.1490
vn -0.8621 -0.4720 -0.1843
vn -0.9186 -0.1265 -0.3743
vn -0.8899 0.0654 -0.4514
vn -0.8459 0.2003 -0.4943
vn -0.7942 0.3109 -0.5221
vn -0.7345 0.4100 -0.5407
vn -0.6668 0.5009 -0.5517
vn -0.5869 0.5890 -0.5556
vn -0.4896 0.6760 -0.5507
vn -0.3685 0.7612 -0.5337
vn -0.2147 0.8400 -0.4983
vn -0.0240 0.8995 -0.4363
vn 0.1883 0.9194 -0.3454
vn 0.3932 0.8891 -0.2343
vn 0.5673 0.8152 -0.1171
vn -0.7071 -0.7071 -0.0000
vn -0.8838 -0.4503 -0.1269
vn -0.9627 -0.0825 -0.2578
vn -0.9430 0.1184 -0.3109
vn -0.9040 0.2584 -0.3405
vn -0.8556 0.3723 -0.3596
vn -0.7981 0.4736 -0.3725
vn -0.7317 0.5658 -0.3800
vn -0.6523 0.6543 -0.3827
vn -0.5544 0.7408 -0.3793
vn -0.4312 0.8239 -0.3676
vn -0.2733 0.8986 -0.3432
vn -0.0753 0.9508 -0.3005
vn 0.1477 0.9600 -0.2379
vn 0.3656 0.9167 -0.1614
vn 0.5535 0.8289 -0.0807
vn -0.8971 -0.4370 -0.0647
vn -0.9898 -0.0554 -0.1314
vn -0.9757 0.1511 -0.1585
vn -0.9398 0.2942 -0.1736
vn -0.8934 0.4101 -0.1833
vn -0.8373 0.5127 -0.1899
vn -0.7717 0.6058 -0.1937
vn -0.6925 0.6945 -0.1951
vn -0.5943 0.7807 -0.1934
vn -0.4699 0.8626 -0.1874
vn -0.3094 0.9347 -0.1750
vn -0.1069 0.9824 -0.1532
vn 0.1227 0.9850 -0.1213
vn 0.3487 0.9336 -0.0823
vn 0.5450 0.8374 -0.0411
vn -0.9016 -0.4325 -0.0000
vn -0.9989 -0.0462 -0.0000
vn -0.9868 0.1622 -0.0000
vn -0.9519 0.3063 -0.0000
vn -0.9062 0.4229 -0.0000
vn -0.8505 0.5260 -0.0000
vn -0.7852 0.6193 -0.0000
vn -0.7061 0.7081 -0.0000
vn -0.6077 0.7941 -0.0000
vn -0.4830 0.8756 -0.0000
vn -0.3216 0.9469 -0.0000
vn -0.1176 0.9931 -0.0000
vn 0.1142 0.9935 -0.0000
vn 0.3429 0.9394 -0.0000
vn 0.5422 0.8403 -0.0000
vn -0.8971 -0.4370 0.0647
vn -0.9898 -0.0554 0.1314
vn -0.9757 0.1511 0.1585
vn -0.9398 0.2942 0.1736
vn -0.8934 0.4101 0.1833
vn -0.8373 0.5127 0.1899
vn -0.7717 0.6058 0.1937
vn -0.6925 0.6945 0.1951
vn -0.5943 0.7807 0.1934
vn -0.4699 0.8626 0.1874
vn -0.3094 0.9347 0.1750
vn -0.1069 0.9824 0.1532
vn 0.1227 0.9850 0.1213
vn 0.3487 0.9336 0.0823
vn 0.5450 0.8374 0.0411
vn -0.8838 -0.4503 0.1270
vn -0.9627 -0.0825 0.2578
vn -0.9430 0.1184 0.3109
vn -0.9040 0.2584 0.3405
vn -0.8556 0.3723 0.3596
vn -0.7981 0.4736 0.3725
vn -0.7317 0.5658 0.3800
vn -0.6523 0.6543 0.3827
vn -0.5544 0.7408 0.3793
vn -0.4312 0.8239 0.3676
vn -0.2733 0.8986 0.3432
vn -0.0753 0.9508 0.3005
vn 0.1477 0.9600 0.2379
vn 0.3656 0.9167 0.1614
vn 0.5535 0.8289 0.0807
vn -0.8621 -0.4720 0.1843
vn -0.9186 -0.1265 0.3743
vn -0.8899 0.0654 0.4514
vn -0.8459 0.2003 0.4943
vn -0.7942 0.3109 0.5221
vn -0.7345 0.4100 0.5407
vn -0.6668 0.5009 0.5517
vn -0.5869 0.5890 0.5556
vn -0.4896 0.6760 0.5507
vn -0.3685 0.7612 0.5337
vn -0.2147 0.8400 0.4983
vn -0.0240 0.8995 0.4363
vn 0.1883 0.9194 0.3454
vn 0.3932 0.8891 0.2343
vn 0.5673 0.8151 0.1171
vn -0.8329 -0.5012 0.2346
vn -0.8594 -0.1857 0.4764
vn -0.8185 -0.0061 0.5745
vn -0.7677 0.1221 0.6291
vn -0.7115 0.2283 0.6645
vn -0.6489 0.3244 0.6882
vn -0.5795 0.4136 0.7022
vn -0.4990 0.5010 0.7071
vn -0.4024 0.5888 0.7009
vn -0.2840 0.6767 0.6793
vn -0.1358 0.7611 0.6342
vn 0.0450 0.8304 0.5553
vn 0.2430 0.8647 0.4396
vn 0.4303 0.8520 0.2982
vn 0.5858 0.7966 0.1490
vn -0.7974 -0.5367 0.2758
vn -0.7872 -0.2579 0.5601
vn -0.7315 -0.0931 0.6755
vn -0.6723 0.0267 0.7398
vn -0.6108 0.1276 0.7814
vn -0.5446 0.2201 0.8093
vn -0.4731 0.3072 0.8257
vn -0.3918 0.3939 0.8315
vn -0.2962 0.4826 0.8242
vn -0.1811 0.5737 0.7988
vn -0.0397 0.6650 0.7458
vn 0.1292 0.7463 0.6530
vn 0.3096 0.7981 0.5169
vn 0.4755 0.8068 0.3507
vn 0.6084 0.7740 0.1753
vn -0.7568 -0.5773 0.3065
vn -0.7049 -0.3403 0.6224
vn -0.6321 -0.1925 0.7506
vn -0.5635 -0.0820 0.8220
vn -0.4959 0.0127 0.8683
vn -0.4256 0.1011 0.8992
vn -0.3517 0.1858 0.9175
vn -0.2696 0.2716 0.9239
vn -0.1750 0.3614 0.9158
vn -0.0636 0.4563 0.8875
vn 0.0700 0.5554 0.8287
vn 0.2252 0.6502 0.7256
vn 0.3856 0.7221 0.5744
vn 0.5270 0.7553 0.3896
vn 0.6342 0.7483 0.1947
vn -0.7128 -0.6213 0.3254
vn -0.6155 -0.4296 0.6607
vn -0.5244 -0.3002 0.7968
vn -0.4455 -0.2001 0.8726
vn -0.3713 -0.1120 0.9217
vn -0.2965 -0.0280 0.9546
vn -0.2200 0.0540 0.9740
vn -0.1369 0.1390 0.9808
vn -0.0435 0.2300 0.9722
vn 0.0638 0.3289 0.9422
vn 0.1889 0.4364 0.8797
vn 0.3294 0.5461 0.7703
vn 0.4681 0.6396 0.6098
vn 0.5830 0.6993 0.4136
vn 0.6621 0.7203 0.2067
vn -0.6671 -0.6671 0.3317
vn -0.5226 -0.5226 0.6737
vn -0.4123 -0.4123 0.8124
vn -0.3228 -0.3228 0.8897
vn -0.2416 -0.2416 0.9398
vn -0.1623 -0.1623 0.9733
vn -0.0830 -0.0830 0.9931
vn 0.0010 0.0010 1.0000
vn 0.0932 0.0932 0.9913
vn 0.1963 0.1963 0.9607
vn 0.3127 0.3127 0.8969
vn 0.4377 0.4377 0.7854
vn 0.5538 0.5538 0.6217
vn 0.6412 0.6411 0.4217
vn 0.6912 0.6912 0.2108
vn -0.6213 -0.7128 0.3254
vn -0.4296 -0.6155 0.6607
vn -0.3002 -0.5244 0.7968
vn -0.2001 -0.4455 0.8726
vn -0.1120 -0.3713 0.9217
vn -0.0280 -0.2965 0.9546
vn 0.0540 -0.2200 0.9740
vn 0.1390 -0.1369 0.9808
vn 0.2300 -0.0435 0.9722
vn 0.3289 0.0638 0.9422
vn 0.4364 0.1889 0.8797
vn 0.5461 0.3294 0.7703
vn 0.6396 0.4681 0.6098
vn 0.6993 0.5830 0.4136
vn 0.7203 0.6621 0.2067
vn -0.5773 -0.7568 0.3065
vn -0.3403 -0.7049 0.6224
vn -0.1925 -0.6321 0.7506
vn -0.0820 -0.5635 0.8220
vn 0.0127 -0.4959 0.8683
vn 0.1011 -0.4256 0.8992
vn 0.1858 -0.3517 0.9175
vn 0.2716 -0.2696 0.9239
vn 0.3614 -0.1750 0.9158
vn 0.4563 -0.0636 0.8875
vn 0.5554 0.0700 0.8287
vn 0.6502 0.2252 0.7256
vn 0.7221 0.3856 0.5744
vn 0.7553 0.5270 0.3896
vn 0.7483 0.6342 0.1947
vn -0.5367 -0.7974 0.2758
vn -0.2579 -0.7872 0.5601
vn -0.0931 -0.7315 0.6755
vn 0.0267 -0.6723 0.7398
vn 0.1276 -0.6108 0.7814
vn 0.2201 -0.5446 0.8093
vn 0.3072 -0.4731 0.8257
vn 0.3939 -0.3918 0.8315
vn 0.4826 -0.2962 0.8242
vn 0.5737 -0.1811 0.7988
vn 0.6650 -0.0397 0.7458
vn 0.7463 0.1292 0.6530
vn 0.7981 0.3096 0.5169
vn 0.8068 0.4755 0.3506
vn 0.7740 0.6084 0.1753
vn -0.5012 -0.8329 0.2346
vn -0.1857 -0.8594 0.4764
vn -0.0061 -0.8185 0.5745
vn 0.1221 -0.7677 0.6291
vn 0.2283 -0.7115 0.6645
vn 0.3244 -0.6489 0.6882
vn 0.4136 -0.5795 0.7022
vn 0.5010 -0.4990 0.7071
vn 0.5888 -0.4024 0.7009
vn 0.6767 -0.2840 0.6793
vn 0.7611 -0.1358 0.6342
vn 0.8304 0.0450 0.5553
vn 0.8647 0.2430 0.4396
vn 0.8520 0.4303 0.2982
vn 0.7966 0.5858 0.1490
vn 0.7071 0.7071 -0.0000
vn -0.4720 -0.8621 0.1843
vn -0.1265 -0.9187 0.3743
vn 0.0654 -0.8899 0.4514
vn 0.2003 -0.8459 0.4943
vn 0.3109 -0.7942 0.5221
vn 0.4100 -0.7345 0.5407
vn 0.5009 -0.6668 0.5517
vn 0.5890 -0.5869 0.5556
vn 0.6760 -0.4896 0.5507
vn 0.7612 -0.3685 0.5337
vn 0.8400 -0.2147 0.4983
vn 0.8995 -0.0240 0.4363
vn 0.9194 0.1883 0.3454
vn 0.8891 0.3932 0.2343
vn 0.8151 0.5673 0.1171
vn -0.4503 -0.8838 0.1270
vn -0.0825 -0.9627 0.2578
vn 0.1184 -0.9430 0.3109
vn 0.2584 -0.9040 0.3405
vn 0.3723 -0.8556 0.3596
vn 0.4736 -0.7981 0.3725
vn 0.5658 -0.7317 0.3800
vn 0.6543 -0.6522 0.3827
vn 0.7408 -0.5544 0.3793
vn 0.8239 -0.4312 0.3676
vn 0.8986 -0.2733 0.3432
vn 0.9508 -0.0753 0.3005
vn 0.9600 0.1477 0.2379
vn 0.9167 0.3656 0.1614
vn 0.8289 0.5535 0.0807
vn -0.4370 -0.8971 0.0647
vn -0.0554 -0.9898 0.1314
vn 0.1511 -0.9757 0.1585
vn 0.2942 -0.9398 0.1736
vn 0.4101 -0.8934 0.1833
vn 0.5127 -0.8373 0.1899
vn 0.6058 -0.7717 0.1937
vn 0.6946 -0.6925 0.1951
vn 0.7807 -0.5943 0.1934
vn 0.8626 -0.4699 0.1874
vn 0.9347 -0.3094 0.1750
vn 0.9824 -0.1069 0.1532
vn 0.9850 0.1227 0.1213
vn 0.9336 0.3487 0.0823
vn 0.8374 0.5450 0.0411
vn -0.4325 -0.9016 -0.0000
vn -0.0462 -0.9989 -0.0000
vn 0.1622 -0.9868 -0.0000
vn 0.3063 -0.9519 -0.0000
vn 0.4229 -0.9062 -0.0000
vn 0.5260 -0.8505 -0.0000
vn 0.6193 -0.7852 -0.0000
vn 0.7081 -0.7061 -0.0000
vn 0.7941 -0.6077 -0.0000
vn 0.8756 -0.4830 -0.0000
vn 0.9469 -0.3216 -0.0000
vn 0.9931 -0.1176 -0.0000
vn 0.9935 0.1142 -0.0000
vn 0.9394 0.3430 -0.0000
vn 0.8403 0.5422 -0.0000
vn -0.4370 -0.8971 -0.0647
vn -0.0554 -0.9898 -0.1314
vn 0.1511 -0.9757 -0.1585
vn 0.2942 -0.9398 -0.1736
vn 0.4101 -0.8934 -0.1833
vn 0.5127 -0.8373 -0.1899
vn 0.6058 -0.7717 -0.1937
vn 0.6946 -0.6925 -0.1951
vn 0.7807 -0.5943 -0.1934
vn 0.8626 -0.4699 -0.1874
vn 0.9347 -0.3094 -0.1750
vn 0.9824 -0.1069 -0.1532
vn 0.9850 0.1227 -0.1213
vn 0.9336 0.3487 -0.0823
vn 0.8374 0.5450 -0.0411
vn -0.4503 -0.8838 -0.1270
vn -0.0825 -0.9627 -0.2578
vn 0.1184 -0.9430 -0.3109
vn 0.2584 -0.9040 -0.3405
vn 0.3723 -0.8556 -0.3596
vn 0.4736 -0.7981 -0.3725
vn 0.5658 -0.7317 -0.3800
vn 0.6543 -0.6522 -0.3827
vn 0.7408 -0.5544 -0.3793
vn 0.8239 -0.4312 -0.3676
vn 0.8986 -0.2733 -0.3432
vn 0.9508 -0.0753 -0.3005
vn 0.9600 0.1477 -0.2379
vn 0.9167 0.3656 -0.1614
vn 0.8289 0.5535 -0.0807
vn -0.4720 -0.8621 -0.1843
vn -0.1265 -0.9186 -0.3743
vn 0.0654 -0.8899 -0.4514
vn 0.2003 -0.8459 -0.4943
vn 0.3109 -0.7942 -0.5221
vn 0.4100 -0.7345 -0.5407
vn 0.5009 -0.6668 -0.5517
vn 0.5890 -0.5869 -0.5556
vn 0.6760 -0.4896 -0.5507
vn 0.7612 -0.3685 -0.5337
vn 0.8400 -0.2147 -0.4983
vn 0.8995 -0.0240 -0.4363
vn 0.9194 0.1883 -0.3454
vn 0.8891 0.3932 -0.2343
vn 0.8151 0.5673 -0.1171
vn -0.5012 -0.8329 -0.2346
vn -0.1857 -0.8594 -0.4764
vn -0.0061 -0.8185 -0.5745
vn 0.1221 -0.7677 -0.6291
vn 0.2283 -0.7115 -0.6645
vn 0.3244 -0.6489 -0.6882
vn 0.4136 -0.5795 -0.7022
vn 0.5010 -0.4990 -0.7071
vn 0.5888 -0.4024 -0.7009
vn 0.6767 -0.2840 -0.6793
vn 0.7611 -0.1358 -0.6342
vn 0.8304 0.0450 -0.5553
vn 0.8647 0.2430 -0.4396
vn 0.8520 0.4303 -0.2982
vn 0.7966 0.5858 -0.1490
vn -0.5367 -0.7974 -0.2758
vn -0.2579 -0.7872 -0.5601
vn -0.0931 -0.7315 -0.6755
vn 0.0267 -0.6723 -0.7398
vn 0.1276 -0.6108 -0.7814
vn 0.2201 -0.5446 -0.8093
vn 0.3072 -0.4731 -0.8257
vn 0.3939 -0.3918 -0.8315
vn 0.4826 -0.2962 -0.8242
vn 0.5737 -0.1811 -0.7988
vn 0.6650 -0.0397 -0.7458
vn 0.7463 0.1292 -0.6530
vn 0.7981 0.3096 -0.5169
vn 0.8068 0.4755 -0.3506
vn 0.7740 0.6084 -0.1753
vn -0.5773 -0.7568 -0.3065
vn -0.3403 -0.7049 -0.6224
vn -0.1925 -0.6321 -0.7506
vn -0.0820 -0.5635 -0.8220
vn 0.0127 -0.4959 -0.8683
vn 0.1011 -0.4256 -0.8992
vn 0.1858 -0.3517 -0.9175
vn 0.2716 -0.2696 -0.9239
vn 0.3614 -0.1750 -0.9158
vn 0.4563 -0.0636 -0.8875
vn 0.5554 0.0700 -0.8287
vn 0.6502 0.2252 -0.7256
vn 0.7221 0.3856 -0.5744
vn 0.7553 0.5270 -0.3896
vn 0.7483 0.6342 -0.1947
vn -0.6213 -0.7128 -0.3254
vn -0.4296 -0.6155 -0.6607
vn -0.3002 -0.5244 -0.7968
vn -0.2001 -0.4455 -0.8726
vn -0.1120 -0.3713 -0.9217
vn -0.0280 -0.2965 -0.9546
vn 0.0540 -0.2200 -0.9740
vn 0.1390 -0.1369 -0.9808
vn 0.2300 -0.0435 -0.9722
vn 0.3289 0.0638 -0.9422
vn 0.4364 0.1889 -0.8797
vn 0.5461 0.3294 -0.7703
vn 0.6396 0.4681 -0.6098
vn 0.6993 0.5830 -0.4136
vn 0.7203 0.6621 -0.2067
vn -0.6671 -0.6671 -0.3317
vn -0.5226 -0.5226 -0.6737
vn -0.3228 -0.3228 -0.8897
vn -0.1623 -0.1623 -0.9733
vn 0.1963 0.1963 -0.9607
vn 0.4377 0.4377 -0.7854
vn 0.5538 0.5538 -0.6217
vn 0.6412 0.6412 -0.4217
vn 0.6912 0.6912 -0.2108
vn 0.4123 0.4123 -0.8124
vn 0.2416 0.2416 -0.9398
vn 0.0830 0.0830 -0.9931
vn -0.0010 -0.0010 -1.0000
vn -0.0932 -0.0932 -0.9913
vn -0.3127 -0.3127 -0.8969
vn 0.7128 0.6213 -0.3254
vn 0.6155 0.4296 -0.6607
vn 0.5244 0.3002 -0.7968
vn 0.4455 0.2001 -0.8726
vn 0.3713 0.1120 -0.9217
vn 0.2965 0.0280 -0.9546
vn 0.2200 -0.0540 -0.9740
vn 0.1369 -0.1390 -0.9808
vn 0.0435 -0.2300 -0.9722
vn -0.0638 -0.3289 -0.9422
vn -0.1889 -0.4364 -0.8797
vn -0.3294 -0.5461 -0.7703
vn -0.4681 -0.6396 -0.6098
vn -0.5830 -0.6993 -0.4136
vn -0.6621 -0.7203 -0.2067
vn 0.7568 0.5773 -0.3065
vn 0.7049 0.3403 -0.6224
vn 0.6321 0.1925 -0.7506
vn 0.5635 0.0820 -0.8220
vn 0.4959 -0.0127 -0.8683
vn 0.4256 -0.1011 -0.8992
vn 0.3517 -0.1858 -0.9175
vn 0.2696 -0.2716 -0.9239
vn 0.1750 -0.3614 -0.9158
vn 0.0636 -0.4563 -0.8875
vn -0.0700 -0.5554 -0.8287
vn -0.2252 -0.6502 -0.7256
vn -0.3856 -0.7221 -0.5744
vn -0.5270 -0.7553 -0.3896
vn -0.6342 -0.7483 -0.1947
vn 0.7974 0.5367 -0.2758
vn 0.7872 0.2579 -0.5601
vn 0.7315 0.0931 -0.6755
vn 0.6723 -0.0267 -0.7398
vn 0.6108 -0.1276 -0.7814
vn 0.5446 -0.2201 -0.8093
vn 0.4731 -0.3072 -0.8257
vn 0.3918 -0.3939 -0.8315
vn 0.2962 -0.4826 -0.8242
vn 0.1811 -0.5737 -0.7988
vn 0.0397 -0.6650 -0.7458
vn -0.1292 -0.7463 -0.6530
vn -0.3096 -0.7981 -0.5169
vn -0.4755 -0.8068 -0.3507
vn -0.6084 -0.7740 -0.1753
vn 0.8329 0.5012 -0.2346
vn 0.8594 0.1857 -0.4764
vn 0.8185 0.0061 -0.5745
vn 0.7677 -0.1221 -0.6291
vn 0.7115 -0.2283 -0.6645
vn 0.6489 -0.3244 -0.6882
vn 0.5795 -0.4136 -0.7022
vn 0.4990 -0.5010 -0.7071
vn 0.4024 -0.5888 -0.7009
vn 0.2840 -0.6767 -0.6793
vn 0.1358 -0.7611 -0.6342
vn -0.0450 -0.8304 -0.5553
vn -0.2430 -0.8647 -0.4396
vn -0.4303 -0.8520 -0.2982
vn -0.5858 -0.7966 -0.1490
vn 0.8621 0.4720 -0.1843
vn 0.9187 0.1265 -0.3743
vn 0.8899 -0.0654 -0.4514
vn 0.8459 -0.2003 -0.4943
vn 0.7942 -0.3109 -0.5221
vn 0.7345 -0.4100 -0.5407
vn 0.6668 -0.5009 -0.5517
vn 0.5869 -0.5890 -0.5556
vn 0.4896 -0.6760 -0.5507
vn 0.3685 -0.7612 -0.5337
vn 0.2147 -0.8400 -0.4983
vn 0.0240 -0.8995 -0.4363
vn -0.1883 -0.9194 -0.3454
vn -0.3932 -0.8891 -0.2343
vn -0.5673 -0.8151 -0.1171
vn 0.8838 0.4503 -0.1270
vn 0.9627 0.0825 -0.2578
vn 0.9430 -0.1184 -0.3109
vn 0.9040 -0.2584 -0.3405
vn 0.8556 -0.3723 -0.3596
vn 0.7981 -0.4736 -0.3725
vn 0.7317 -0.5658 -0.3800
vn 0.6523 -0.6543 -0.3827
vn 0.5544 -0.7408 -0.3793
vn 0.4312 -0.8239 -0.3676
vn 0.2733 -0.8986 -0.3432
vn 0.0753 -0.9508 -0.3005
vn -0.1477 -0.9600 -0.2379
vn -0.3656 -0.9167 -0.1614
vn -0.5535 -0.8289 -0.0807
vn 0.8971 0.4370 -0.0647
vn 0.9898 0.0554 -0.1314
vn 0.9757 -0.1511 -0.1585
vn 0.9398 -0.2943 -0.1736
vn 0.8934 -0.4101 -0.1833
vn 0.8373 -0.5127 -0.1899
vn 0.7717 -0.6058 -0.1937
vn 0.6925 -0.6945 -0.1951
vn 0.5943 -0.7807 -0.1934
vn 0.4699 -0.8626 -0.1874
vn 0.3094 -0.9347 -0.1750
vn 0.1069 -0.9824 -0.1532
vn -0.1227 -0.9850 -0.1213
vn -0.3487 -0.9336 -0.0823
vn -0.5450 -0.8374 -0.0411
vn 0.9016 0.4325 -0.0000
vn 0.9989 0.0462 -0.0000
vn 0.9868 -0.1622 -0.0000
vn 0.9519 -0.3063 -0.0000
vn 0.9062 -0.4229 -0.0000
vn 0.8505 -0.5260 -0.0000
vn 0.7852 -0.6193 -0.0000
vn 0.7061 -0.7081 -0.0000
vn 0.6077 -0.7941 -0.0000
vn 0.4830 -0.8756 -0.0000
vn 0.3216 -0.9469 -0.0000
vn 0.1176 -0.9931 -0.0000
vn -0.1142 -0.9935 -0.0000
vn -0.3429 -0.9394 -0.0000
vn -0.5422 -0.8403 -0.0000
vn 0.8971 0.4370 0.0647
vn 0.9898 0.0554 0.1314
vn 0.9757 -0.1511 0.1585
vn 0.9398 -0.2943 0.1736
vn 0.8934 -0.4101 0.1833
vn 0.8373 -0.5127 0.1899
vn 0.7717 -0.6058 0.1937
vn 0.6925 -0.6945 0.1951
vn 0.5943 -0.7807 0.1934
vn 0.4699 -0.8626 0.1874
vn 0.3094 -0.9347 0.1750
vn 0.1069 -0.9824 0.1532
vn -0.1227 -0.9850 0.1213
vn -0.3487 -0.9336 0.0823
vn -0.5450 -0.8374 0.0411
vn 0.8838 0.4503 0.1270
vn 0.9627 0.0825 0.2578
vn 0.9430 -0.1184 0.3109
vn 0.9040 -0.2584 0.3405
vn 0.8556 -0.3723 0.3596
vn 0.7981 -0.4736 0.3725
vn 0.7317 -0.5658 0.3800
vn 0.6523 -0.6543 0.3827
vn 0.5544 -0.7408 0.3793
vn 0.4312 -0.8239 0.3676
vn 0.2733 -0.8986 0.3432
vn 0.0753 -0.9508 0.3005
vn -0.1477 -0.9600 0.2379
vn -0.3656 -0.9167 0.1614
vn -0.5535 -0.8289 0.0807
vn 0.8621 0.4720 0.1843
vn 0.9187 0.1265 0.3743
vn 0.8899 -0.0654 0.4514
vn 0.8459 -0.2003 0.4943
vn 0.7942 -0.3109 0.5221
vn 0.7345 -0.4100 0.5407
vn 0.6668 -0.5009 0.5517
vn 0.5869 -0.5890 0.5556
vn 0.4896 -0.6760 0.5507
vn 0.3685 -0.7612 0.5337
vn 0.2147 -0.8400 0.4983
vn 0.0240 -0.8995 0.4363
vn -0.1883 -0.9194 0.3454
vn -0.3932 -0.8891 0.2343
vn -0.5673 -0.8151 0.1171
vn 0.8329 0.5012 0.2346
vn 0.8594 0.1857 0.4764
vn 0.8185 0.0061 0.5745
vn 0.7677 -0.1221 0.6291
vn 0.7115 -0.2283 0.6645
vn 0.6489 -0.3244 0.6882
vn 0.5795 -0.4136 0.7022
vn 0.4990 -0.5010 0.7071
vn 0.4024 -0.5888 0.7009
vn 0.2840 -0.6767 0.6793
vn 0.1358 -0.7611 0.6342
vn -0.0450 -0.8304 0.5553
vn -0.2430 -0.8647 0.4396
vn -0.4303 -0.8520 0.2982
vn -0.5858 -0.7966 0.1490
vn 0.7974 0.5367 0.2758
vn 0.7872 0.2579 0.5601
vn 0.7315 0.0931 0.6755
vn 0.6723 -0.0267 0.7398
vn 0.6108 -0.1276 0.7814
vn 0.5446 -0.2201 0.8093
vn 0.4731 -0.3072 0.8257
vn 0.3918 -0.3939 0.8315
vn 0.2962 -0.4826 0.8242
vn 0.1811 -0.5737 0.7988
vn 0.0397 -0.6650 0.7458
vn -0.1292 -0.7463 0.6530
vn -0.3096 -0.7981 0.5169
vn -0.4755 -0.8068 0.3507
vn -0.6084 -0.7740 0.1753
vn 0.7568 0.5773 0.3065
vn 0.7049 0.3403 0.6224
vn 0.6321 0.1925 0.7506
vn 0.5636 0.0820 0.8220
vn 0.4959 -0.0127 0.8683
vn 0.4256 -0.1011 0.8992
vn 0.3517 -0.1858 0.9175
vn 0.2696 -0.2716 0.9239
vn 0.1750 -0.3614 0.9158
vn 0.0636 -0.4563 0.8875
vn -0.0700 -0.5554 0.8287
vn -0.2252 -0.6502 0.7256
vn -0.3856 -0.7221 0.5744
vn -0.5270 -0.7553 0.3896
vn -0.6342 -0.7483 0.1947
vn 0.7128 0.6213 0.3254
vn 0.6155 0.4296 0.6607
vn 0.5244 0.3002 0.7968
vn 0.4455 0.2001 0.8726
vn 0.3713 0.1120 0.9217
vn 0.2965 0.0280 0.9546
vn 0.2200 -0.0540 0.9740
vn 0.1369 -0.1390 0.9808
vn 0.0435 -0.2300 0.9722
vn -0.0638 -0.3289 0.9422
vn -0.1889 -0.4364 0.8797
vn -0.3294 -0.5461 0.7703
vn -0.4681 -0.6396 0.6098
vn -0.5830 -0.6993 0.4136
vn -0.6621 -0.7203 0.2067
vn 0.6671 0.6671 0.3317
vn 0.5226 0.5226 0.6737
vn 0.4123 0.4123 0.8124
vn 0.3228 0.3228 0.8897
vn 0.2416 0.2416 0.9398
vn 0.1623 0.1623 0.9733
vn 0.0830 0.0830 0.9931
vn -0.0010 -0.0010 1.0000
vn -0.0932 -0.0932 0.9913
vn -0.1963 -0.1963 0.9607
vn -0.3127 -0.3127 0.8969
vn -0.4377 -0.4377 0.7854
vn -0.5538 -0.5538 0.6217
vn -0.6412 -0.6412 0.4217
vn -0.6912 -0.6912 0.2108
vn 0.6213 0.7128 0.3254
vn 0.4296 0.6155 0.6607
vn 0.3002 0.5244 0.7968
vn 0.2001 0.4455 0.8726
vn 0.1120 0.3713 0.9217
vn 0.0280 0.2965 0.9546
vn -0.0540 0.2200 0.9740
vn -0.1390 0.1369 0.9808
vn -0.2300 0.0435 0.9722
vn -0.3289 -0.0638 0.9422
vn -0.4364 -0.1889 0.8797
vn -0.5461 -0.3294 0.7703
vn -0.6396 -0.4681 0.6098
vn -0.6993 -0.5830 0.4136
vn -0.7203 -0.6621 0.2067
vn 0.5773 0.7568 0.3065
vn 0.3403 0.7049 0.6224
vn 0.1925 0.6321 0.7506
vn 0.0820 0.5635 0.8220
vn -0.0127 0.4959 0.8683
vn -0.1011 0.4256 0.8992
vn -0.1858 0.3517 0.9175
vn -0.2716 0.2696 0.9239
vn -0.3614 0.1750 0.9158
vn -0.4563 0.0636 0.8875
vn -0.5554 -0.0700 0.8287
vn -0.6502 -0.2252 0.7256
vn -0.7221 -0.3856 0.5744
vn -0.7553 -0.5270 0.3896
vn -0.7483 -0.6342 0.1947
vn 0.5367 0.7974 0.2758
vn 0.2579 0.7872 0.5601
vn 0.0931 0.7315 0.6755
vn -0.0267 0.6723 0.7398
vn -0.1276 0.6108 0.7814
vn -0.2201 0.5446 0.8093
vn -0.3072 0.4731 0.8257
vn -0.3939 0.3918 0.8315
vn -0.4826 0.2962 0.8242
vn -0.5737 0.1811 0.7988
vn -0.6650 0.0397 0.7458
vn -0.7463 -0.1292 0.6530
vn -0.7981 -0.3096 0.5169
vn -0.8068 -0.4755 0.3507
vn -0.7740 -0.6084 0.1753
vn 0.5012 0.8329 0.2346
vn 0.1857 0.8594 0.4764
vn 0.0061 0.8185 0.5745
vn -0.1221 0.7677 0.6291
vn -0.2283 0.7115 0.6645
vn -0.3244 0.6489 0.6882
vn -0.4136 0.5795 0.7022
vn -0.5010 0.4990 0.7071
vn -0.5888 0.4024 0.7009
vn -0.6767 0.2840 0.6793
vn -0.7611 0.1358 0.6342
vn -0.8304 -0.0450 0.5553
vn -0.8647 -0.2430 0.4396
vn -0.8520 -0.4303 0.2982
vn -0.7966 -0.5858 0.1490
vn 0.4720 0.8621 0.1843
vn 0.1265 0.9187 0.3743
vn -0.0654 0.8899 0.4514
vn -0.2003 0.8459 0.4943
vn -0.3109 0.7942 0.5221
vn -0.4100 0.7345 0.5407
vn -0.5009 0.6668 0.5517
vn -0.5890 0.5869 0.5556
vn -0.6760 0.4896 0.5507
vn -0.7612 0.3685 0.5337
vn -0.8400 0.2147 0.4983
vn -0.8995 0.0240 0.4363
vn -0.9194 -0.1883 0.3454
vn -0.8891 -0.3932 0.2343
vn -0.8151 -0.5673 0.1171
vn 0.4503 0.8838 0.1270
vn 0.0825 0.9627 0.2578
vn -0.1184 0.9430 0.3109
vn -0.2584 0.9040 0.3405
vn -0.3723 0.8556 0.3596
vn -0.4736 0.7981 0.3725
vn -0.5658 0.7317 0.3800
vn -0.6543 0.6523 0.3827
vn -0.7408 0.5544 0.3793
vn -0.8239 0.4312 0.3676
vn -0.8986 0.2733 0.3432
vn -0.9508 0.0753 0.3005
vn -0.9600 -0.1477 0.2379
vn -0.9167 -0.3656 0.1614
vn -0.8289 -0.5535 0.0807
vn 0.4370 0.8971 0.0647
vn 0.0554 0.9898 0.1314
vn -0.1511 0.9757 0.1585
vn -0.2942 0.9398 0.1736
vn -0.4101 0.8934 0.1833
vn -0.5127 0.8373 0.1899
vn -0.6058 0.7717 0.1937
vn -0.6946 0.6925 0.1951
vn -0.7807 0.5943 0.1934
vn -0.8626 0.4699 0.1874
vn -0.9347 0.3094 0.1750
vn -0.9824 0.1069 0.1532
vn -0.9850 -0.1227 0.1213
vn -0.9336 -0.3487 0.0823
vn -0.8374 -0.5450 0.0411
vn 0.4325 0.9016 -0.0000
vn 0.0462 0.9989 -0.0000
vn -0.1622 0.9868 -0.0000
vn -0.3063 0.9519 -0.0000
vn -0.4229 0.9062 -0.0000
vn -0.5260 0.8505 -0.0000
vn -0.6193 0.7852 -0.0000
vn -0.7081 0.7061 -0.0000
vn -0.7941 0.6077 -0.0000
vn -0.8756 0.4830 -0.0000
vn -0.9469 0.3216 -0.0000
vn -0.9931 0.1176 -0.0000
vn -0.9935 -0.1142 -0.0000
vn -0.9394 -0.3429 -0.0000
vn -0.8403 -0.5422 -0.0000
vn 0.4370 0.8971 -0.0647
vn 0.0554 0.9898 -0.1314
vn -0.1511 0.9757 -0.1585
vn -0.2943 0.9398 -0.1736
vn -0.4101 0.8934 -0.1833
vn -0.5127 0.8373 -0.1899
vn -0.6058 0.7717 -0.1937
vn -0.6946 0.6925 -0.1951
vn -0.7807 0.5943 -0.1934
vn -0.8626 0.4699 -0.1874
vn -0.9347 0.3094 -0.1750
vn -0.9824 0.1069 -0.1532
vn -0.9850 -0.1227 -0.1213
vn -0.9336 -0.3487 -0.0823
vn -0.8374 -0.5450 -0.0411
vn 0.4503 0.8838 -0.1270
vn 0.0825 0.9627 -0.2578
vn -0.1184 0.9430 -0.3109
vn -0.2584 0.9040 -0.3405
vn -0.3723 0.8556 -0.3596
vn -0.4736 0.7981 -0.3725
vn -0.5658 0.7317 -0.3800
vn -0.6543 0.6522 -0.3827
vn -0.7408 0.5544 -0.3793
vn -0.8239 0.4312 -0.3676
vn -0.8986 0.2733 -0.3432
vn -0.9508 0.0753 -0.3005
vn -0.9600 -0.1477 -0.2379
vn -0.9167 -0.3656 -0.1614
vn -0.8289 -0.5535 -0.0806
vn 0.4720 0.8621 -0.1843
vn 0.1265 0.9186 -0.3743
vn -0.0654 0.8899 -0.4514
vn -0.2003 0.8459 -0.4943
vn -0.3109 0.7942 -0.5221
vn -0.4100 0.7345 -0.5407
vn -0.5009 0.6668 -0.5517
vn -0.5890 0.5869 -0.5556
vn -0.6760 0.4896 -0.5507
vn -0.7612 0.3685 -0.5337
vn -0.8400 0.2147 -0.4983
vn -0.8995 0.0240 -0.4363
vn -0.9194 -0.1883 -0.3454
vn -0.8891 -0.3932 -0.2343
vn -0.8151 -0.5673 -0.1171
vn 0.5012 0.8329 -0.2346
vn 0.1857 0.8594 -0.4764
vn 0.0061 0.8185 -0.5745
vn -0.1221 0.7677 -0.6291
vn -0.2283 0.7115 -0.6645
vn -0.3244 0.6489 -0.6882
vn -0.4136 0.5795 -0.7022
vn -0.5010 0.4990 -0.7071
vn -0.5888 0.4024 -0.7009
vn -0.6767 0.2840 -0.6793
vn -0.7611 0.1358 -0.6342
vn -0.8304 -0.0450 -0.5553
vn -0.8647 -0.2430 -0.4396
vn -0.8520 -0.4303 -0.2982
vn -0.7966 -0.5858 -0.1491
vn 0.5367 0.7974 -0.2758
vn 0.2579 0.7872 -0.5601
vn 0.0931 0.7315 -0.6755
vn -0.0267 0.6723 -0.7398
vn -0.1276 0.6108 -0.7814
vn -0.2201 0.5446 -0.8093
vn -0.3072 0.4731 -0.8257
vn -0.3939 0.3918 -0.8315
vn -0.4826 0.2962 -0.8242
vn -0.5737 0.1811 -0.7988
vn -0.6650 0.0397 -0.7458
vn -0.7463 -0.1292 -0.6530
vn -0.7981 -0.3096 -0.5169
vn -0.8068 -0.4755 -0.3506
vn -0.7740 -0.6084 -0.1753
vn 0.5773 0.7568 -0.3065
vn 0.3403 0.7049 -0.6224
vn 0.1925 0.6321 -0.7506
vn 0.0820 0.5636 -0.8220
vn -0.0127 0.4959 -0.8683
vn -0.1011 0.4256 -0.8992
vn -0.1858 0.3517 -0.9175
vn -0.2716 0.2696 -0.9239
vn -0.3614 0.1750 -0.9158
vn -0.4563 0.0636 -0.8875
vn -0.5554 -0.0700 -0.8287
vn -0.6502 -0.2252 -0.7256
vn -0.7221 -0.3856 -0.5744
vn -0.7553 -0.5270 -0.3896
vn -0.7483 -0.6342 -0.1947
vn 0.6213 0.7128 -0.3254
vn 0.4296 0.6155 -0.6607
vn 0.3002 0.5244 -0.7968
vn 0.2001 0.4455 -0.8726
vn 0.1120 0.3713 -0.9217
vn 0.0280 0.2965 -0.9546
vn -0.0540 0.2200 -0.9740
vn -0.1390 0.1369 -0.9808
vn -0.2300 0.0435 -0.9722
vn -0.3289 -0.0638 -0.9422
vn -0.4364 -0.1889 -0.8797
vn -0.5461 -0.3294 -0.7703
vn -0.6396 -0.4681 -0.6098
vn -0.6993 -0.5830 -0.4136
vn -0.7203 -0.6621 -0.2067
vn 0.6671 0.6671 -0.3317
vn 0.5226 0.5226 -0.6737
vn 0.3228 0.3228 -0.8897
vn 0.1623 0.1623 -0.9733
vn -0.1963 -0.1963 -0.9607
vn -0.4377 -0.4377 -0.7854
vn -0.5538 -0.5538 -0.6217
vn -0.6412 -0.6411 -0.4217
vn -0.6912 -0.6912 -0.2108
vn -0.4123 0.4123 -0.8124
vn -0.2416 0.2416 -0.9398
vn -0.0830 0.0830 -0.9931
vn 0.0010 -0.0010 -1.0000
vn 0.0932 -0.0932 -0.9913
vn 0.3127 -0.3127 -0.8969
vn -0.7128 0.6213 -0.3254
vn -0.6155 0.4296 -0.6607
vn -0.5244 0.3002 -0.7968
vn -0.4455 0.2001 -0.8726
vn -0.3713 0.1120 -0.9217
vn -0.2965 0.0280 -0.9546
vn -0.2200 -0.0540 -0.9740
vn -0.1369 -0.1390 -0.9808
vn -0.0435 -0.2300 -0.9722
vn 0.0638 -0.3289 -0.9422
vn 0.1889 -0.4364 -0.8797
vn 0.3294 -0.5461 -0.7703
vn 0.4681 -0.6396 -0.6098
vn 0.5830 -0.6993 -0.4136
vn 0.6621 -0.7203 -0.2067
vn -0.7568 0.5773 -0.3065
vn -0.7049 0.3403 -0.6224
vn -0.6321 0.1925 -0.7506
vn -0.5636 0.0820 -0.8220
vn -0.4959 -0.0127 -0.8683
vn -0.4256 -0.1011 -0.8992
vn -0.3517 -0.1858 -0.9175
vn -0.2696 -0.2716 -0.9239
vn -0.1750 -0.3614 -0.9158
vn -0.0636 -0.4563 -0.8875
vn 0.0700 -0.5554 -0.8287
vn 0.2252 -0.6502 -0.7256
vn 0.3856 -0.7221 -0.5744
vn 0.5270 -0.7553 -0.3896
vn 0.6342 -0.7483 -0.1947
vn -0.7974 0.5367 -0.2758
vn -0.7872 0.2579 -0.5601
vn -0.7315 0.0931 -0.6755
vn -0.6723 -0.0267 -0.7398
vn -0.6108 -0.1276 -0.7814
vn -0.5446 -0.2201 -0.8093
vn -0.4731 -0.3072 -0.8257
vn -0.3918 -0.3939 -0.8315
vn -0.2962 -0.4826 -0.8242
vn -0.1811 -0.5737 -0.7988
vn -0.0397 -0.6650 -0.7458
vn 0.1292 -0.7463 -0.6530
vn 0.3096 -0.7981 -0.5169
vn 0.4755 -0.8068 -0.3507
vn 0.6084 -0.7740 -0.1753
vn -0.8329 0.5012 -0.2346
vn -0.8594 0.1857 -0.4764
vn -0.8185 0.0061 -0.5745
vn -0.7677 -0.1221 -0.6291
vn -0.7115 -0.2283 -0.6645
vn -0.6489 -0.3244 -0.6882
vn -0.5795 -0.4136 -0.7022
vn -0.4990 -0.5010 -0.7071
vn -0.4024 -0.5888 -0.7009
vn -0.2840 -0.6767 -0.6793
vn -0.1358 -0.7611 -0.6342
vn 0.0450 -0.8304 -0.5553
vn 0.2430 -0.8647 -0.4396
vn 0.4303 -0.8520 -0.2982
vn 0.5858 -0.7966 -0.1490
vn -0.8621 0.4720 -0.1843
vn -0.9187 0.1265 -0.3743
vn -0.8899 -0.0654 -0.4514
vn -0.8459 -0.2003 -0.4943
vn -0.7942 -0.3109 -0.5221
vn -0.7345 -0.4100 -0.5407
vn -0.6668 -0.5009 -0.5517
vn -0.5869 -0.5890 -0.5556
vn -0.4896 -0.6760 -0.5507
vn -0.3685 -0.7612 -0.5337
vn -0.2147 -0.8400 -0.4983
vn -0.0240 -0.8995 -0.4363
vn 0.1883 -0.9194 -0.3454
vn 0.3932 -0.8891 -0.2343
vn 0.5673 -0.8152 -0.1171
vn -0.8838 0.4503 -0.1269
vn -0.9627 0.0825 -0.2578
vn -0.9430 -0.1184 -0.3109
vn -0.9040 -0.2584 -0.3405
vn -0.8556 -0.3723 -0.3596
vn -0.7981 -0.4736 -0.3725
vn -0.7317 -0.5658 -0.3800
vn -0.6523 -0.6543 -0.3827
vn -0.5544 -0.7408 -0.3793
vn -0.4312 -0.8239 -0.3676
vn -0.2733 -0.8986 -0.3432
vn -0.0753 -0.9508 -0.3005
vn 0.1477 -0.9600 -0.2379
vn 0.3656 -0.9167 -0.1614
vn 0.5535 -0.8289 -0.0807
vn -0.8971 0.4370 -0.0647
vn -0.9898 0.0554 -0.1314
vn -0.9757 -0.1511 -0.1585
vn -0.9398 -0.2942 -0.1736
vn -0.8934 -0.4101 -0.1833
vn -0.8373 -0.5127 -0.1899
vn -0.7717 -0.6058 -0.1937
vn -0.6925 -0.6946 -0.1951
vn -0.5943 -0.7807 -0.1934
vn -0.4699 -0.8626 -0.1874
vn -0.3094 -0.9347 -0.1750
vn -0.1069 -0.9824 -0.1532
vn 0.1227 -0.9850 -0.1213
vn 0.3487 -0.9336 -0.0823
vn 0.5450 -0.8374 -0.0411
vn -0.9016 0.4325 -0.0000
vn -0.9989 0.0462 -0.0000
vn -0.9868 -0.1622 -0.0000
vn -0.9519 -0.3063 -0.0000
vn -0.9062 -0.4229 -0.0000
vn -0.8505 -0.5260 -0.0000
vn -0.7852 -0.6193 -0.0000
vn -0.7061 -0.7081 -0.0000
vn -0.6077 -0.7941 -0.0000
vn -0.4830 -0.8756 -0.0000
vn -0.3216 -0.9469 -0.0000
vn -0.1176 -0.9931 -0.0000
vn 0.1142 -0.9935 -0.0000
vn 0.3429 -0.9394 -0.0000
vn 0.5422 -0.8403 -0.0000
vn -0.8971 0.4370 0.0647
vn -0.9898 0.0554 0.1314
vn -0.9757 -0.1511 0.1585
vn -0.9398 -0.2942 0.1736
vn -0.8934 -0.4101 0.1833
vn -0.8373 -0.5127 0.1899
vn -0.7717 -0.6058 0.1937
vn -0.6925 -0.6945 0.1951
vn -0.5943 -0.7807 0.1934
vn -0.4699 -0.8626 0.1874
vn -0.3094 -0.9347 0.1750
vn -0.1069 -0.9824 0.1532
vn 0.1227 -0.9850 0.1213
vn 0.3487 -0.9336 0.0823
vn 0.5450 -0.8374 0.0411
vn -0.8838 0.4503 0.1270
vn -0.9627 0.0825 0.2578
vn -0.9430 -0.1184 0.3109
vn -0.9040 -0.2584 0.3405
vn -0.8556 -0.3723 0.3596
vn -0.7981 -0.4736 0.3725
vn -0.7317 -0.5658 0.3800
vn -0.6523 -0.6543 0.3827
vn -0.5544 -0.7408 0.3793
vn -0.4312 -0.8239 0.3676
vn -0.2733 -0.8986 0.3432
vn -0.0753 -0.9508 0.3005
vn 0.1477 -0.9600 0.2379
vn 0.3656 -0.9167 0.1614
vn 0.5535 -0.8289 0.0807
vn -0.8621 0.4720 0.1843
vn -0.9187 0.1265 0.3743
vn -0.8899 -0.0654 0.4514
vn -0.8459 -0.2003 0.4943
vn -0.7942 -0.3109 0.5221
vn -0.7345 -0.4100 0.5407
vn -0.6668 -0.5009 0.5517
vn -0.5869 -0.5890 0.5556
vn -0.4896 -0.6760 0.5507
vn -0.3685 -0.7612 0.5337
vn -0.2147 -0.8400 0.4983
vn -0.0240 -0.8995 0.4363
vn 0.1883 -0.9194 0.3454
vn 0.3932 -0.8891 0.2343
vn 0.5673 -0.8151 0.1171
vn -0.8329 0.5012 0.2346
vn -0.8594 0.1857 0.4764
vn -0.8185 0.0061 0.5745
vn -0.7677 -0.1221 0.6291
vn -0.7115 -0.2283 0.6645
vn -0.6489 -0.3244 0.6882
vn -0.5795 -0.4136 0.7022
vn -0.4990 -0.5010 0.7071
vn -0.4024 -0.5888 0.7009
vn -0.2840 -0.6767 0.6793
vn -0.1358 -0.7611 0.6342
vn 0.0450 -0.8304 0.5553
vn 0.2430 -0.8647 0.4396
vn 0.4303 -0.8520 0.2982
vn 0.5858 -0.7966 0.1490
vn -0.7974 0.5367 0.2758
vn -0.7872 0.2579 0.5601
vn -0.7315 0.0931 0.6755
vn -0.6723 -0.0267 0.7398
vn -0.6108 -0.1276 0.7814
vn -0.5446 -0.2201 0.8093
vn -0.4731 -0.3072 0.8257
vn -0.3918 -0.3939 0.8315
vn -0.2962 -0.4826 0.8242
vn -0.1811 -0.5737 0.7988
vn -0.0397 -0.6650 0.7458
vn 0.1292 -0.7463 0.6530
vn 0.3096 -0.7981 0.5169
vn 0.4755 -0.8068 0.3507
vn 0.6084 -0.7740 0.1753
vn -0.7568 0.5773 0.3065
vn -0.7049 0.3403 0.6224
vn -0.6321 0.1925 0.7506
vn -0.5635 0.0820 0.8220
vn -0.4959 -0.0127 0.8683
vn -0.4256 -0.1011 0.8992
vn -0.3517 -0.1858 0.9175
vn -0.2696 -0.2716 0.9239
vn -0.1750 -0.3614 0.9158
vn -0.0636 -0.4563 0.8875
vn 0.0700 -0.5554 0.8287
vn 0.2252 -0.6502 0.7256
vn 0.3856 -0.7221 0.5744
vn 0.5270 -0.7553 0.3896
vn 0.6342 -0.7483 0.1947
vn -0.7128 0.6213 0.3254
vn -0.6155 0.4296 0.6607
vn -0.5244 0.3002 0.7968
vn -0.4455 0.2001 0.8726
vn -0.3713 0.1120 0.9217
vn -0.2965 0.0280 0.9546
vn -0.2200 -0.0540 0.9740
vn -0.1369 -0.1390 0.9808
vn -0.0435 -0.2300 0.9722
vn 0.0638 -0.3289 0.9422
vn 0.1889 -0.4364 0.8797
vn 0.3294 -0.5461 0.7703
vn 0.4681 -0.6396 0.6098
vn 0.5830 -0.6993 0.4136
vn 0.6621 -0.7203 0.2067
vn -0.6671 0.6671 0.3317
vn -0.5226 0.5226 0.6737
vn -0.4123 0.4123 0.8124
vn -0.3228 0.3228 0.8897
vn -0.2416 0.2416 0.9398
vn -0.1623 0.1623 0.9733
vn -0.0830 0.0830 0.9931
vn 0.0010 -0.0010 1.0000
vn 0.0932 -0.0932 0.9913
vn 0.1963 -0.1963 0.9607
vn 0.3127 -0.3127 0.8969
vn 0.4377 -0.4377 0.7854
vn 0.5538 -0.5538 0.6217
vn 0.6412 -0.6412 0.4217
vn 0.6912 -0.6912 0.2108
vn -0.6213 0.7128 0.3254
vn -0.4296 0.6155 0.6607
vn -0.3002 0.5244 0.7968
vn -0.2001 0.4455 0.8726
vn -0.1120 0.3713 0.9217
vn -0.0280 0.2965 0.9546
vn 0.0540 0.2200 0.9740
vn 0.1390 0.1369 0.9808
vn 0.2300 0.0435 0.9722
vn 0.3289 -0.0638 0.9422
vn 0.4364 -0.1889 0.8797
vn 0.5461 -0.3294 0.7703
vn 0.6396 -0.4681 0.6098
vn 0.6993 -0.5830 0.4136
vn 0.7203 -0.6621 0.2067
vn -0.5773 0.7568 0.3065
vn -0.3403 0.7049 0.6224
vn -0.1925 0.6321 0.7506
vn -0.0820 0.5635 0.8220
vn 0.0127 0.4959 0.8683
vn 0.1011 0.4256 0.8992
vn 0.1858 0.3517 0.9175
vn 0.2716 0.2696 0.9239
vn 0.3614 0.1750 0.9158
vn 0.4563 0.0636 0.8875
vn 0.5554 -0.0700 0.8287
vn 0.6502 -0.2252 0.7256
vn 0.7221 -0.3856 0.5744
vn 0.7553 -0.5270 0.3896
vn 0.7483 -0.6342 0.1947
vn -0.5367 0.7974 0.2758
vn -0.2579 0.7872 0.5601
vn -0.0931 0.7315 0.6755
vn 0.0267 0.6723 0.7398
vn 0.1276 0.6108 0.7814
vn 0.2201 0.5446 0.8093
vn 0.3072 0.4731 0.8257
vn 0.3939 0.3918 0.8315
vn 0.4826 0.2962 0.8242
vn 0.5737 0.1811 0.7988
vn 0.6650 0.0397 0.7458
vn 0.7463 -0.1292 0.6530
vn 0.7981 -0.3096 0.5169
vn 0.8068 -0.4755 0.3506
vn 0.7740 -0.6084 0.1752
vn -0.5012 0.8329 0.2346
vn -0.1857 0.8594 0.4764
vn -0.0061 0.8185 0.5745
vn 0.1221 0.7677 0.6291
vn 0.2283 0.7115 0.6645
vn 0.3244 0.6489 0.6882
vn 0.4136 0.5795 0.7022
vn 0.5010 0.4990 0.7071
vn 0.5888 0.4024 0.7009
vn 0.6767 0.2840 0.6793
vn 0.7611 0.1358 0.6342
vn 0.8304 -0.0450 0.5553
vn 0.8647 -0.2430 0.4396
vn 0.8520 -0.4303 0.2982
vn 0.7966 -0.5858 0.1490
vn -0.4720 0.8621 0.1843
vn -0.1265 0.9187 0.3743
vn 0.0654 0.8899 0.4514
vn 0.2003 0.8459 0.4943
vn 0.3109 0.7942 0.5221
vn 0.4100 0.7345 0.5407
vn 0.5009 0.6668 0.5517
vn 0.5890 0.5869 0.5556
vn 0.6760 0.4896 0.5507
vn 0.7612 0.3685 0.5337
vn 0.8400 0.2147 0.4983
vn 0.8995 0.0240 0.4363
vn 0.9194 -0.1883 0.3454
vn 0.8891 -0.3932 0.2343
vn 0.8151 -0.5673 0.1171
vn -0.4503 0.8838 0.1270
vn -0.0825 0.9627 0.2578
vn 0.1184 0.9430 0.3109
vn 0.2584 0.9040 0.3405
vn 0.3723 0.8556 0.3596
vn 0.4736 0.7981 0.3725
vn 0.5658 0.7317 0.3800
vn 0.6543 0.6523 0.3827
vn 0.7408 0.5544 0.3793
vn 0.8239 0.4312 0.3676
vn 0.8986 0.2733 0.3432
vn 0.9508 0.0753 0.3005
vn 0.9600 -0.1477 0.2379
vn 0.9167 -0.3656 0.1614
vn 0.8289 -0.5535 0.0807
vn -0.4370 0.8971 0.0647
vn -0.0554 0.9898 0.1314
vn 0.1511 0.9757 0.1585
vn 0.2943 0.9398 0.1736
vn 0.4101 0.8934 0.1833
vn 0.5127 0.8373 0.1899
vn 0.6058 0.7717 0.1937
vn 0.6945 0.6925 0.1951
vn 0.7807 0.5943 0.1934
vn 0.8626 0.4699 0.1874
vn 0.9347 0.3094 0.1750
vn 0.9824 0.1069 0.1532
vn 0.9850 -0.1227 0.1213
vn 0.9336 -0.3487 0.0823
vn 0.8374 -0.5450 0.0411
vn -0.4325 0.9016 -0.0000
vn -0.0462 0.9989 -0.0000
vn 0.1622 0.9868 -0.0000
vn 0.3063 0.9519 -0.0000
vn 0.4229 0.9062 -0.0000
vn 0.5260 0.8505 -0.0000
vn 0.6193 0.7852 -0.0000
vn 0.7081 0.7061 -0.0000
vn 0.7941 0.6077 -0.0000
vn 0.8756 0.4830 -0.0000
vn 0.9469 0.3216 -0.0000
vn 0.9931 0.1176 -0.0000
vn 0.9935 -0.1142 -0.0000
vn 0.9394 -0.3430 -0.0000
vn 0.8403 -0.5422 -0.0000
vn -0.4370 0.8971 -0.0647
vn -0.0554 0.9898 -0.1314
vn 0.1511 0.9757 -0.1585
vn 0.2943 0.9398 -0.1736
vn 0.4101 0.8934 -0.1833
vn 0.5127 0.8373 -0.1899
vn 0.6058 0.7717 -0.1937
vn 0.6945 0.6925 -0.1951
vn 0.7807 0.5943 -0.1934
vn 0.8626 0.4699 -0.1874
vn 0.9347 0.3094 -0.1750
vn 0.9824 0.1069 -0.1532
vn 0.9850 -0.1227 -0.1213
vn 0.9336 -0.3487 -0.0823
vn 0.8374 -0.5450 -0.0411
vn -0.4503 0.8838 -0.1270
vn -0.0825 0.9627 -0.2578
vn 0.1184 0.9430 -0.3109
vn 0.2584 0.9040 -0.3405
vn 0.3723 0.8556 -0.3596
vn 0.4736 0.7981 -0.3725
vn 0.5658 0.7317 -0.3800
vn 0.6543 0.6523 -0.3827
vn 0.7408 0.5544 -0.3793
vn 0.8239 0.4312 -0.3676
vn 0.8986 0.2733 -0.3432
vn 0.9508 0.0753 -0.3005
vn 0.9600 -0.1477 -0.2379
vn 0.9167 -0.3656 -0.1614
vn 0.8289 -0.5535 -0.0807
vn -0.4720 0.8621 -0.1843
vn -0.1265 0.9186 -0.3743
vn 0.0654 0.8899 -0.4514
vn 0.2003 0.8459 -0.4943
vn 0.3109 0.7942 -0.5221
vn 0.4100 0.7345 -0.5407
vn 0.5009 0.6668 -0.5517
vn 0.5890 0.5869 -0.5556
vn 0.6760 0.4896 -0.5507
vn 0.7612 0.3685 -0.5337
vn 0.8400 0.2147 -0.4983
vn 0.8995 0.0240 -0.4363
vn 0.9194 -0.1883 -0.3454
vn 0.8891 -0.3932 -0.2343
vn 0.8151 -0.5673 -0.1171
vn -0.5012 0.8329 -0.2346
vn -0.1857 0.8594 -0.4764
vn -0.0061 0.8185 -0.5745
vn 0.1221 0.7677 -0.6291
vn 0.2283 0.7115 -0.6645
vn 0.3244 0.6489 -0.6882
vn 0.4136 0.5795 -0.7022
vn 0.5010 0.4990 -0.7071
vn 0.5888 0.4024 -0.7009
vn 0.6767 0.2840 -0.6793
vn 0.7611 0.1358 -0.6342
vn 0.8304 -0.0450 -0.5553
vn 0.8647 -0.2430 -0.4396
vn 0.8520 -0.4303 -0.2982
vn 0.7966 -0.5858 -0.1490
vn -0.5367 0.7974 -0.2758
vn -0.2579 0.7872 -0.5601
vn -0.0931 0.7315 -0.6755
vn 0.0267 0.6723 -0.7398
vn 0.1276 0.6108 -0.7814
vn 0.2201 0.5446 -0.8093
vn 0.3072 0.4731 -0.8257
vn 0.3939 0.3918 -0.8315
vn 0.4826 0.2962 -0.8242
vn 0.5737 0.1811 -0.7988
vn 0.6650 0.0397 -0.7458
vn 0.7463 -0.1292 -0.6530
vn 0.7981 -0.3096 -0.5169
vn 0.8068 -0.4755 -0.3506
vn 0.7740 -0.6084 -0.1752
vn -0.5773 0.7568 -0.3065
vn -0.3403 0.7049 -0.6224
vn -0.1925 0.6321 -0.7506
vn -0.0820 0.5635 -0.8220
vn 0.0127 0.4959 -0.8683
vn 0.1011 0.4256 -0.8992
vn 0.1858 0.3517 -0.9175
vn 0.2716 0.2696 -0.9239
vn 0.3614 0.1750 -0.9158
vn 0.4563 0.0636 -0.8875
vn 0.5554 -0.0700 -0.8287
vn 0.6502 -0.2252 -0.7256
vn 0.7221 -0.3856 -0.5744
vn 0.7553 -0.5270 -0.3896
vn 0.7483 -0.6342 -0.1947
vn -0.6213 0.7128 -0.3254
vn -0.4296 0.6155 -0.6607
vn -0.3002 0.5244 -0.7968
vn -0.2001 0.4455 -0.8726
vn -0.1120 0.3713 -0.9217
vn -0.0280 0.2965 -0.9546
vn 0.0540 0.2200 -0.9740
vn 0.1390 0.1369 -0.9808
vn 0.2300 0.0435 -0.9722
vn 0.3289 -0.0638 -0.9422
vn 0.4364 -0.1889 -0.8797
vn 0.5461 -0.3294 -0.7703
vn 0.6396 -0.4681 -0.6098
vn 0.6993 -0.5830 -0.4136
vn 0.7203 -0.6621 -0.2067
vn -0.6671 0.6671 -0.3317
vn -0.5226 0.5226 -0.6737
vn -0.3228 0.3228 -0.8897
vn -0.1623 0.1623 -0.9733
vn 0.1963 -0.1963 -0.9607
vn 0.4377 -0.4377 -0.7854
vn 0.5538 -0.5538 -0.6217
vn 0.6412 -0.6411 -0.4217
vn 0.6912 -0.6912 -0.2108
vt 0.750000 0.875000
vt 0.750000 0.937500
vt 0.718750 0.937500
vt 0.718750 0.875000
vt 0.750000 0.375000
vt 0.750000 0.437500
vt 0.718750 0.437500
vt 0.718750 0.375000
vt 0.750000 0.812500
vt 0.718750 0.812500
vt 0.750000 0.312500
vt 0.718750 0.312500
vt 0.750000 0.750000
vt 0.718750 0.750000
vt 0.750000 0.250000
vt 0.718750 0.250000
vt 0.750000 0.687500
vt 0.718750 0.687500
vt 0.750000 0.187500
vt 0.718750 0.187500
vt 0.750000 0.625000
vt 0.718750 0.625000
vt 0.750000 0.125000
vt 0.718750 0.125000
vt 0.750000 0.562500
vt 0.718750 0.562500
vt 0.750000 0.062500
vt 0.718750 0.062500
vt 0.750000 0.500000
vt 0.718750 0.500000
vt 0.734375 1.000000
vt 0.734375 0.000000
vt 0.687500 0.562500
vt 0.687500 0.500000
vt 0.703125 1.000000
vt 0.687500 0.937500
vt 0.703125 0.000000
vt 0.687500 0.062500
vt 0.687500 0.437500
vt 0.687500 0.875000
vt 0.687500 0.375000
vt 0.687500 0.812500
vt 0.687500 0.312500
vt 0.687500 0.750000
vt 0.687500 0.250000
vt 0.687500 0.687500
vt 0.687500 0.187500
vt 0.687500 0.625000
vt 0.687500 0.125000
vt 0.656250 0.312500
vt 0.656250 0.250000
vt 0.656250 0.750000
vt 0.656250 0.687500
vt 0.656250 0.187500
vt 0.656250 0.625000
vt 0.656250 0.125000
vt 0.656250 0.562500
vt 0.656250 0.062500
vt 0.656250 0.500000
vt 0.671875 1.000000
vt 0.656250 0.937500
vt 0.671875 0.000000
vt 0.656250 0.437500
vt 0.656250 0.875000
vt 0.656250 0.375000
vt 0.656250 0.812500
vt 0.640625 0.000000
vt 0.625000 0.062500
vt 0.625000 0.500000
vt 0.625000 0.437500
vt 0.625000 0.937500
vt 0.625000 0.875000
vt 0.625000 0.375000
vt 0.625000 0.812500
vt 0.625000 0.312500
vt 0.625000 0.750000
vt 0.625000 0.250000
vt 0.625000 0.687500
vt 0.625000 0.187500
vt 0.625000 0.625000
vt 0.625000 0.125000
vt 0.625000 0.562500
vt 0.640625 1.000000
vt 0.593750 0.250000
vt 0.593750 0.187500
vt 0.593750 0.687500
vt 0.593750 0.625000
vt 0.593750 0.125000
vt 0.593750 0.562500
vt 0.593750 0.062500
vt 0.593750 0.500000
vt 0.609375 1.000000
vt 0.593750 0.937500
vt 0.609375 0.000000
vt 0.593750 0.437500
vt 0.593750 0.875000
vt 0.593750 0.375000
vt 0.593750 0.812500
vt 0.593750 0.312500
vt 0.593750 0.750000
vt 0.562500 0.937500
vt 0.562500 0.875000
vt 0.562500 0.437500
vt 0.562500 0.375000
vt 0.562500 0.812500
vt 0.562500 0.312500
vt 0.562500 0.750000
vt 0.562500 0.250000
vt 0.562500 0.687500
vt 0.562500 0.187500
vt 0.562500 0.625000
vt 0.562500 0.125000
vt 0.562500 0.562500
vt 0.562500 0.062500
vt 0.562500 0.500000
vt 0.578125 1.000000
vt 0.578125 0.000000
vt 0.531250 0.687500
vt 0.531250 0.625000
vt 0.531250 0.187500
vt 0.531250 0.125000
vt 0.531250 0.562500
vt 0.531250 0.062500
vt 0.531250 0.500000
vt 0.546875 1.000000
vt 0.531250 0.937500
vt 0.546875 0.000000
vt 0.531250 0.437500
vt 0.531250 0.875000
vt 0.531250 0.375000
vt 0.531250 0.812500
vt 0.531250 0.312500
vt 0.531250 0.750000
vt 0.531250 0.250000
vt 0.500000 0.437500
vt 0.500000 0.375000
vt 0.500000 0.875000
vt 0.500000 0.812500
vt 0.500000 0.312500
vt 0.500000 0.750000
vt 0.500000 0.250000
vt 0.500000 0.687500
vt 0.500000 0.187500
vt 0.500000 0.625000
vt 0.500000 0.125000
vt 0.500000 0.562500
vt 0.500000 0.062500
vt 0.500000 0.500000
vt 0.515625 1.000000
vt 0.500000 0.937500
vt 0.515625 0.000000
vt 0.468750 0.187500
vt 0.468750 0.125000
vt 0.468750 0.625000
vt 0.468750 0.562500
vt 0.468750 0.062500
vt 0.468750 0.500000
vt 0.484375 1.000000
vt 0.468750 0.937500
vt 0.484375 0.000000
vt 0.468750 0.437500
vt 0.468750 0.875000
vt 0.468750 0.375000
vt 0.468750 0.812500
vt 0.468750 0.312500
vt 0.468750 0.750000
vt 0.468750 0.250000
vt 0.468750 0.687500
vt 0.437500 0.875000
vt 0.437500 0.812500
vt 0.437500 0.375000
vt 0.437500 0.312500
vt 0.437500 0.750000
vt 0.437500 0.250000
vt 0.437500 0.687500
vt 0.437500 0.187500
vt 0.437500 0.625000
vt 0.437500 0.125000
vt 0.437500 0.562500
vt 0.437500 0.062500
vt 0.437500 0.500000
vt 0.453125 1.000000
vt 0.437500 0.937500
vt 0.453125 0.000000
vt 0.437500 0.437500
vt 0.406250 0.625000
vt 0.406250 0.562500
vt 0.406250 0.125000
vt 0.406250 0.062500
vt 0.406250 0.500000
vt 0.421875 1.000000
vt 0.406250 0.937500
vt 0.421875 0.000000
vt 0.406250 0.437500
vt 0.406250 0.875000
vt 0.406250 0.375000
vt 0.406250 0.812500
vt 0.406250 0.312500
vt 0.406250 0.750000
vt 0.406250 0.250000
vt 0.406250 0.687500
vt 0.406250 0.187500
vt 0.375000 0.375000
vt 0.375000 0.312500
vt 0.375000 0.812500
vt 0.375000 0.750000
vt 0.375000 0.250000
vt 0.375000 0.687500
vt 0.375000 0.187500
vt 0.375000 0.625000
vt 0.375000 0.125000
vt 0.375000 0.562500
vt 0.375000 0.062500
vt 0.375000 0.500000
vt 0.390625 1.000000
vt 0.375000 0.937500
vt 0.390625 0.000000
vt 0.375000 0.437500
vt 0.375000 0.875000
vt 0.343750 0.125000
vt 0.343750 0.062500
vt 0.343750 0.562500
vt 0.343750 0.500000
vt 0.359375 1.000000
vt 0.343750 0.937500
vt 0.359375 0.000000
vt 0.343750 0.437500
vt 0.343750 0.875000
vt 0.343750 0.375000
vt 0.343750 0.812500
vt 0.343750 0.312500
vt 0.343750 0.750000
vt 0.343750 0.250000
vt 0.343750 0.687500
vt 0.343750 0.187500
vt 0.343750 0.625000
vt 0.312500 0.312500
vt 0.312500 0.250000
vt 0.312500 0.750000
vt 0.312500 0.687500
vt 0.312500 0.187500
vt 0.312500 0.625000
vt 0.312500 0.125000
vt 0.312500 0.562500
vt 0.312500 0.062500
vt 0.312500 0.500000
vt 0.328125 1.000000
vt 0.312500 0.937500
vt 0.328125 0.000000
vt 0.312500 0.437500
vt 0.312500 0.875000
vt 0.312500 0.375000
vt 0.312500 0.812500
vt 0.296875 1.000000
vt 0.281250 0.937500
vt 0.296875 0.000000
vt 0.281250 0.062500
vt 0.281250 0.500000
vt 0.281250 0.437500
vt 0.281250 0.875000
vt 0.281250 0.375000
vt 0.281250 0.812500
vt 0.281250 0.312500
vt 0.281250 0.750000
vt 0.281250 0.250000
vt 0.281250 0.687500
vt 0.281250 0.187500
vt 0.281250 0.625000
vt 0.281250 0.125000
vt 0.281250 0.562500
vt 0.250000 0.750000
vt 0.250000 0.687500
vt 0.250000 0.250000
vt 0.250000 0.187500
vt 0.250000 0.625000
vt 0.250000 0.125000
vt 0.250000 0.562500
vt 0.250000 0.062500
vt 0.250000 0.500000
vt 0.265625 1.000000
vt 0.250000 0.937500
vt 0.265625 0.000000
vt 0.250000 0.437500
vt 0.250000 0.875000
vt 0.250000 0.375000
vt 0.250000 0.812500
vt 0.250000 0.312500
vt 0.218750 0.500000
vt 0.218750 0.437500
vt 0.218750 0.937500
vt 0.218750 0.875000
vt 0.218750 0.375000
vt 0.218750 0.812500
vt 0.218750 0.312500
vt 0.218750 0.750000
vt 0.218750 0.250000
vt 0.218750 0.687500
vt 0.218750 0.187500
vt 0.218750 0.625000
vt 0.218750 0.125000
vt 0.218750 0.562500
vt 0.218750 0.062500
vt 0.234375 1.000000
vt 0.234375 0.000000
vt 0.187500 0.250000
vt 0.187500 0.187500
vt 0.187500 0.687500
vt 0.187500 0.625000
vt 0.187500 0.125000
vt 0.187500 0.562500
vt 0.187500 0.062500
vt 0.187500 0.500000
vt 0.203125 1.000000
vt 0.187500 0.937500
vt 0.203125 0.000000
vt 0.187500 0.437500
vt 0.187500 0.875000
vt 0.187500 0.375000
vt 0.187500 0.812500
vt 0.187500 0.312500
vt 0.187500 0.750000
vt 0.156250 0.937500
vt 0.156250 0.875000
vt 0.156250 0.437500
vt 0.156250 0.375000
vt 0.156250 0.812500
vt 0.156250 0.312500
vt 0.156250 0.750000
vt 0.156250 0.250000
vt 0.156250 0.687500
vt 0.156250 0.187500
vt 0.156250 0.625000
vt 0.156250 0.125000
vt 0.156250 0.562500
vt 0.156250 0.062500
vt 0.156250 0.500000
vt 0.171875 1.000000
vt 0.171875 0.000000
vt 0.125000 0.687500
vt 0.125000 0.625000
vt 0.125000 0.187500
vt 0.125000 0.125000
vt 0.125000 0.562500
vt 0.125000 0.062500
vt 0.125000 0.500000
vt 0.140625 1.000000
vt 0.125000 0.937500
vt 0.140625 0.000000
vt 0.125000 0.437500
vt 0.125000 0.875000
vt 0.125000 0.375000
vt 0.125000 0.812500
vt 0.125000 0.312500
vt 0.125000 0.750000
vt 0.125000 0.250000
vt 0.093750 0.437500
vt 0.093750 0.375000
vt 0.093750 0.875000
vt 0.093750 0.812500
vt 0.093750 0.312500
vt 0.093750 0.750000
vt 0.093750 0.250000
vt 0.093750 0.687500
vt 0.093750 0.187500
vt 0.093750 0.625000
vt 0.093750 0.125000
vt 0.093750 0.562500
vt 0.093750 0.062500
vt 0.093750 0.500000
vt 0.109375 1.000000
vt 0.093750 0.937500
vt 0.109375 0.000000
vt 0.062500 0.187500
vt 0.062500 0.125000
vt 0.062500 0.625000
vt 0.062500 0.562500
vt 0.062500 0.062500
vt 0.062500 0.500000
vt 0.078125 1.000000
vt 0.062500 0.937500
vt 0.078125 0.000000
vt 0.062500 0.437500
vt 0.062500 0.875000
vt 0.062500 0.375000
vt 0.062500 0.812500
vt 0.062500 0.312500
vt 0.062500 0.750000
vt 0.062500 0.250000
vt 0.062500 0.687500
vt 0.031250 0.375000
vt 0.031250 0.312500
vt 0.031250 0.812500
vt 0.031250 0.750000
vt 0.031250 0.250000
vt 0.031250 0.687500
vt 0.031250 0.187500
vt 0.031250 0.625000
vt 0.031250 0.125000
vt 0.031250 0.562500
vt 0.031250 0.062500
vt 0.031250 0.500000
vt 0.046875 1.000000
vt 0.031250 0.937500
vt 0.046875 0.000000
vt 0.031250 0.437500
vt 0.031250 0.875000
vt 0.000000 0.125000
vt 0.000000 0.062500
vt 0.000000 0.562500
vt 0.000000 0.500000
vt 0.015625 1.000000
vt 0.000000 0.937500
vt 0.015625 0.000000
vt 0.000000 0.437500
vt 0.000000 0.875000
vt 0.000000 0.375000
vt 0.000000 0.812500
vt 0.000000 0.312500
vt 0.000000 0.750000
vt 0.000000 0.250000
vt 0.000000 0.687500
vt 0.000000 0.187500
vt 0.000000 0.625000
vt 1.000000 0.750000
vt 1.000000 0.812500
vt 0.968750 0.812500
vt 0.968750 0.750000
vt 1.000000 0.250000
vt 1.000000 0.312500
vt 0.968750 0.312500
vt 0.968750 0.250000
vt 1.000000 0.687500
vt 0.968750 0.687500
vt 1.000000 0.187500
vt 0.968750 0.187500
vt 1.000000 0.625000
vt 0.968750 0.625000
vt 1.000000 0.125000
vt 0.968750 0.125000
vt 1.000000 0.562500
vt 0.968750 0.562500
vt 1.000000 0.062500
vt 0.968750 0.062500
vt 1.000000 0.500000
vt 0.968750 0.500000
vt 1.000000 0.937500
vt 0.984375 1.000000
vt 0.968750 0.937500
vt 0.984375 0.000000
vt 1.000000 0.437500
vt 0.968750 0.437500
vt 1.000000 0.875000
vt 0.968750 0.875000
vt 1.000000 0.375000
vt 0.968750 0.375000
vt 0.937500 0.562500
vt 0.937500 0.500000
vt 0.953125 1.000000
vt 0.937500 0.937500
vt 0.953125 0.000000
vt 0.937500 0.062500
vt 0.937500 0.437500
vt 0.937500 0.875000
vt 0.937500 0.375000
vt 0.937500 0.812500
vt 0.937500 0.312500
vt 0.937500 0.750000
vt 0.937500 0.250000
vt 0.937500 0.687500
vt 0.937500 0.187500
vt 0.937500 0.625000
vt 0.937500 0.125000
vt 0.906250 0.312500
vt 0.906250 0.250000
vt 0.906250 0.750000
vt 0.906250 0.687500
vt 0.906250 0.187500
vt 0.906250 0.625000
vt 0.906250 0.125000
vt 0.906250 0.562500
vt 0.906250 0.062500
vt 0.906250 0.500000
vt 0.921875 1.000000
vt 0.906250 0.937500
vt 0.921875 0.000000
vt 0.906250 0.437500
vt 0.906250 0.875000
vt 0.906250 0.375000
vt 0.906250 0.812500
vt 0.890625 1.000000
vt 0.875000 0.937500
vt 0.890625 0.000000
vt 0.875000 0.062500
vt 0.875000 0.500000
vt 0.875000 0.437500
vt 0.875000 0.875000
vt 0.875000 0.375000
vt 0.875000 0.812500
vt 0.875000 0.312500
vt 0.875000 0.750000
vt 0.875000 0.250000
vt 0.875000 0.687500
vt 0.875000 0.187500
vt 0.875000 0.625000
vt 0.875000 0.125000
vt 0.875000 0.562500
vt 0.843750 0.750000
vt 0.843750 0.687500
vt 0.843750 0.250000
vt 0.843750 0.187500
vt 0.843750 0.625000
vt 0.843750 0.125000
vt 0.843750 0.562500
vt 0.843750 0.062500
vt 0.843750 0.500000
vt 0.859375 1.000000
vt 0.843750 0.937500
vt 0.859375 0.000000
vt 0.843750 0.437500
vt 0.843750 0.875000
vt 0.843750 0.375000
vt 0.843750 0.812500
vt 0.843750 0.312500
vt 0.812500 0.500000
vt 0.812500 0.437500
vt 0.812500 0.937500
vt 0.812500 0.875000
vt 0.812500 0.375000
vt 0.812500 0.812500
vt 0.812500 0.312500
vt 0.812500 0.750000
vt 0.812500 0.250000
vt 0.812500 0.687500
vt 0.812500 0.187500
vt 0.812500 0.625000
vt 0.812500 0.125000
vt 0.812500 0.562500
vt 0.812500 0.062500
vt 0.828125 1.000000
vt 0.828125 0.000000
vt 0.781250 0.250000
vt 0.781250 0.187500
vt 0.781250 0.687500
vt 0.781250 0.625000
vt 0.781250 0.125000
vt 0.781250 0.562500
vt 0.781250 0.062500
vt 0.781250 0.500000
vt 0.796875 1.000000
vt 0.781250 0.937500
vt 0.796875 0.000000
vt 0.781250 0.437500
vt 0.781250 0.875000
vt 0.781250 0.375000
vt 0.781250 0.812500
vt 0.781250 0.312500
vt 0.781250 0.750000
vt 0.765625 1.000000
vt 0.765625 0.000000
s 1
usemtl sun.002
f 475/1/475 474/2/474 7/3/7 8/4/8
f 478/5/478 5/6/5 15/7/15 16/8/16
f 1/9/1 475/1/475 8/4/8 9/10/9
f 6/11/6 478/5/478 16/8/16 17/12/17
f 476/13/476 1/9/1 9/10/9 10/14/10
f 479/15/479 6/11/6 17/12/17 18/16/18
f 2/17/2 476/13/476 10/14/10 11/18/11
f 480/19/480 479/15/479 18/16/18 19/20/19
f 477/21/477 2/17/2 11/18/11 12/22/12
f 481/23/481 480/19/480 19/20/19 20/24/20
f 3/25/3 477/21/477 12/22/12 13/26/13
f 482/27/482 481/23/481 20/24/20 21/28/21
f 4/29/4 3/25/3 13/26/13 14/30/14
f 474/2/474 82/31/82 7/3/7
f 308/32/308 482/27/482 21/28/21
f 5/6/5 4/29/4 14/30/14 15/7/15
f 14/30/14 13/26/13 28/33/28 29/34/29
f 7/3/7 82/35/82 22/36/22
f 308/37/308 21/28/21 36/38/36
f 15/7/15 14/30/14 29/34/29 30/39/30
f 8/4/8 7/3/7 22/36/22 23/40/23
f 16/8/16 15/7/15 30/39/30 31/41/31
f 9/10/9 8/4/8 23/40/23 24/42/24
f 17/12/17 16/8/16 31/41/31 32/43/32
f 10/14/10 9/10/9 24/42/24 25/44/25
f 18/16/18 17/12/17 32/43/32 33/45/33
f 11/18/11 10/14/10 25/44/25 26/46/26
f 19/20/19 18/16/18 33/45/33 34/47/34
f 12/22/12 11/18/11 26/46/26 27/48/27
f 20/24/20 19/20/19 34/47/34 35/49/35
f 13/26/13 12/22/12 27/48/27 28/33/28
f 21/28/21 20/24/20 35/49/35 36/38/36
f 33/45/33 32/43/32 47/50/47 48/51/48
f 26/46/26 25/44/25 40/52/40 41/53/41
f 34/47/34 33/45/33 48/51/48 49/54/49
f 27/48/27 26/46/26 41/53/41 42/55/42
f 35/49/35 34/47/34 49/54/49 50/56/50
f 28/33/28 27/48/27 42/55/42 43/57/43
f 36/38/36 35/49/35 50/56/50 51/58/51
f 29/34/29 28/33/28 43/57/43 44/59/44
f 22/36/22 82/60/82 37/61/37
f 308/62/308 36/38/36 51/58/51
f 30/39/30 29/34/29 44/59/44 45/63/45
f 23/40/23 22/36/22 37/61/37 38/64/38
f 31/41/31 30/39/30 45/63/45 46/65/46
f 24/42/24 23/40/23 38/64/38 39/66/39
f 32/43/32 31/41/31 46/65/46 47/50/47
f 25/44/25 24/42/24 39/66/39 40/52/40
f 308/67/308 51/58/51 66/68/66
f 45/63/45 44/59/44 59/69/59 60/70/60
f 38/64/38 37/61/37 52/71/52 53/72/53
f 46/65/46 45/63/45 60/70/60 61/73/61
f 39/66/39 38/64/38 53/72/53 54/74/54
f 47/50/47 46/65/46 61/73/61 62/75/62
f 40/52/40 39/66/39 54/74/54 55/76/55
f 48/51/48 47/50/47 62/75/62 63/77/63
f 41/53/41 40/52/40 55/76/55 56/78/56
f 49/54/49 48/51/48 63/77/63 64/79/64
f 42/55/42 41/53/41 56/78/56 57/80/57
f 50/56/50 49/54/49 64/79/64 65/81/65
f 43/57/43 42/55/42 57/80/57 58/82/58
f 51/58/51 50/56/50 65/81/65 66/68/66
f 44/59/44 43/57/43 58/82/58 59/69/59
f 37/61/37 82/83/82 52/71/52
f 64/79/64 63/77/63 78/84/78 79/85/79
f 57/80/57 56/78/56 71/86/71 72/87/72
f 65/81/65 64/79/64 79/85/79 80/88/80
f 58/82/58 57/80/57 72/87/72 73/89/73
f 66/68/66 65/81/65 80/88/80 81/90/81
f 59/69/59 58/82/58 73/89/73 74/91/74
f 52/71/52 82/92/82 67/93/67
f 308/94/308 66/68/66 81/90/81
f 60/70/60 59/69/59 74/91/74 75/95/75
f 53/72/53 52/71/52 67/93/67 68/96/68
f 61/73/61 60/70/60 75/95/75 76/97/76
f 54/74/54 53/72/53 68/96/68 69/98/69
f 62/75/62 61/73/61 76/97/76 77/99/77
f 55/76/55 54/74/54 69/98/69 70/100/70
f 63/77/63 62/75/62 77/99/77 78/84/78
f 56/78/56 55/76/55 70/100/70 71/86/71
f 68/96/68 67/93/67 83/101/83 84/102/84
f 76/97/76 75/95/75 91/103/91 92/104/92
f 69/98/69 68/96/68 84/102/84 85/105/85
f 77/99/77 76/97/76 92/104/92 93/106/93
f 70/100/70 69/98/69 85/105/85 86/107/86
f 78/84/78 77/99/77 93/106/93 94/108/94
f 71/86/71 70/100/70 86/107/86 87/109/87
f 79/85/79 78/84/78 94/108/94 95/110/95
f 72/87/72 71/86/71 87/109/87 88/111/88
f 80/88/80 79/85/79 95/110/95 96/112/96
f 73/89/73 72/87/72 88/111/88 89/113/89
f 81/90/81 80/88/80 96/112/96 97/114/97
f 74/91/74 73/89/73 89/113/89 90/115/90
f 67/93/67 82/116/82 83/101/83
f 308/117/308 81/90/81 97/114/97
f 75/95/75 74/91/74 90/115/90 91/103/91
f 88/111/88 87/109/87 102/118/102 103/119/103
f 96/112/96 95/110/95 110/120/110 111/121/111
f 89/113/89 88/111/88 103/119/103 104/122/104
f 97/114/97 96/112/96 111/121/111 112/123/112
f 90/115/90 89/113/89 104/122/104 105/124/105
f 83/101/83 82/125/82 98/126/98
f 308/127/308 97/114/97 112/123/112
f 91/103/91 90/115/90 105/124/105 106/128/106
f 84/102/84 83/101/83 98/126/98 99/129/99
f 92/104/92 91/103/91 106/128/106 107/130/107
f 85/105/85 84/102/84 99/129/99 100/131/100
f 93/106/93 92/104/92 107/130/107 108/132/108
f 86/107/86 85/105/85 100/131/100 101/133/101
f 94/108/94 93/106/93 108/132/108 109/134/109
f 87/109/87 86/107/86 101/133/101 102/118/102
f 95/110/95 94/108/94 109/134/109 110/120/110
f 107/130/107 106/128/106 121/135/121 122/136/122
f 100/131/100 99/129/99 114/137/114 115/138/115
f 108/132/108 107/130/107 122/136/122 123/139/123
f 101/133/101 100/131/100 115/138/115 116/140/116
f 109/134/109 108/132/108 123/139/123 124/141/124
f 102/118/102 101/133/101 116/140/116 117/142/117
f 110/120/110 109/134/109 124/141/124 125/143/125
f 103/119/103 102/118/102 117/142/117 118/144/118
f 111/121/111 110/120/110 125/143/125 126/145/126
f 104/122/104 103/119/103 118/144/118 119/146/119
f 112/123/112 111/121/111 126/145/126 127/147/127
f 105/124/105 104/122/104 119/146/119 120/148/120
f 98/126/98 82/149/82 113/150/113
f 308/151/308 112/123/112 127/147/127
f 106/128/106 105/124/105 120/148/120 121/135/121
f 99/129/99 98/126/98 113/150/113 114/137/114
f 126/145/126 125/143/125 140/152/140 141/153/141
f 119/146/119 118/144/118 133/154/133 134/155/134
f 127/147/127 126/145/126 141/153/141 142/156/142
f 120/148/120 119/146/119 134/155/134 135/157/135
f 113/150/113 82/158/82 128/159/128
f 308/160/308 127/147/127 142/156/142
f 121/135/121 120/148/120 135/157/135 136/161/136
f 114/137/114 113/150/113 128/159/128 129/162/129
f 122/136/122 121/135/121 136/161/136 137/163/137
f 115/138/115 114/137/114 129/162/129 130/164/130
f 123/139/123 122/136/122 137/163/137 138/165/138
f 116/140/116 115/138/115 130/164/130 131/166/131
f 124/141/124 123/139/123 138/165/138 139/167/139
f 117/142/117 116/140/116 131/166/131 132/168/132
f 125/143/125 124/141/124 139/167/139 140/152/140
f 118/144/118 117/142/117 132/168/132 133/154/133
f 130/164/130 129/162/129 144/169/144 145/170/145
f 138/165/138 137/163/137 152/171/152 153/172/153
f 131/166/131 130/164/130 145/170/145 146/173/146
f 139/167/139 138/165/138 153/172/153 154/174/154
f 132/168/132 131/166/131 146/173/146 147/175/147
f 140/152/140 139/167/139 154/174/154 155/176/155
f 133/154/133 132/168/132 147/175/147 148/177/148
f 141/153/141 140/152/140 155/176/155 156/178/156
f 134/155/134 133/154/133 148/177/148 149/179/149
f 142/156/142 141/153/141 156/178/156 157/180/157
f 135/157/135 134/155/134 149/179/149 150/181/150
f 128/159/128 82/182/82 143/183/143
f 308/184/308 142/156/142 157/180/157
f 136/161/136 135/157/135 150/181/150 151/185/151
f 129/162/129 128/159/128 143/183/143 144/169/144
f 137/163/137 136/161/136 151/185/151 152/171/152
f 149/179/149 148/177/148 163/186/163 164/187/164
f 157/180/157 156/178/156 171/188/171 172/189/172
f 150/181/150 149/179/149 164/187/164 165/190/165
f 143/183/143 82/191/82 158/192/158
f 308/193/308 157/180/157 172/189/172
f 151/185/151 150/181/150 165/190/165 166/194/166
f 144/169/144 143/183/143 158/192/158 159/195/159
f 152/171/152 151/185/151 166/194/166 167/196/167
f 145/170/145 144/169/144 159/195/159 160/197/160
f 153/172/153 152/171/152 167/196/167 168/198/168
f 146/173/146 145/170/145 160/197/160 161/199/161
f 154/174/154 153/172/153 168/198/168 169/200/169
f 147/175/147 146/173/146 161/199/161 162/201/162
f 155/176/155 154/174/154 169/200/169 170/202/170
f 148/177/148 147/175/147 162/201/162 163/186/163
f 156/178/156 155/176/155 170/202/170 171/188/171
f 168/198/168 167/196/167 182/203/182 183/204/183
f 161/199/161 160/197/160 175/205/175 176/206/176
f 169/200/169 168/198/168 183/204/183 184/207/184
f 162/201/162 161/199/161 176/206/176 177/208/177
f 170/202/170 169/200/169 184/207/184 185/209/185
f 163/186/163 162/201/162 177/208/177 178/210/178
f 171/188/171 170/202/170 185/209/185 186/211/186
f 164/187/164 163/186/163 178/210/178 179/212/179
f 172/189/172 171/188/171 186/211/186 187/213/187
f 165/190/165 164/187/164 179/212/179 180/214/180
f 158/192/158 82/215/82 173/216/173
f 308/217/308 172/189/172 187/213/187
f 166/194/166 165/190/165 180/214/180 181/218/181
f 159/195/159 158/192/158 173/216/173 174/219/174
f 167/196/167 166/194/166 181/218/181 182/203/182
f 160/197/160 159/195/159 174/219/174 175/205/175
f 187/213/187 186/211/186 201/220/201 202/221/202
f 180/214/180 179/212/179 194/222/194 195/223/195
f 173/216/173 82/224/82 188/225/188
f 308/226/308 187/213/187 202/221/202
f 181/218/181 180/214/180 195/223/195 196/227/196
f 174/219/174 173/216/173 188/225/188 189/228/189
f 182/203/182 181/218/181 196/227/196 197/229/197
f 175/205/175 174/219/174 189/228/189 190/230/190
f 183/204/183 182/203/182 197/229/197 198/231/198
f 176/206/176 175/205/175 190/230/190 191/232/191
f 184/207/184 183/204/183 198/231/198 199/233/199
f 177/208/177 176/206/176 191/232/191 192/234/192
f 185/209/185 184/207/184 199/233/199 200/235/200
f 178/210/178 177/208/177 192/234/192 193/236/193
f 186/211/186 185/209/185 200/235/200 201/220/201
f 179/212/179 178/210/178 193/236/193 194/222/194
f 199/233/199 198/231/198 213/237/213 214/238/214
f 192/234/192 191/232/191 206/239/206 207/240/207
f 200/235/200 199/233/199 214/238/214 215/241/215
f 193/236/193 192/234/192 207/240/207 208/242/208
f 201/220/201 200/235/200 215/241/215 216/243/216
f 194/222/194 193/236/193 208/242/208 209/244/209
f 202/221/202 201/220/201 216/243/216 217/245/217
f 195/223/195 194/222/194 209/244/209 210/246/210
f 188/225/188 82/247/82 203/248/203
f 308/249/308 202/221/202 217/245/217
f 196/227/196 195/223/195 210/246/210 211/250/211
f 189/228/189 188/225/188 203/248/203 204/251/204
f 197/229/197 196/227/196 211/250/211 212/252/212
f 190/230/190 189/228/189 204/251/204 205/253/205
f 198/231/198 197/229/197 212/252/212 213/237/213
f 191/232/191 190/230/190 205/253/205 206/239/206
f 203/248/203 82/254/82 218/255/218
f 308/256/308 217/245/217 232/257/232
f 211/250/211 210/246/210 225/258/225 226/259/226
f 204/251/204 203/248/203 218/255/218 219/260/219
f 212/252/212 211/250/211 226/259/226 227/261/227
f 205/253/205 204/251/204 219/260/219 220/262/220
f 213/237/213 212/252/212 227/261/227 228/263/228
f 206/239/206 205/253/205 220/262/220 221/264/221
f 214/238/214 213/237/213 228/263/228 229/265/229
f 207/240/207 206/239/206 221/264/221 222/266/222
f 215/241/215 214/238/214 229/265/229 230/267/230
f 208/242/208 207/240/207 222/266/222 223/268/223
f 216/243/216 215/241/215 230/267/230 231/269/231
f 209/244/209 208/242/208 223/268/223 224/270/224
f 217/245/217 216/243/216 231/269/231 232/257/232
f 210/246/210 209/244/209 224/270/224 225/258/225
f 222/266/222 221/264/221 236/271/236 237/272/237
f 230/267/230 229/265/229 244/273/244 245/274/245
f 223/268/223 222/266/222 237/272/237 238/275/238
f 231/269/231 230/267/230 245/274/245 246/276/246
f 224/270/224 223/268/223 238/275/238 239/277/239
f 232/257/232 231/269/231 246/276/246 247/278/247
f 225/258/225 224/270/224 239/277/239 240/279/240
f 218/255/218 82/280/82 233/281/233
f 308/282/308 232/257/232 247/278/247
f 226/259/226 225/258/225 240/279/240 241/283/241
f 219/260/219 218/255/218 233/281/233 234/284/234
f 227/261/227 226/259/226 241/283/241 242/285/242
f 220/262/220 219/260/219 234/284/234 235/286/235
f 228/263/228 227/261/227 242/285/242 243/287/243
f 221/264/221 220/262/220 235/286/235 236/271/236
f 229/265/229 228/263/228 243/287/243 244/273/244
f 241/283/241 240/279/240 255/288/255 256/289/256
f 234/284/234 233/281/233 248/290/248 249/291/249
f 242/285/242 241/283/241 256/289/256 257/292/257
f 235/286/235 234/284/234 249/291/249 250/293/250
f 243/287/243 242/285/242 257/292/257 258/294/258
f 236/271/236 235/286/235 250/293/250 251/295/251
f 244/273/244 243/287/243 258/294/258 259/296/259
f 237/272/237 236/271/236 251/295/251 252/297/252
f 245/274/245 244/273/244 259/296/259 260/298/260
f 238/275/238 237/272/237 252/297/252 253/299/253
f 246/276/246 245/274/245 260/298/260 261/300/261
f 239/277/239 238/275/238 253/299/253 254/301/254
f 247/278/247 246/276/246 261/300/261 262/302/262
f 240/279/240 239/277/239 254/301/254 255/288/255
f 233/281/233 82/303/82 248/290/248
f 308/304/308 247/278/247 262/302/262
f 260/298/260 259/296/259 274/305/274 275/306/275
f 253/299/253 252/297/252 267/307/267 268/308/268
f 261/300/261 260/298/260 275/306/275 276/309/276
f 254/301/254 253/299/253 268/308/268 269/310/269
f 262/302/262 261/300/261 276/309/276 277/311/277
f 255/288/255 254/301/254 269/310/269 270/312/270
f 248/290/248 82/313/82 263/314/263
f 308/315/308 262/302/262 277/311/277
f 256/289/256 255/288/255 270/312/270 271/316/271
f 249/291/249 248/290/248 263/314/263 264/317/264
f 257/292/257 256/289/256 271/316/271 272/318/272
f 250/293/250 249/291/249 264/317/264 265/319/265
f 258/294/258 257/292/257 272/318/272 273/320/273
f 251/295/251 250/293/250 265/319/265 266/321/266
f 259/296/259 258/294/258 273/320/273 274/305/274
f 252/297/252 251/295/251 266/321/266 267/307/267
f 264/317/264 263/314/263 278/322/278 279/323/279
f 272/318/272 271/316/271 286/324/286 287/325/287
f 265/319/265 264/317/264 279/323/279 280/326/280
f 273/320/273 272/318/272 287/325/287 288/327/288
f 266/321/266 265/319/265 280/326/280 281/328/281
f 274/305/274 273/320/273 288/327/288 289/329/289
f 267/307/267 266/321/266 281/328/281 282/330/282
f 275/306/275 274/305/274 289/329/289 290/331/290
f 268/308/268 267/307/267 282/330/282 283/332/283
f 276/309/276 275/306/275 290/331/290 291/333/291
f 269/310/269 268/308/268 283/332/283 284/334/284
f 277/311/277 276/309/276 291/333/291 292/335/292
f 270/312/270 269/310/269 284/334/284 285/336/285
f 263/314/263 82/337/82 278/322/278
f 308/338/308 277/311/277 292/335/292
f 271/316/271 270/312/270 285/336/285 286/324/286
f 283/332/283 282/330/282 297/339/297 298/340/298
f 291/333/291 290/331/290 305/341/305 306/342/306
f 284/334/284 283/332/283 298/340/298 299/343/299
f 292/335/292 291/333/291 306/342/306 307/344/307
f 285/336/285 284/334/284 299/343/299 300/345/300
f 278/322/278 82/346/82 293/347/293
f 308/348/308 292/335/292 307/344/307
f 286/324/286 285/336/285 300/345/300 301/349/301
f 279/323/279 278/322/278 293/347/293 294/350/294
f 287/325/287 286/324/286 301/349/301 302/351/302
f 280/326/280 279/323/279 294/350/294 295/352/295
f 288/327/288 287/325/287 302/351/302 303/353/303
f 281/328/281 280/326/280 295/352/295 296/354/296
f 289/329/289 288/327/288 303/353/303 304/355/304
f 282/330/282 281/328/281 296/354/296 297/339/297
f 290/331/290 289/329/289 304/355/304 305/341/305
f 302/351/302 301/349/301 317/356/317 318/357/318
f 295/352/295 294/350/294 310/358/310 311/359/311
f 303/353/303 302/351/302 318/357/318 319/360/319
f 296/354/296 295/352/295 311/359/311 312/361/312
f 304/355/304 303/353/303 319/360/319 320/362/320
f 297/339/297 296/354/296 312/361/312 313/363/313
f 305/341/305 304/355/304 320/362/320 321/364/321
f 298/340/298 297/339/297 313/363/313 314/365/314
f 306/342/306 305/341/305 321/364/321 322/366/322
f 299/343/299 298/340/298 314/365/314 315/367/315
f 307/344/307 306/342/306 322/366/322 323/368/323
f 300/345/300 299/343/299 315/367/315 316/369/316
f 293/347/293 82/370/82 309/371/309
f 308/372/308 307/344/307 323/368/323
f 301/349/301 300/345/300 316/369/316 317/356/317
f 294/350/294 293/347/293 309/371/309 310/358/310
f 322/366/322 321/364/321 336/373/336 337/374/337
f 315/367/315 314/365/314 329/375/329 330/376/330
f 323/368/323 322/366/322 337/374/337 338/377/338
f 316/369/316 315/367/315 330/376/330 331/378/331
f 309/371/309 82/379/82 324/380/324
f 308/381/308 323/368/323 338/377/338
f 317/356/317 316/369/316 331/378/331 332/382/332
f 310/358/310 309/371/309 324/380/324 325/383/325
f 318/357/318 317/356/317 332/382/332 333/384/333
f 311/359/311 310/358/310 325/383/325 326/385/326
f 319/360/319 318/357/318 333/384/333 334/386/334
f 312/361/312 311/359/311 326/385/326 327/387/327
f 320/362/320 319/360/319 334/386/334 335/388/335
f 313/363/313 312/361/312 327/387/327 328/389/328
f 321/364/321 320/362/320 335/388/335 336/373/336
f 314/365/314 313/363/313 328/389/328 329/375/329
f 334/386/334 333/384/333 348/390/348 349/391/349
f 327/387/327 326/385/326 341/392/341 342/393/342
f 335/388/335 334/386/334 349/391/349 350/394/350
f 328/389/328 327/387/327 342/393/342 343/395/343
f 336/373/336 335/388/335 350/394/350 351/396/351
f 329/375/329 328/389/328 343/395/343 344/397/344
f 337/374/337 336/373/336 351/396/351 352/398/352
f 330/376/330 329/375/329 344/397/344 345/399/345
f 338/377/338 337/374/337 352/398/352 353/400/353
f 331/378/331 330/376/330 345/399/345 346/401/346
f 324/380/324 82/402/82 339/403/339
f 308/404/308 338/377/338 353/400/353
f 332/382/332 331/378/331 346/401/346 347/405/347
f 325/383/325 324/380/324 339/403/339 340/406/340
f 333/384/333 332/382/332 347/405/347 348/390/348
f 326/385/326 325/383/325 340/406/340 341/392/341
f 353/400/353 352/398/352 367/407/367 368/408/368
f 346/401/346 345/399/345 360/409/360 361/410/361
f 339/403/339 82/411/82 354/412/354
f 308/413/308 353/400/353 368/408/368
f 347/405/347 346/401/346 361/410/361 362/414/362
f 340/406/340 339/403/339 354/412/354 355/415/355
f 348/390/348 347/405/347 362/414/362 363/416/363
f 341/392/341 340/406/340 355/415/355 356/417/356
f 349/391/349 348/390/348 363/416/363 364/418/364
f 342/393/342 341/392/341 356/417/356 357/419/357
f 350/394/350 349/391/349 364/418/364 365/420/365
f 343/395/343 342/393/342 357/419/357 358/421/358
f 351/396/351 350/394/350 365/420/365 366/422/366
f 344/397/344 343/395/343 358/421/358 359/423/359
f 352/398/352 351/396/351 366/422/366 367/407/367
f 345/399/345 344/397/344 359/423/359 360/409/360
f 357/424/357 356/425/356 371/426/371 372/427/372
f 365/428/365 364/429/364 379/430/379 380/431/380
f 358/432/358 357/424/357 372/427/372 373/433/373
f 366/434/366 365/428/365 380/431/380 381/435/381
f 359/436/359 358/432/358 373/433/373 374/437/374
f 367/438/367 366/434/366 381/435/381 382/439/382
f 360/440/360 359/436/359 374/437/374 375/441/375
f 368/442/368 367/438/367 382/439/382 383/443/383
f 361/444/361 360/440/360 375/441/375 376/445/376
f 354/446/354 82/447/82 369/448/369
f 308/449/308 368/442/368 383/443/383
f 362/450/362 361/444/361 376/445/376 377/451/377
f 355/452/355 354/446/354 369/448/369 370/453/370
f 363/454/363 362/450/362 377/451/377 378/455/378
f 356/425/356 355/452/355 370/453/370 371/426/371
f 364/429/364 363/454/363 378/455/378 379/430/379
f 376/445/376 375/441/375 390/456/390 391/457/391
f 369/448/369 82/458/82 384/459/384
f 308/460/308 383/443/383 398/461/398
f 377/451/377 376/445/376 391/457/391 392/462/392
f 370/453/370 369/448/369 384/459/384 385/463/385
f 378/455/378 377/451/377 392/462/392 393/464/393
f 371/426/371 370/453/370 385/463/385 386/465/386
f 379/430/379 378/455/378 393/464/393 394/466/394
f 372/427/372 371/426/371 386/465/386 387/467/387
f 380/431/380 379/430/379 394/466/394 395/468/395
f 373/433/373 372/427/372 387/467/387 388/469/388
f 381/435/381 380/431/380 395/468/395 396/470/396
f 374/437/374 373/433/373 388/469/388 389/471/389
f 382/439/382 381/435/381 396/470/396 397/472/397
f 375/441/375 374/437/374 389/471/389 390/456/390
f 383/443/383 382/439/382 397/472/397 398/461/398
f 395/468/395 394/466/394 409/473/409 410/474/410
f 388/469/388 387/467/387 402/475/402 403/476/403
f 396/470/396 395/468/395 410/474/410 411/477/411
f 389/471/389 388/469/388 403/476/403 404/478/404
f 397/472/397 396/470/396 411/477/411 412/479/412
f 390/456/390 389/471/389 404/478/404 405/480/405
f 398/461/398 397/472/397 412/479/412 413/481/413
f 391/457/391 390/456/390 405/480/405 406/482/406
f 384/459/384 82/483/82 399/484/399
f 308/485/308 398/461/398 413/481/413
f 392/462/392 391/457/391 406/482/406 407/486/407
f 385/463/385 384/459/384 399/484/399 400/487/400
f 393/464/393 392/462/392 407/486/407 408/488/408
f 386/465/386 385/463/385 400/487/400 401/489/401
f 394/466/394 393/464/393 408/488/408 409/473/409
f 387/467/387 386/465/386 401/489/401 402/475/402
f 399/484/399 82/490/82 414/491/414
f 308/492/308 413/481/413 428/493/428
f 407/486/407 406/482/406 421/494/421 422/495/422
f 400/487/400 399/484/399 414/491/414 415/496/415
f 408/488/408 407/486/407 422/495/422 423/497/423
f 401/489/401 400/487/400 415/496/415 416/498/416
f 409/473/409 408/488/408 423/497/423 424/499/424
f 402/475/402 401/489/401 416/498/416 417/500/417
f 410/474/410 409/473/409 424/499/424 425/501/425
f 403/476/403 402/475/402 417/500/417 418/502/418
f 411/477/411 410/474/410 425/501/425 426/503/426
f 404/478/404 403/476/403 418/502/418 419/504/419
f 412/479/412 411/477/411 426/503/426 427/505/427
f 405/480/405 404/478/404 419/504/419 420/506/420
f 413/481/413 412/479/412 427/505/427 428/493/428
f 406/482/406 405/480/405 420/506/420 421/494/421
f 418/502/418 417/500/417 432/507/432 433/508/433
f 426/503/426 425/501/425 440/509/440 441/510/441
f 419/504/419 418/502/418 433/508/433 434/511/434
f 427/505/427 426/503/426 441/510/441 442/512/442
f 420/506/420 419/504/419 434/511/434 435/513/435
f 428/493/428 427/505/427 442/512/442 443/514/443
f 421/494/421 420/506/420 435/513/435 436/515/436
f 414/491/414 82/516/82 429/517/429
f 308/518/308 428/493/428 443/514/443
f 422/495/422 421/494/421 436/515/436 437/519/437
f 415/496/415 414/491/414 429/517/429 430/520/430
f 423/497/423 422/495/422 437/519/437 438/521/438
f 416/498/416 415/496/415 430/520/430 431/522/431
f 424/499/424 423/497/423 438/521/438 439/523/439
f 417/500/417 416/498/416 431/522/431 432/507/432
f 425/501/425 424/499/424 439/523/439 440/509/440
f 437/519/437 436/515/436 451/524/451 452/525/452
f 430/520/430 429/517/429 444/526/444 445/527/445
f 438/521/438 437/519/437 452/525/452 453/528/453
f 431/522/431 430/520/430 445/527/445 446/529/446
f 439/523/439 438/521/438 453/528/453 454/530/454
f 432/507/432 431/522/431 446/529/446 447/531/447
f 440/509/440 439/523/439 454/530/454 455/532/455
f 433/508/433 432/507/432 447/531/447 448/533/448
f 441/510/441 440/509/440 455/532/455 456/534/456
f 434/511/434 433/508/433 448/533/448 449/535/449
f 442/512/442 441/510/441 456/534/456 457/536/457
f 435/513/435 434/511/434 449/535/449 450/537/450
f 443/514/443 442/512/442 457/536/457 458/538/458
f 436/515/436 435/513/435 450/537/450 451/524/451
f 429/517/429 82/539/82 444/526/444
f 308/540/308 443/514/443 458/538/458
f 456/534/456 455/532/455 470/541/470 471/542/471
f 449/535/449 448/533/448 463/543/463 464/544/464
f 457/536/457 456/534/456 471/542/471 472/545/472
f 450/537/450 449/535/449 464/544/464 465/546/465
f 458/538/458 457/536/457 472/545/472 473/547/473
f 451/524/451 450/537/450 465/546/465 466/548/466
f 444/526/444 82/549/82 459/550/459
f 308/551/308 458/538/458 473/547/473
f 452/525/452 451/524/451 466/548/466 467/552/467
f 445/527/445 444/526/444 459/550/459 460/553/460
f 453/528/453 452/525/452 467/552/467 468/554/468
f 446/529/446 445/527/445 460/553/460 461/555/461
f 454/530/454 453/528/453 468/554/468 469/556/469
f 447/531/447 446/529/446 461/555/461 462/557/462
f 455/532/455 454/530/454 469/556/469 470/541/470
f 448/533/448 447/531/447 462/557/462 463/543/463
f 468/554/468 467/552/467 5/6/5 478/5/478
f 461/555/461 460/553/460 475/1/475 1/9/1
f 469/556/469 468/554/468 478/5/478 6/11/6
f 462/557/462 461/555/461 1/9/1 476/13/476
f 470/541/470 469/556/469 6/11/6 479/15/479
f 463/543/463 462/557/462 476/13/476 2/17/2
f 471/542/471 470/541/470 479/15/479 480/19/480
f 464/544/464 463/543/463 2/17/2 477/21/477
f 472/545/472 471/542/471 480/19/480 481/23/481
f 465/546/465 464/544/464 477/21/477 3/25/3
f 473/547/473 472/545/472 481/23/481 482/27/482
f 466/548/466 465/546/465 3/25/3 4/29/4
f 459/550/459 82/558/82 474/2/474
f 308/559/308 473/547/473 482/27/482
f 467/552/467 466/548/466 4/29/4 5/6/5
f 460/553/460 459/550/459 474/2/474 475/1/475
f 957/1/955 956/2/954 489/3/489 490/4/490
f 960/5/958 487/6/487 497/7/497 498/8/498
f 483/9/483 957/1/955 490/4/490 491/10/491
f 488/11/488 960/5/958 498/8/498 499/12/499
f 958/13/956 483/9/483 491/10/491 492/14/492
f 961/15/959 488/11/488 499/12/499 500/16/500
f 484/17/484 958/13/956 492/14/492 493/18/493
f 962/19/960 961/15/959 500/16/500 501/20/501
f 959/21/957 484/17/484 493/18/493 494/22/494
f 963/23/961 962/19/960 501/20/501 502/24/502
f 485/25/485 959/21/957 494/22/494 495/26/495
f 964/27/962 963/23/961 502/24/502 503/28/503
f 486/29/486 485/25/485 495/26/495 496/30/496
f 956/2/954 564/31/308 489/3/489
f 790/32/82 964/27/962 503/28/503
f 487/6/487 486/29/486 496/30/496 497/7/497
f 496/30/496 495/26/495 510/33/510 511/34/511
f 489/3/489 564/35/308 504/36/504
f 790/37/82 503/28/503 518/38/518
f 497/7/497 496/30/496 511/34/511 512/39/512
f 490/4/490 489/3/489 504/36/504 505/40/505
f 498/8/498 497/7/497 512/39/512 513/41/513
f 491/10/491 490/4/490 505/40/505 506/42/506
f 499/12/499 498/8/498 513/41/513 514/43/514
f 492/14/492 491/10/491 506/42/506 507/44/507
f 500/16/500 499/12/499 514/43/514 515/45/515
f 493/18/493 492/14/492 507/44/507 508/46/508
f 501/20/501 500/16/500 515/45/515 516/47/516
f 494/22/494 493/18/493 508/46/508 509/48/509
f 502/24/502 501/20/501 516/47/516 517/49/517
f 495/26/495 494/22/494 509/48/509 510/33/510
f 503/28/503 502/24/502 517/49/517 518/38/518
f 515/45/515 514/43/514 529/50/529 530/51/530
f 508/46/508 507/44/507 522/52/522 523/53/523
f 516/47/516 515/45/515 530/51/530 531/54/531
f 509/48/509 508/46/508 523/53/523 524/55/524
f 517/49/517 516/47/516 531/54/531 532/56/532
f 510/33/510 509/48/509 524/55/524 525/57/525
f 518/38/518 517/49/517 532/56/532 533/58/533
f 511/34/511 510/33/510 525/57/525 526/59/526
f 504/36/504 564/60/308 519/61/519
f 790/62/82 518/38/518 533/58/533
f 512/39/512 511/34/511 526/59/526 527/63/527
f 505/40/505 504/36/504 519/61/519 520/64/520
f 513/41/513 512/39/512 527/63/527 528/65/528
f 506/42/506 505/40/505 520/64/520 521/66/521
f 514/43/514 513/41/513 528/65/528 529/50/529
f 507/44/507 506/42/506 521/66/521 522/52/522
f 790/67/82 533/58/533 548/68/548
f 527/63/527 526/59/526 541/69/541 542/70/542
f 520/64/520 519/61/519 534/71/534 535/72/535
f 528/65/528 527/63/527 542/70/542 543/73/543
f 521/66/521 520/64/520 535/72/535 536/74/536
f 529/50/529 528/65/528 543/73/543 544/75/544
f 522/52/522 521/66/521 536/74/536 537/76/537
f 530/51/530 529/50/529 544/75/544 545/77/545
f 523/53/523 522/52/522 537/76/537 538/78/538
f 531/54/531 530/51/530 545/77/545 546/79/546
f 524/55/524 523/53/523 538/78/538 539/80/539
f 532/56/532 531/54/531 546/79/546 547/81/547
f 525/57/525 524/55/524 539/80/539 540/82/540
f 533/58/533 532/56/532 547/81/547 548/68/548
f 526/59/526 525/57/525 540/82/540 541/69/541
f 519/61/519 564/83/308 534/71/534
f 546/79/546 545/77/545 560/84/560 561/85/561
f 539/80/539 538/78/538 553/86/553 554/87/554
f 547/81/547 546/79/546 561/85/561 562/88/562
f 540/82/540 539/80/539 554/87/554 555/89/555
f 548/68/548 547/81/547 562/88/562 563/90/563
f 541/69/541 540/82/540 555/89/555 556/91/556
f 534/71/534 564/92/308 549/93/549
f 790/94/82 548/68/548 563/90/563
f 542/70/542 541/69/541 556/91/556 557/95/557
f 535/72/535 534/71/534 549/93/549 550/96/550
f 543/73/543 542/70/542 557/95/557 558/97/558
f 536/74/536 535/72/535 550/96/550 551/98/551
f 544/75/544 543/73/543 558/97/558 559/99/559
f 537/76/537 536/74/536 551/98/551 552/100/552
f 545/77/545 544/75/544 559/99/559 560/84/560
f 538/78/538 537/76/537 552/100/552 553/86/553
f 550/96/550 549/93/549 565/101/564 566/102/565
f 558/97/558 557/95/557 573/103/572 574/104/573
f 551/98/551 550/96/550 566/102/565 567/105/566
f 559/99/559 558/97/558 574/104/573 575/106/574
f 552/100/552 551/98/551 567/105/566 568/107/567
f 560/84/560 559/99/559 575/106/574 576/108/575
f 553/86/553 552/100/552 568/107/567 569/109/568
f 561/85/561 560/84/560 576/108/575 577/110/576
f 554/87/554 553/86/553 569/109/568 570/111/569
f 562/88/562 561/85/561 577/110/576 578/112/577
f 555/89/555 554/87/554 570/111/569 571/113/570
f 563/90/563 562/88/562 578/112/577 579/114/578
f 556/91/556 555/89/555 571/113/570 572/115/571
f 549/93/549 564/116/308 565/101/564
f 790/117/82 563/90/563 579/114/578
f 557/95/557 556/91/556 572/115/571 573/103/572
f 570/111/569 569/109/568 584/118/583 585/119/584
f 578/112/577 577/110/576 592/120/591 593/121/592
f 571/113/570 570/111/569 585/119/584 586/122/585
f 579/114/578 578/112/577 593/121/592 594/123/593
f 572/115/571 571/113/570 586/122/585 587/124/586
f 565/101/564 564/125/308 580/126/579
f 790/127/82 579/114/578 594/123/593
f 573/103/572 572/115/571 587/124/586 588/128/587
f 566/102/565 565/101/564 580/126/579 581/129/580
f 574/104/573 573/103/572 588/128/587 589/130/588
f 567/105/566 566/102/565 581/129/580 582/131/581
f 575/106/574 574/104/573 589/130/588 590/132/589
f 568/107/567 567/105/566 582/131/581 583/133/582
f 576/108/575 575/106/574 590/132/589 591/134/590
f 569/109/568 568/107/567 583/133/582 584/118/583
f 577/110/576 576/108/575 591/134/590 592/120/591
f 589/130/588 588/128/587 603/135/602 604/136/603
f 582/131/581 581/129/580 596/137/595 597/138/596
f 590/132/589 589/130/588 604/136/603 605/139/604
f 583/133/582 582/131/581 597/138/596 598/140/597
f 591/134/590 590/132/589 605/139/604 606/141/605
f 584/118/583 583/133/582 598/140/597 599/142/598
f 592/120/591 591/134/590 606/141/605 607/143/606
f 585/119/584 584/118/583 599/142/598 600/144/599
f 593/121/592 592/120/591 607/143/606 608/145/607
f 586/122/585 585/119/584 600/144/599 601/146/600
f 594/123/593 593/121/592 608/145/607 609/147/608
f 587/124/586 586/122/585 601/146/600 602/148/601
f 580/126/579 564/149/308 595/150/594
f 790/151/82 594/123/593 609/147/608
f 588/128/587 587/124/586 602/148/601 603/135/602
f 581/129/580 580/126/579 595/150/594 596/137/595
f 608/145/607 607/143/606 622/152/621 623/153/622
f 601/146/600 600/144/599 615/154/614 616/155/615
f 609/147/608 608/145/607 623/153/622 624/156/623
f 602/148/601 601/146/600 616/155/615 617/157/616
f 595/150/594 564/158/308 610/159/609
f 790/160/82 609/147/608 624/156/623
f 603/135/602 602/148/601 617/157/616 618/161/617
f 596/137/595 595/150/594 610/159/609 611/162/610
f 604/136/603 603/135/602 618/161/617 619/163/618
f 597/138/596 596/137/595 611/162/610 612/164/611
f 605/139/604 604/136/603 619/163/618 620/165/619
f 598/140/597 597/138/596 612/164/611 613/166/612
f 606/141/605 605/139/604 620/165/619 621/167/620
f 599/142/598 598/140/597 613/166/612 614/168/613
f 607/143/606 606/141/605 621/167/620 622/152/621
f 600/144/599 599/142/598 614/168/613 615/154/614
f 612/164/611 611/162/610 626/169/625 627/170/626
f 620/165/619 619/163/618 634/171/633 635/172/634
f 613/166/612 612/164/611 627/170/626 628/173/627
f 621/167/620 620/165/619 635/172/634 636/174/635
f 614/168/613 613/166/612 628/173/627 629/175/628
f 622/152/621 621/167/620 636/174/635 637/176/636
f 615/154/614 614/168/613 629/175/628 630/177/629
f 623/153/622 622/152/621 637/176/636 638/178/637
f 616/155/615 615/154/614 630/177/629 631/179/630
f 624/156/623 623/153/622 638/178/637 639/180/638
f 617/157/616 616/155/615 631/179/630 632/181/631
f 610/159/609 564/182/308 625/183/624
f 790/184/82 624/156/623 639/180/638
f 618/161/617 617/157/616 632/181/631 633/185/632
f 611/162/610 610/159/609 625/183/624 626/169/625
f 619/163/618 618/161/617 633/185/632 634/171/633
f 631/179/630 630/177/629 645/186/644 646/187/645
f 639/180/638 638/178/637 653/188/652 654/189/653
f 632/181/631 631/179/630 646/187/645 647/190/646
f 625/183/624 564/191/308 640/192/639
f 790/193/82 639/180/638 654/189/653
f 633/185/632 632/181/631 647/190/646 648/194/647
f 626/169/625 625/183/624 640/192/639 641/195/640
f 634/171/633 633/185/632 648/194/647 649/196/648
f 627/170/626 626/169/625 641/195/640 642/197/641
f 635/172/634 634/171/633 649/196/648 650/198/649
f 628/173/627 627/170/626 642/197/641 643/199/642
f 636/174/635 635/172/634 650/198/649 651/200/650
f 629/175/628 628/173/627 643/199/642 644/201/643
f 637/176/636 636/174/635 651/200/650 652/202/651
f 630/177/629 629/175/628 644/201/643 645/186/644
f 638/178/637 637/176/636 652/202/651 653/188/652
f 650/198/649 649/196/648 664/203/663 665/204/664
f 643/199/642 642/197/641 657/205/656 658/206/657
f 651/200/650 650/198/649 665/204/664 666/207/665
f 644/201/643 643/199/642 658/206/657 659/208/658
f 652/202/651 651/200/650 666/207/665 667/209/666
f 645/186/644 644/201/643 659/208/658 660/210/659
f 653/188/652 652/202/651 667/209/666 668/211/667
f 646/187/645 645/186/644 660/210/659 661/212/660
f 654/189/653 653/188/652 668/211/667 669/213/668
f 647/190/646 646/187/645 661/212/660 662/214/661
f 640/192/639 564/215/308 655/216/654
f 790/217/82 654/189/653 669/213/668
f 648/194/647 647/190/646 662/214/661 663/218/662
f 641/195/640 640/192/639 655/216/654 656/219/655
f 649/196/648 648/194/647 663/218/662 664/203/663
f 642/197/641 641/195/640 656/219/655 657/205/656
f 669/213/668 668/211/667 683/220/682 684/221/683
f 662/214/661 661/212/660 676/222/675 677/223/676
f 655/216/654 564/224/308 670/225/669
f 790/226/82 669/213/668 684/221/683
f 663/218/662 662/214/661 677/223/676 678/227/677
f 656/219/655 655/216/654 670/225/669 671/228/670
f 664/203/663 663/218/662 678/227/677 679/229/678
f 657/205/656 656/219/655 671/228/670 672/230/671
f 665/204/664 664/203/663 679/229/678 680/231/679
f 658/206/657 657/205/656 672/230/671 673/232/672
f 666/207/665 665/204/664 680/231/679 681/233/680
f 659/208/658 658/206/657 673/232/672 674/234/673
f 667/209/666 666/207/665 681/233/680 682/235/681
f 660/210/659 659/208/658 674/234/673 675/236/674
f 668/211/667 667/209/666 682/235/681 683/220/682
f 661/212/660 660/210/659 675/236/674 676/222/675
f 681/233/680 680/231/679 695/237/694 696/238/695
f 674/234/673 673/232/672 688/239/687 689/240/688
f 682/235/681 681/233/680 696/238/695 697/241/696
f 675/236/674 674/234/673 689/240/688 690/242/689
f 683/220/682 682/235/681 697/241/696 698/243/697
f 676/222/675 675/236/674 690/242/689 691/244/690
f 684/221/683 683/220/682 698/243/697 699/245/698
f 677/223/676 676/222/675 691/244/690 692/246/691
f 670/225/669 564/247/308 685/248/684
f 790/249/82 684/221/683 699/245/698
f 678/227/677 677/223/676 692/246/691 693/250/692
f 671/228/670 670/225/669 685/248/684 686/251/685
f 679/229/678 678/227/677 693/250/692 694/252/693
f 672/230/671 671/228/670 686/251/685 687/253/686
f 680/231/679 679/229/678 694/252/693 695/237/694
f 673/232/672 672/230/671 687/253/686 688/239/687
f 685/248/684 564/254/308 700/255/699
f 790/256/82 699/245/698 714/257/713
f 693/250/692 692/246/691 707/258/706 708/259/707
f 686/251/685 685/248/684 700/255/699 701/260/700
f 694/252/693 693/250/692 708/259/707 709/261/708
f 687/253/686 686/251/685 701/260/700 702/262/701
f 695/237/694 694/252/693 709/261/708 710/263/709
f 688/239/687 687/253/686 702/262/701 703/264/702
f 696/238/695 695/237/694 710/263/709 711/265/710
f 689/240/688 688/239/687 703/264/702 704/266/703
f 697/241/696 696/238/695 711/265/710 712/267/711
f 690/242/689 689/240/688 704/266/703 705/268/704
f 698/243/697 697/241/696 712/267/711 713/269/712
f 691/244/690 690/242/689 705/268/704 706/270/705
f 699/245/698 698/243/697 713/269/712 714/257/713
f 692/246/691 691/244/690 706/270/705 707/258/706
f 704/266/703 703/264/702 718/271/717 719/272/718
f 712/267/711 711/265/710 726/273/725 727/274/726
f 705/268/704 704/266/703 719/272/718 720/275/719
f 713/269/712 712/267/711 727/274/726 728/276/727
f 706/270/705 705/268/704 720/275/719 721/277/720
f 714/257/713 713/269/712 728/276/727 729/278/728
f 707/258/706 706/270/705 721/277/720 722/279/721
f 700/255/699 564/280/308 715/281/714
f 790/282/82 714/257/713 729/278/728
f 708/259/707 707/258/706 722/279/721 723/283/722
f 701/260/700 700/255/699 715/281/714 716/284/715
f 709/261/708 708/259/707 723/283/722 724/285/723
f 702/262/701 701/260/700 716/284/715 717/286/716
f 710/263/709 709/261/708 724/285/723 725/287/724
f 703/264/702 702/262/701 717/286/716 718/271/717
f 711/265/710 710/263/709 725/287/724 726/273/725
f 723/283/722 722/279/721 737/288/736 738/289/737
f 716/284/715 715/281/714 730/290/729 731/291/730
f 724/285/723 723/283/722 738/289/737 739/292/738
f 717/286/716 716/284/715 731/291/730 732/293/731
f 725/287/724 724/285/723 739/292/738 740/294/739
f 718/271/717 717/286/716 732/293/731 733/295/732
f 726/273/725 725/287/724 740/294/739 741/296/740
f 719/272/718 718/271/717 733/295/732 734/297/733
f 727/274/726 726/273/725 741/296/740 742/298/741
f 720/275/719 719/272/718 734/297/733 735/299/734
f 728/276/727 727/274/726 742/298/741 743/300/742
f 721/277/720 720/275/719 735/299/734 736/301/735
f 729/278/728 728/276/727 743/300/742 744/302/743
f 722/279/721 721/277/720 736/301/735 737/288/736
f 715/281/714 564/303/308 730/290/729
f 790/304/82 729/278/728 744/302/743
f 742/298/741 741/296/740 756/305/755 757/306/756
f 735/299/734 734/297/733 749/307/748 750/308/749
f 743/300/742 742/298/741 757/306/756 758/309/757
f 736/301/735 735/299/734 750/308/749 751/310/750
f 744/302/743 743/300/742 758/309/757 759/311/758
f 737/288/736 736/301/735 751/310/750 752/312/751
f 730/290/729 564/313/308 745/314/744
f 790/315/82 744/302/743 759/311/758
f 738/289/737 737/288/736 752/312/751 753/316/752
f 731/291/730 730/290/729 745/314/744 746/317/745
f 739/292/738 738/289/737 753/316/752 754/318/753
f 732/293/731 731/291/730 746/317/745 747/319/746
f 740/294/739 739/292/738 754/318/753 755/320/754
f 733/295/732 732/293/731 747/319/746 748/321/747
f 741/296/740 740/294/739 755/320/754 756/305/755
f 734/297/733 733/295/732 748/321/747 749/307/748
f 746/317/745 745/314/744 760/322/759 761/323/760
f 754/318/753 753/316/752 768/324/767 769/325/768
f 747/319/746 746/317/745 761/323/760 762/326/761
f 755/320/754 754/318/753 769/325/768 770/327/769
f 748/321/747 747/319/746 762/326/761 763/328/762
f 756/305/755 755/320/754 770/327/769 771/329/770
f 749/307/748 748/321/747 763/328/762 764/330/763
f 757/306/756 756/305/755 771/329/770 772/331/771
f 750/308/749 749/307/748 764/330/763 765/332/764
f 758/309/757 757/306/756 772/331/771 773/333/772
f 751/310/750 750/308/749 765/332/764 766/334/765
f 759/311/758 758/309/757 773/333/772 774/335/773
f 752/312/751 751/310/750 766/334/765 767/336/766
f 745/314/744 564/337/308 760/322/759
f 790/338/82 759/311/758 774/335/773
f 753/316/752 752/312/751 767/336/766 768/324/767
f 765/332/764 764/330/763 779/339/778 780/340/779
f 773/333/772 772/331/771 787/341/786 788/342/787
f 766/334/765 765/332/764 780/340/779 781/343/780
f 774/335/773 773/333/772 788/342/787 789/344/788
f 767/336/766 766/334/765 781/343/780 782/345/781
f 760/322/759 564/346/308 775/347/774
f 790/348/82 774/335/773 789/344/788
f 768/324/767 767/336/766 782/345/781 783/349/782
f 761/323/760 760/322/759 775/347/774 776/350/775
f 769/325/768 768/324/767 783/349/782 784/351/783
f 762/326/761 761/323/760 776/350/775 777/352/776
f 770/327/769 769/325/768 784/351/783 785/353/784
f 763/328/762 762/326/761 777/352/776 778/354/777
f 771/329/770 770/327/769 785/353/784 786/355/785
f 764/330/763 763/328/762 778/354/777 779/339/778
f 772/331/771 771/329/770 786/355/785 787/341/786
f 784/351/783 783/349/782 799/356/797 800/357/798
f 777/352/776 776/350/775 792/358/790 793/359/791
f 785/353/784 784/351/783 800/357/798 801/360/799
f 778/354/777 777/352/776 793/359/791 794/361/792
f 786/355/785 785/353/784 801/360/799 802/362/800
f 779/339/778 778/354/777 794/361/792 795/363/793
f 787/341/786 786/355/785 802/362/800 803/364/801
f 780/340/779 779/339/778 795/363/793 796/365/794
f 788/342/787 787/341/786 803/364/801 804/366/802
f 781/343/780 780/340/779 796/365/794 797/367/795
f 789/344/788 788/342/787 804/366/802 805/368/803
f 782/345/781 781/343/780 797/367/795 798/369/796
f 775/347/774 564/370/308 791/371/789
f 790/372/82 789/344/788 805/368/803
f 783/349/782 782/345/781 798/369/796 799/356/797
f 776/350/775 775/347/774 791/371/789 792/358/790
f 804/366/802 803/364/801 818/373/816 819/374/817
f 797/367/795 796/365/794 811/375/809 812/376/810
f 805/368/803 804/366/802 819/374/817 820/377/818
f 798/369/796 797/367/795 812/376/810 813/378/811
f 791/371/789 564/379/308 806/380/804
f 790/381/82 805/368/803 820/377/818
f 799/356/797 798/369/796 813/378/811 814/382/812
f 792/358/790 791/371/789 806/380/804 807/383/805
f 800/357/798 799/356/797 814/382/812 815/384/813
f 793/359/791 792/358/790 807/383/805 808/385/806
f 801/360/799 800/357/798 815/384/813 816/386/814
f 794/361/792 793/359/791 808/385/806 809/387/807
f 802/362/800 801/360/799 816/386/814 817/388/815
f 795/363/793 794/361/792 809/387/807 810/389/808
f 803/364/801 802/362/800 817/388/815 818/373/816
f 796/365/794 795/363/793 810/389/808 811/375/809
f 816/386/814 815/384/813 830/390/828 831/391/829
f 809/387/807 808/385/806 823/392/821 824/393/822
f 817/388/815 816/386/814 831/391/829 832/394/830
f 810/389/808 809/387/807 824/393/822 825/395/823
f 818/373/816 817/388/815 832/394/830 833/396/831
f 811/375/809 810/389/808 825/395/823 826/397/824
f 819/374/817 818/373/816 833/396/831 834/398/832
f 812/376/810 811/375/809 826/397/824 827/399/825
f 820/377/818 819/374/817 834/398/832 835/400/833
f 813/378/811 812/376/810 827/399/825 828/401/826
f 806/380/804 564/402/308 821/403/819
f 790/404/82 820/377/818 835/400/833
f 814/382/812 813/378/811 828/401/826 829/405/827
f 807/383/805 806/380/804 821/403/819 822/406/820
f 815/384/813 814/382/812 829/405/827 830/390/828
f 808/385/806 807/383/805 822/406/820 823/392/821
f 835/400/833 834/398/832 849/407/847 850/408/848
f 828/401/826 827/399/825 842/409/840 843/410/841
f 821/403/819 564/411/308 836/412/834
f 790/413/82 835/400/833 850/408/848
f 829/405/827 828/401/826 843/410/841 844/414/842
f 822/406/820 821/403/819 836/412/834 837/415/835
f 830/390/828 829/405/827 844/414/842 845/416/843
f 823/392/821 822/406/820 837/415/835 838/417/836
f 831/391/829 830/390/828 845/416/843 846/418/844
f 824/393/822 823/392/821 838/417/836 839/419/837
f 832/394/830 831/391/829 846/418/844 847/420/845
f 825/395/823 824/393/822 839/419/837 840/421/838
f 833/396/831 832/394/830 847/420/845 848/422/846
f 826/397/824 825/395/823 840/421/838 841/423/839
f 834/398/832 833/396/831 848/422/846 849/407/847
f 827/399/825 826/397/824 841/423/839 842/409/840
f 839/424/837 838/425/836 853/426/851 854/427/852
f 847/428/845 846/429/844 861/430/859 862/431/860
f 840/432/838 839/424/837 854/427/852 855/433/853
f 848/434/846 847/428/845 862/431/860 863/435/861
f 841/436/839 840/432/838 855/433/853 856/437/854
f 849/438/847 848/434/846 863/435/861 864/439/862
f 842/440/840 841/436/839 856/437/854 857/441/855
f 850/442/848 849/438/847 864/439/862 865/443/863
f 843/444/841 842/440/840 857/441/855 858/445/856
f 836/446/834 564/447/308 851/448/849
f 790/449/82 850/442/848 865/443/863
f 844/450/842 843/444/841 858/445/856 859/451/857
f 837/452/835 836/446/834 851/448/849 852/453/850
f 845/454/843 844/450/842 859/451/857 860/455/858
f 838/425/836 837/452/835 852/453/850 853/426/851
f 846/429/844 845/454/843 860/455/858 861/430/859
f 858/445/856 857/441/855 872/456/870 873/457/871
f 851/448/849 564/458/308 866/459/864
f 790/460/82 865/443/863 880/461/878
f 859/451/857 858/445/856 873/457/871 874/462/872
f 852/453/850 851/448/849 866/459/864 867/463/865
f 860/455/858 859/451/857 874/462/872 875/464/873
f 853/426/851 852/453/850 867/463/865 868/465/866
f 861/430/859 860/455/858 875/464/873 876/466/874
f 854/427/852 853/426/851 868/465/866 869/467/867
f 862/431/860 861/430/859 876/466/874 877/468/875
f 855/433/853 854/427/852 869/467/867 870/469/868
f 863/435/861 862/431/860 877/468/875 878/470/876
f 856/437/854 855/433/853 870/469/868 871/471/869
f 864/439/862 863/435/861 878/470/876 879/472/877
f 857/441/855 856/437/854 871/471/869 872/456/870
f 865/443/863 864/439/862 879/472/877 880/461/878
f 877/468/875 876/466/874 891/473/889 892/474/890
f 870/469/868 869/467/867 884/475/882 885/476/883
f 878/470/876 877/468/875 892/474/890 893/477/891
f 871/471/869 870/469/868 885/476/883 886/478/884
f 879/472/877 878/470/876 893/477/891 894/479/892
f 872/456/870 871/471/869 886/478/884 887/480/885
f 880/461/878 879/472/877 894/479/892 895/481/893
f 873/457/871 872/456/870 887/480/885 888/482/886
f 866/459/864 564/483/308 881/484/879
f 790/485/82 880/461/878 895/481/893
f 874/462/872 873/457/871 888/482/886 889/486/887
f 867/463/865 866/459/864 881/484/879 882/487/880
f 875/464/873 874/462/872 889/486/887 890/488/888
f 868/465/866 867/463/865 882/487/880 883/489/881
f 876/466/874 875/464/873 890/488/888 891/473/889
f 869/467/867 868/465/866 883/489/881 884/475/882
f 881/484/879 564/490/308 896/491/894
f 790/492/82 895/481/893 910/493/908
f 889/486/887 888/482/886 903/494/901 904/495/902
f 882/487/880 881/484/879 896/491/894 897/496/895
f 890/488/888 889/486/887 904/495/902 905/497/903
f 883/489/881 882/487/880 897/496/895 898/498/896
f 891/473/889 890/488/888 905/497/903 906/499/904
f 884/475/882 883/489/881 898/498/896 899/500/897
f 892/474/890 891/473/889 906/499/904 907/501/905
f 885/476/883 884/475/882 899/500/897 900/502/898
f 893/477/891 892/474/890 907/501/905 908/503/906
f 886/478/884 885/476/883 900/502/898 901/504/899
f 894/479/892 893/477/891 908/503/906 909/505/907
f 887/480/885 886/478/884 901/504/899 902/506/900
f 895/481/893 894/479/892 909/505/907 910/493/908
f 888/482/886 887/480/885 902/506/900 903/494/901
f 900/502/898 899/500/897 914/507/912 915/508/913
f 908/503/906 907/501/905 922/509/920 923/510/921
f 901/504/899 900/502/898 915/508/913 916/511/914
f 909/505/907 908/503/906 923/510/921 924/512/922
f 902/506/900 901/504/899 916/511/914 917/513/915
f 910/493/908 909/505/907 924/512/922 925/514/923
f 903/494/901 902/506/900 917/513/915 918/515/916
f 896/491/894 564/516/308 911/517/909
f 790/518/82 910/493/908 925/514/923
f 904/495/902 903/494/901 918/515/916 919/519/917
f 897/496/895 896/491/894 911/517/909 912/520/910
f 905/497/903 904/495/902 919/519/917 920/521/918
f 898/498/896 897/496/895 912/520/910 913/522/911
f 906/499/904 905/497/903 920/521/918 921/523/919
f 899/500/897 898/498/896 913/522/911 914/507/912
f 907/501/905 906/499/904 921/523/919 922/509/920
f 919/519/917 918/515/916 933/524/931 934/525/932
f 912/520/910 911/517/909 926/526/924 927/527/925
f 920/521/918 919/519/917 934/525/932 935/528/933
f 913/522/911 912/520/910 927/527/925 928/529/926
f 921/523/919 920/521/918 935/528/933 936/530/934
f 914/507/912 913/522/911 928/529/926 929/531/927
f 922/509/920 921/523/919 936/530/934 937/532/935
f 915/508/913 914/507/912 929/531/927 930/533/928
f 923/510/921 922/509/920 937/532/935 938/534/936
f 916/511/914 915/508/913 930/533/928 931/535/929
f 924/512/922 923/510/921 938/534/936 939/536/937
f 917/513/915 916/511/914 931/535/929 932/537/930
f 925/514/923 924/512/922 939/536/937 940/538/938
f 918/515/916 917/513/915 932/537/930 933/524/931
f 911/517/909 564/539/308 926/526/924
f 790/540/82 925/514/923 940/538/938
f 938/534/936 937/532/935 952/541/950 953/542/951
f 931/535/929 930/533/928 945/543/943 946/544/944
f 939/536/937 938/534/936 953/542/951 954/545/952
f 932/537/930 931/535/929 946/544/944 947/546/945
f 940/538/938 939/536/937 954/545/952 955/547/953
f 933/524/931 932/537/930 947/546/945 948/548/946
f 926/526/924 564/549/308 941/550/939
f 790/551/82 940/538/938 955/547/953
f 934/525/932 933/524/931 948/548/946 949/552/947
f 927/527/925 926/526/924 941/550/939 942/553/940
f 935/528/933 934/525/932 949/552/947 950/554/948
f 928/529/926 927/527/925 942/553/940 943/555/941
f 936/530/934 935/528/933 950/554/948 951/556/949
f 929/531/927 928/529/926 943/555/941 944/557/942
f 937/532/935 936/530/934 951/556/949 952/541/950
f 930/533/928 929/531/927 944/557/942 945/543/943
f 950/554/948 949/552/947 487/6/487 960/5/958
f 943/555/941 942/553/940 957/1/955 483/9/483
f 951/556/949 950/554/948 960/5/958 488/11/488
f 944/557/942 943/555/941 483/9/483 958/13/956
f 952/541/950 951/556/949 488/11/488 961/15/959
f 945/543/943 944/557/942 958/13/956 484/17/484
f 953/542/951 952/541/950 961/15/959 962/19/960
f 946/544/944 945/543/943 484/17/484 959/21/957
f 954/545/952 953/542/951 962/19/960 963/23/961
f 947/546/945 946/544/944 959/21/957 485/25/485
f 955/547/953 954/545/952 963/23/961 964/27/962
f 948/548/946 947/546/945 485/25/485 486/29/486
f 941/550/939 564/558/308 956/2/954
f 790/559/82 955/547/953 964/27/962
f 949/552/947 948/548/946 486/29/486 487/6/487
f 942/553/940 941/550/939 956/2/954 957/1/955
f 1439/1/1435 972/4/970 971/3/969 1438/2/1434
f 1442/5/1438 980/8/978 979/7/977 969/6/967
f 965/9/963 973/10/971 972/4/970 1439/1/1435
f 970/11/968 981/12/979 980/8/978 1442/5/1438
f 1440/13/1436 974/14/972 973/10/971 965/9/963
f 1443/15/1439 982/16/980 981/12/979 970/11/968
f 966/17/964 975/18/973 974/14/972 1440/13/1436
f 1444/19/1440 983/20/981 982/16/980 1443/15/1439
f 1441/21/1437 976/22/974 975/18/973 966/17/964
f 1445/23/1441 984/24/982 983/20/981 1444/19/1440
f 967/25/965 977/26/975 976/22/974 1441/21/1437
f 1446/27/1442 985/28/983 984/24/982 1445/23/1441
f 968/29/966 978/30/976 977/26/975 967/25/965
f 1438/2/1434 971/3/969 1046/31/82
f 1272/32/308 985/28/983 1446/27/1442
f 969/6/967 979/7/977 978/30/976 968/29/966
f 978/30/976 993/34/991 992/33/990 977/26/975
f 971/3/969 986/36/984 1046/35/82
f 1272/37/308 1000/38/998 985/28/983
f 979/7/977 994/39/992 993/34/991 978/30/976
f 972/4/970 987/40/985 986/36/984 971/3/969
f 980/8/978 995/41/993 994/39/992 979/7/977
f 973/10/971 988/42/986 987/40/985 972/4/970
f 981/12/979 996/43/994 995/41/993 980/8/978
f 974/14/972 989/44/987 988/42/986 973/10/971
f 982/16/980 997/45/995 996/43/994 981/12/979
f 975/18/973 990/46/988 989/44/987 974/14/972
f 983/20/981 998/47/996 997/45/995 982/16/980
f 976/22/974 991/48/989 990/46/988 975/18/973
f 984/24/982 999/49/997 998/47/996 983/20/981
f 977/26/975 992/33/990 991/48/989 976/22/974
f 985/28/983 1000/38/998 999/49/997 984/24/982
f 997/45/995 1012/51/1010 1011/50/1009 996/43/994
f 990/46/988 1005/53/1003 1004/52/1002 989/44/987
f 998/47/996 1013/54/1011 1012/51/1010 997/45/995
f 991/48/989 1006/55/1004 1005/53/1003 990/46/988
f 999/49/997 1014/56/1012 1013/54/1011 998/47/996
f 992/33/990 1007/57/1005 1006/55/1004 991/48/989
f 1000/38/998 1015/58/1013 1014/56/1012 999/49/997
f 993/34/991 1008/59/1006 1007/57/1005 992/33/990
f 986/36/984 1001/61/999 1046/60/82
f 1272/62/308 1015/58/1013 1000/38/998
f 994/39/992 1009/63/1007 1008/59/1006 993/34/991
f 987/40/985 1002/64/1000 1001/61/999 986/36/984
f 995/41/993 1010/65/1008 1009/63/1007 994/39/992
f 988/42/986 1003/66/1001 1002/64/1000 987/40/985
f 996/43/994 1011/50/1009 1010/65/1008 995/41/993
f 989/44/987 1004/52/1002 1003/66/1001 988/42/986
f 1272/67/308 1030/68/1028 1015/58/1013
f 1009/63/1007 1024/70/1022 1023/69/1021 1008/59/1006
f 1002/64/1000 1017/72/1015 1016/71/1014 1001/61/999
f 1010/65/1008 1025/73/1023 1024/70/1022 1009/63/1007
f 1003/66/1001 1018/74/1016 1017/72/1015 1002/64/1000
f 1011/50/1009 1026/75/1024 1025/73/1023 1010/65/1008
f 1004/52/1002 1019/76/1017 1018/74/1016 1003/66/1001
f 1012/51/1010 1027/77/1025 1026/75/1024 1011/50/1009
f 1005/53/1003 1020/78/1018 1019/76/1017 1004/52/1002
f 1013/54/1011 1028/79/1026 1027/77/1025 1012/51/1010
f 1006/55/1004 1021/80/1019 1020/78/1018 1005/53/1003
f 1014/56/1012 1029/81/1027 1028/79/1026 1013/54/1011
f 1007/57/1005 1022/82/1020 1021/80/1019 1006/55/1004
f 1015/58/1013 1030/68/1028 1029/81/1027 1014/56/1012
f 1008/59/1006 1023/69/1021 1022/82/1020 1007/57/1005
f 1001/61/999 1016/71/1014 1046/83/82
f 1028/79/1026 1043/85/1041 1042/84/1040 1027/77/1025
f 1021/80/1019 1036/87/1034 1035/86/1033 1020/78/1018
f 1029/81/1027 1044/88/1042 1043/85/1041 1028/79/1026
f 1022/82/1020 1037/89/1035 1036/87/1034 1021/80/1019
f 1030/68/1028 1045/90/1043 1044/88/1042 1029/81/1027
f 1023/69/1021 1038/91/1036 1037/89/1035 1022/82/1020
f 1016/71/1014 1031/93/1029 1046/92/82
f 1272/94/308 1045/90/1043 1030/68/1028
f 1024/70/1022 1039/95/1037 1038/91/1036 1023/69/1021
f 1017/72/1015 1032/96/1030 1031/93/1029 1016/71/1014
f 1025/73/1023 1040/97/1038 1039/95/1037 1024/70/1022
f 1018/74/1016 1033/98/1031 1032/96/1030 1017/72/1015
f 1026/75/1024 1041/99/1039 1040/97/1038 1025/73/1023
f 1019/76/1017 1034/100/1032 1033/98/1031 1018/74/1016
f 1027/77/1025 1042/84/1040 1041/99/1039 1026/75/1024
f 1020/78/1018 1035/86/1033 1034/100/1032 1019/76/1017
f 1032/96/1030 1048/102/1045 1047/101/1044 1031/93/1029
f 1040/97/1038 1056/104/1053 1055/103/1052 1039/95/1037
f 1033/98/1031 1049/105/1046 1048/102/1045 1032/96/1030
f 1041/99/1039 1057/106/1054 1056/104/1053 1040/97/1038
f 1034/100/1032 1050/107/1047 1049/105/1046 1033/98/1031
f 1042/84/1040 1058/108/1055 1057/106/1054 1041/99/1039
f 1035/86/1033 1051/109/1048 1050/107/1047 1034/100/1032
f 1043/85/1041 1059/110/1056 1058/108/1055 1042/84/1040
f 1036/87/1034 1052/111/1049 1051/109/1048 1035/86/1033
f 1044/88/1042 1060/112/1057 1059/110/1056 1043/85/1041
f 1037/89/1035 1053/113/1050 1052/111/1049 1036/87/1034
f 1045/90/1043 1061/114/1058 1060/112/1057 1044/88/1042
f 1038/91/1036 1054/115/1051 1053/113/1050 1037/89/1035
f 1031/93/1029 1047/101/1044 1046/116/82
f 1272/117/308 1061/114/1058 1045/90/1043
f 1039/95/1037 1055/103/1052 1054/115/1051 1038/91/1036
f 1052/111/1049 1067/119/1064 1066/118/1063 1051/109/1048
f 1060/112/1057 1075/121/1072 1074/120/1071 1059/110/1056
f 1053/113/1050 1068/122/1065 1067/119/1064 1052/111/1049
f 1061/114/1058 1076/123/1073 1075/121/1072 1060/112/1057
f 1054/115/1051 1069/124/1066 1068/122/1065 1053/113/1050
f 1047/101/1044 1062/126/1059 1046/125/82
f 1272/127/308 1076/123/1073 1061/114/1058
f 1055/103/1052 1070/128/1067 1069/124/1066 1054/115/1051
f 1048/102/1045 1063/129/1060 1062/126/1059 1047/101/1044
f 1056/104/1053 1071/130/1068 1070/128/1067 1055/103/1052
f 1049/105/1046 1064/131/1061 1063/129/1060 1048/102/1045
f 1057/106/1054 1072/132/1069 1071/130/1068 1056/104/1053
f 1050/107/1047 1065/133/1062 1064/131/1061 1049/105/1046
f 1058/108/1055 1073/134/1070 1072/132/1069 1057/106/1054
f 1051/109/1048 1066/118/1063 1065/133/1062 1050/107/1047
f 1059/110/1056 1074/120/1071 1073/134/1070 1058/108/1055
f 1071/130/1068 1086/136/1083 1085/135/1082 1070/128/1067
f 1064/131/1061 1079/138/1076 1078/137/1075 1063/129/1060
f 1072/132/1069 1087/139/1084 1086/136/1083 1071/130/1068
f 1065/133/1062 1080/140/1077 1079/138/1076 1064/131/1061
f 1073/134/1070 1088/141/1085 1087/139/1084 1072/132/1069
f 1066/118/1063 1081/142/1078 1080/140/1077 1065/133/1062
f 1074/120/1071 1089/143/1086 1088/141/1085 1073/134/1070
f 1067/119/1064 1082/144/1079 1081/142/1078 1066/118/1063
f 1075/121/1072 1090/145/1087 1089/143/1086 1074/120/1071
f 1068/122/1065 1083/146/1080 1082/144/1079 1067/119/1064
f 1076/123/1073 1091/147/1088 1090/145/1087 1075/121/1072
f 1069/124/1066 1084/148/1081 1083/146/1080 1068/122/1065
f 1062/126/1059 1077/150/1074 1046/149/82
f 1272/151/308 1091/147/1088 1076/123/1073
f 1070/128/1067 1085/135/1082 1084/148/1081 1069/124/1066
f 1063/129/1060 1078/137/1075 1077/150/1074 1062/126/1059
f 1090/145/1087 1105/153/1102 1104/152/1101 1089/143/1086
f 1083/146/1080 1098/155/1095 1097/154/1094 1082/144/1079
f 1091/147/1088 1106/156/1103 1105/153/1102 1090/145/1087
f 1084/148/1081 1099/157/1096 1098/155/1095 1083/146/1080
f 1077/150/1074 1092/159/1089 1046/158/82
f 1272/160/308 1106/156/1103 1091/147/1088
f 1085/135/1082 1100/161/1097 1099/157/1096 1084/148/1081
f 1078/137/1075 1093/162/1090 1092/159/1089 1077/150/1074
f 1086/136/1083 1101/163/1098 1100/161/1097 1085/135/1082
f 1079/138/1076 1094/164/1091 1093/162/1090 1078/137/1075
f 1087/139/1084 1102/165/1099 1101/163/1098 1086/136/1083
f 1080/140/1077 1095/166/1092 1094/164/1091 1079/138/1076
f 1088/141/1085 1103/167/1100 1102/165/1099 1087/139/1084
f 1081/142/1078 1096/168/1093 1095/166/1092 1080/140/1077
f 1089/143/1086 1104/152/1101 1103/167/1100 1088/141/1085
f 1082/144/1079 1097/154/1094 1096/168/1093 1081/142/1078
f 1094/164/1091 1109/170/1106 1108/169/1105 1093/162/1090
f 1102/165/1099 1117/172/1114 1116/171/1113 1101/163/1098
f 1095/166/1092 1110/173/1107 1109/170/1106 1094/164/1091
f 1103/167/1100 1118/174/1115 1117/172/1114 1102/165/1099
f 1096/168/1093 1111/175/1108 1110/173/1107 1095/166/1092
f 1104/152/1101 1119/176/1116 1118/174/1115 1103/167/1100
f 1097/154/1094 1112/177/1109 1111/175/1108 1096/168/1093
f 1105/153/1102 1120/178/1117 1119/176/1116 1104/152/1101
f 1098/155/1095 1113/179/1110 1112/177/1109 1097/154/1094
f 1106/156/1103 1121/180/1118 1120/178/1117 1105/153/1102
f 1099/157/1096 1114/181/1111 1113/179/1110 1098/155/1095
f 1092/159/1089 1107/183/1104 1046/182/82
f 1272/184/308 1121/180/1118 1106/156/1103
f 1100/161/1097 1115/185/1112 1114/181/1111 1099/157/1096
f 1093/162/1090 1108/169/1105 1107/183/1104 1092/159/1089
f 1101/163/1098 1116/171/1113 1115/185/1112 1100/161/1097
f 1113/179/1110 1128/187/1125 1127/186/1124 1112/177/1109
f 1121/180/1118 1136/189/1133 1135/188/1132 1120/178/1117
f 1114/181/1111 1129/190/1126 1128/187/1125 1113/179/1110
f 1107/183/1104 1122/192/1119 1046/191/82
f 1272/193/308 1136/189/1133 1121/180/1118
f 1115/185/1112 1130/194/1127 1129/190/1126 1114/181/1111
f 1108/169/1105 1123/195/1120 1122/192/1119 1107/183/1104
f 1116/171/1113 1131/196/1128 1130/194/1127 1115/185/1112
f 1109/170/1106 1124/197/1121 1123/195/1120 1108/169/1105
f 1117/172/1114 1132/198/1129 1131/196/1128 1116/171/1113
f 1110/173/1107 1125/199/1122 1124/197/1121 1109/170/1106
f 1118/174/1115 1133/200/1130 1132/198/1129 1117/172/1114
f 1111/175/1108 1126/201/1123 1125/199/1122 1110/173/1107
f 1119/176/1116 1134/202/1131 1133/200/1130 1118/174/1115
f 1112/177/1109 1127/186/1124 1126/201/1123 1111/175/1108
f 1120/178/1117 1135/188/1132 1134/202/1131 1119/176/1116
f 1132/198/1129 1147/204/1144 1146/203/1143 1131/196/1128
f 1125/199/1122 1140/206/1137 1139/205/1136 1124/197/1121
f 1133/200/1130 1148/207/1145 1147/204/1144 1132/198/1129
f 1126/201/1123 1141/208/1138 1140/206/1137 1125/199/1122
f 1134/202/1131 1149/209/1146 1148/207/1145 1133/200/1130
f 1127/186/1124 1142/210/1139 1141/208/1138 1126/201/1123
f 1135/188/1132 1150/211/1147 1149/209/1146 1134/202/1131
f 1128/187/1125 1143/212/1140 1142/210/1139 1127/186/1124
f 1136/189/1133 1151/213/1148 1150/211/1147 1135/188/1132
f 1129/190/1126 1144/214/1141 1143/212/1140 1128/187/1125
f 1122/192/1119 1137/216/1134 1046/215/82
f 1272/217/308 1151/213/1148 1136/189/1133
f 1130/194/1127 1145/218/1142 1144/214/1141 1129/190/1126
f 1123/195/1120 1138/219/1135 1137/216/1134 1122/192/1119
f 1131/196/1128 1146/203/1143 1145/218/1142 1130/194/1127
f 1124/197/1121 1139/205/1136 1138/219/1135 1123/195/1120
f 1151/213/1148 1166/221/1163 1165/220/1162 1150/211/1147
f 1144/214/1141 1159/223/1156 1158/222/1155 1143/212/1140
f 1137/216/1134 1152/225/1149 1046/224/82
f 1272/226/308 1166/221/1163 1151/213/1148
f 1145/218/1142 1160/227/1157 1159/223/1156 1144/214/1141
f 1138/219/1135 1153/228/1150 1152/225/1149 1137/216/1134
f 1146/203/1143 1161/229/1158 1160/227/1157 1145/218/1142
f 1139/205/1136 1154/230/1151 1153/228/1150 1138/219/1135
f 1147/204/1144 1162/231/1159 1161/229/1158 1146/203/1143
f 1140/206/1137 1155/232/1152 1154/230/1151 1139/205/1136
f 1148/207/1145 1163/233/1160 1162/231/1159 1147/204/1144
f 1141/208/1138 1156/234/1153 1155/232/1152 1140/206/1137
f 1149/209/1146 1164/235/1161 1163/233/1160 1148/207/1145
f 1142/210/1139 1157/236/1154 1156/234/1153 1141/208/1138
f 1150/211/1147 1165/220/1162 1164/235/1161 1149/209/1146
f 1143/212/1140 1158/222/1155 1157/236/1154 1142/210/1139
f 1163/233/1160 1178/238/1175 1177/237/1174 1162/231/1159
f 1156/234/1153 1171/240/1168 1170/239/1167 1155/232/1152
f 1164/235/1161 1179/241/1176 1178/238/1175 1163/233/1160
f 1157/236/1154 1172/242/1169 1171/240/1168 1156/234/1153
f 1165/220/1162 1180/243/1177 1179/241/1176 1164/235/1161
f 1158/222/1155 1173/244/1170 1172/242/1169 1157/236/1154
f 1166/221/1163 1181/245/1178 1180/243/1177 1165/220/1162
f 1159/223/1156 1174/246/1171 1173/244/1170 1158/222/1155
f 1152/225/1149 1167/248/1164 1046/247/82
f 1272/249/308 1181/245/1178 1166/221/1163
f 1160/227/1157 1175/250/1172 1174/246/1171 1159/223/1156
f 1153/228/1150 1168/251/1165 1167/248/1164 1152/225/1149
f 1161/229/1158 1176/252/1173 1175/250/1172 1160/227/1157
f 1154/230/1151 1169/253/1166 1168/251/1165 1153/228/1150
f 1162/231/1159 1177/237/1174 1176/252/1173 1161/229/1158
f 1155/232/1152 1170/239/1167 1169/253/1166 1154/230/1151
f 1167/248/1164 1182/255/1179 1046/254/82
f 1272/256/308 1196/257/1193 1181/245/1178
f 1175/250/1172 1190/259/1187 1189/258/1186 1174/246/1171
f 1168/251/1165 1183/260/1180 1182/255/1179 1167/248/1164
f 1176/252/1173 1191/261/1188 1190/259/1187 1175/250/1172
f 1169/253/1166 1184/262/1181 1183/260/1180 1168/251/1165
f 1177/237/1174 1192/263/1189 1191/261/1188 1176/252/1173
f 1170/239/1167 1185/264/1182 1184/262/1181 1169/253/1166
f 1178/238/1175 1193/265/1190 1192/263/1189 1177/237/1174
f 1171/240/1168 1186/266/1183 1185/264/1182 1170/239/1167
f 1179/241/1176 1194/267/1191 1193/265/1190 1178/238/1175
f 1172/242/1169 1187/268/1184 1186/266/1183 1171/240/1168
f 1180/243/1177 1195/269/1192 1194/267/1191 1179/241/1176
f 1173/244/1170 1188/270/1185 1187/268/1184 1172/242/1169
f 1181/245/1178 1196/257/1193 1195/269/1192 1180/243/1177
f 1174/246/1171 1189/258/1186 1188/270/1185 1173/244/1170
f 1186/266/1183 1201/272/1198 1200/271/1197 1185/264/1182
f 1194/267/1191 1209/274/1206 1208/273/1205 1193/265/1190
f 1187/268/1184 1202/275/1199 1201/272/1198 1186/266/1183
f 1195/269/1192 1210/276/1207 1209/274/1206 1194/267/1191
f 1188/270/1185 1203/277/1200 1202/275/1199 1187/268/1184
f 1196/257/1193 1211/278/1208 1210/276/1207 1195/269/1192
f 1189/258/1186 1204/279/1201 1203/277/1200 1188/270/1185
f 1182/255/1179 1197/281/1194 1046/280/82
f 1272/282/308 1211/278/1208 1196/257/1193
f 1190/259/1187 1205/283/1202 1204/279/1201 1189/258/1186
f 1183/260/1180 1198/284/1195 1197/281/1194 1182/255/1179
f 1191/261/1188 1206/285/1203 1205/283/1202 1190/259/1187
f 1184/262/1181 1199/286/1196 1198/284/1195 1183/260/1180
f 1192/263/1189 1207/287/1204 1206/285/1203 1191/261/1188
f 1185/264/1182 1200/271/1197 1199/286/1196 1184/262/1181
f 1193/265/1190 1208/273/1205 1207/287/1204 1192/263/1189
f 1205/283/1202 1220/289/1217 1219/288/1216 1204/279/1201
f 1198/284/1195 1213/291/1210 1212/290/1209 1197/281/1194
f 1206/285/1203 1221/292/1218 1220/289/1217 1205/283/1202
f 1199/286/1196 1214/293/1211 1213/291/1210 1198/284/1195
f 1207/287/1204 1222/294/1219 1221/292/1218 1206/285/1203
f 1200/271/1197 1215/295/1212 1214/293/1211 1199/286/1196
f 1208/273/1205 1223/296/1220 1222/294/1219 1207/287/1204
f 1201/272/1198 1216/297/1213 1215/295/1212 1200/271/1197
f 1209/274/1206 1224/298/1221 1223/296/1220 1208/273/1205
f 1202/275/1199 1217/299/1214 1216/297/1213 1201/272/1198
f 1210/276/1207 1225/300/1222 1224/298/1221 1209/274/1206
f 1203/277/1200 1218/301/1215 1217/299/1214 1202/275/1199
f 1211/278/1208 1226/302/1223 1225/300/1222 1210/276/1207
f 1204/279/1201 1219/288/1216 1218/301/1215 1203/277/1200
f 1197/281/1194 1212/290/1209 1046/303/82
f 1272/304/308 1226/302/1223 1211/278/1208
f 1224/298/1221 1239/306/1236 1238/305/1235 1223/296/1220
f 1217/299/1214 1232/308/1229 1231/307/1228 1216/297/1213
f 1225/300/1222 1240/309/1237 1239/306/1236 1224/298/1221
f 1218/301/1215 1233/310/1230 1232/308/1229 1217/299/1214
f 1226/302/1223 1241/311/1238 1240/309/1237 1225/300/1222
f 1219/288/1216 1234/312/1231 1233/310/1230 1218/301/1215
f 1212/290/1209 1227/314/1224 1046/313/82
f 1272/315/308 1241/311/1238 1226/302/1223
f 1220/289/1217 1235/316/1232 1234/312/1231 1219/288/1216
f 1213/291/1210 1228/317/1225 1227/314/1224 1212/290/1209
f 1221/292/1218 1236/318/1233 1235/316/1232 1220/289/1217
f 1214/293/1211 1229/319/1226 1228/317/1225 1213/291/1210
f 1222/294/1219 1237/320/1234 1236/318/1233 1221/292/1218
f 1215/295/1212 1230/321/1227 1229/319/1226 1214/293/1211
f 1223/296/1220 1238/305/1235 1237/320/1234 1222/294/1219
f 1216/297/1213 1231/307/1228 1230/321/1227 1215/295/1212
f 1228/317/1225 1243/323/1240 1242/322/1239 1227/314/1224
f 1236/318/1233 1251/325/1248 1250/324/1247 1235/316/1232
f 1229/319/1226 1244/326/1241 1243/323/1240 1228/317/1225
f 1237/320/1234 1252/327/1249 1251/325/1248 1236/318/1233
f 1230/321/1227 1245/328/1242 1244/326/1241 1229/319/1226
f 1238/305/1235 1253/329/1250 1252/327/1249 1237/320/1234
f 1231/307/1228 1246/330/1243 1245/328/1242 1230/321/1227
f 1239/306/1236 1254/331/1251 1253/329/1250 1238/305/1235
f 1232/308/1229 1247/332/1244 1246/330/1243 1231/307/1228
f 1240/309/1237 1255/333/1252 1254/331/1251 1239/306/1236
f 1233/310/1230 1248/334/1245 1247/332/1244 1232/308/1229
f 1241/311/1238 1256/335/1253 1255/333/1252 1240/309/1237
f 1234/312/1231 1249/336/1246 1248/334/1245 1233/310/1230
f 1227/314/1224 1242/322/1239 1046/337/82
f 1272/338/308 1256/335/1253 1241/311/1238
f 1235/316/1232 1250/324/1247 1249/336/1246 1234/312/1231
f 1247/332/1244 1262/340/1259 1261/339/1258 1246/330/1243
f 1255/333/1252 1270/342/1267 1269/341/1266 1254/331/1251
f 1248/334/1245 1263/343/1260 1262/340/1259 1247/332/1244
f 1256/335/1253 1271/344/1268 1270/342/1267 1255/333/1252
f 1249/336/1246 1264/345/1261 1263/343/1260 1248/334/1245
f 1242/322/1239 1257/347/1254 1046/346/82
f 1272/348/308 1271/344/1268 1256/335/1253
f 1250/324/1247 1265/349/1262 1264/345/1261 1249/336/1246
f 1243/323/1240 1258/350/1255 1257/347/1254 1242/322/1239
f 1251/325/1248 1266/351/1263 1265/349/1262 1250/324/1247
f 1244/326/1241 1259/352/1256 1258/350/1255 1243/323/1240
f 1252/327/1249 1267/353/1264 1266/351/1263 1251/325/1248
f 1245/328/1242 1260/354/1257 1259/352/1256 1244/326/1241
f 1253/329/1250 1268/355/1265 1267/353/1264 1252/327/1249
f 1246/330/1243 1261/339/1258 1260/354/1257 1245/328/1242
f 1254/331/1251 1269/341/1266 1268/355/1265 1253/329/1250
f 1266/351/1263 1282/357/1278 1281/356/1277 1265/349/1262
f 1259/352/1256 1275/359/1271 1274/358/1270 1258/350/1255
f 1267/353/1264 1283/360/1279 1282/357/1278 1266/351/1263
f 1260/354/1257 1276/361/1272 1275/359/1271 1259/352/1256
f 1268/355/1265 1284/362/1280 1283/360/1279 1267/353/1264
f 1261/339/1258 1277/363/1273 1276/361/1272 1260/354/1257
f 1269/341/1266 1285/364/1281 1284/362/1280 1268/355/1265
f 1262/340/1259 1278/365/1274 1277/363/1273 1261/339/1258
f 1270/342/1267 1286/366/1282 1285/364/1281 1269/341/1266
f 1263/343/1260 1279/367/1275 1278/365/1274 1262/340/1259
f 1271/344/1268 1287/368/1283 1286/366/1282 1270/342/1267
f 1264/345/1261 1280/369/1276 1279/367/1275 1263/343/1260
f 1257/347/1254 1273/371/1269 1046/370/82
f 1272/372/308 1287/368/1283 1271/344/1268
f 1265/349/1262 1281/356/1277 1280/369/1276 1264/345/1261
f 1258/350/1255 1274/358/1270 1273/371/1269 1257/347/1254
f 1286/366/1282 1301/374/1297 1300/373/1296 1285/364/1281
f 1279/367/1275 1294/376/1290 1293/375/1289 1278/365/1274
f 1287/368/1283 1302/377/1298 1301/374/1297 1286/366/1282
f 1280/369/1276 1295/378/1291 1294/376/1290 1279/367/1275
f 1273/371/1269 1288/380/1284 1046/379/82
f 1272/381/308 1302/377/1298 1287/368/1283
f 1281/356/1277 1296/382/1292 1295/378/1291 1280/369/1276
f 1274/358/1270 1289/383/1285 1288/380/1284 1273/371/1269
f 1282/357/1278 1297/384/1293 1296/382/1292 1281/356/1277
f 1275/359/1271 1290/385/1286 1289/383/1285 1274/358/1270
f 1283/360/1279 1298/386/1294 1297/384/1293 1282/357/1278
f 1276/361/1272 1291/387/1287 1290/385/1286 1275/359/1271
f 1284/362/1280 1299/388/1295 1298/386/1294 1283/360/1279
f 1277/363/1273 1292/389/1288 1291/387/1287 1276/361/1272
f 1285/364/1281 1300/373/1296 1299/388/1295 1284/362/1280
f 1278/365/1274 1293/375/1289 1292/389/1288 1277/363/1273
f 1298/386/1294 1313/391/1309 1312/390/1308 1297/384/1293
f 1291/387/1287 1306/393/1302 1305/392/1301 1290/385/1286
f 1299/388/1295 1314/394/1310 1313/391/1309 1298/386/1294
f 1292/389/1288 1307/395/1303 1306/393/1302 1291/387/1287
f 1300/373/1296 1315/396/1311 1314/394/1310 1299/388/1295
f 1293/375/1289 1308/397/1304 1307/395/1303 1292/389/1288
f 1301/374/1297 1316/398/1312 1315/396/1311 1300/373/1296
f 1294/376/1290 1309/399/1305 1308/397/1304 1293/375/1289
f 1302/377/1298 1317/400/1313 1316/398/1312 1301/374/1297
f 1295/378/1291 1310/401/1306 1309/399/1305 1294/376/1290
f 1288/380/1284 1303/403/1299 1046/402/82
f 1272/404/308 1317/400/1313 1302/377/1298
f 1296/382/1292 1311/405/1307 1310/401/1306 1295/378/1291
f 1289/383/1285 1304/406/1300 1303/403/1299 1288/380/1284
f 1297/384/1293 1312/390/1308 1311/405/1307 1296/382/1292
f 1290/385/1286 1305/392/1301 1304/406/1300 1289/383/1285
f 1317/400/1313 1332/408/1328 1331/407/1327 1316/398/1312
f 1310/401/1306 1325/410/1321 1324/409/1320 1309/399/1305
f 1303/403/1299 1318/412/1314 1046/411/82
f 1272/413/308 1332/408/1328 1317/400/1313
f 1311/405/1307 1326/414/1322 1325/410/1321 1310/401/1306
f 1304/406/1300 1319/415/1315 1318/412/1314 1303/403/1299
f 1312/390/1308 1327/416/1323 1326/414/1322 1311/405/1307
f 1305/392/1301 1320/417/1316 1319/415/1315 1304/406/1300
f 1313/391/1309 1328/418/1324 1327/416/1323 1312/390/1308
f 1306/393/1302 1321/419/1317 1320/417/1316 1305/392/1301
f 1314/394/1310 1329/420/1325 1328/418/1324 1313/391/1309
f 1307/395/1303 1322/421/1318 1321/419/1317 1306/393/1302
f 1315/396/1311 1330/422/1326 1329/420/1325 1314/394/1310
f 1308/397/1304 1323/423/1319 1322/421/1318 1307/395/1303
f 1316/398/1312 1331/407/1327 1330/422/1326 1315/396/1311
f 1309/399/1305 1324/409/1320 1323/423/1319 1308/397/1304
f 1321/424/1317 1336/427/1332 1335/426/1331 1320/425/1316
f 1329/428/1325 1344/431/1340 1343/430/1339 1328/429/1324
f 1322/432/1318 1337/433/1333 1336/427/1332 1321/424/1317
f 1330/434/1326 1345/435/1341 1344/431/1340 1329/428/1325
f 1323/436/1319 1338/437/1334 1337/433/1333 1322/432/1318
f 1331/438/1327 1346/439/1342 1345/435/1341 1330/434/1326
f 1324/440/1320 1339/441/1335 1338/437/1334 1323/436/1319
f 1332/442/1328 1347/443/1343 1346/439/1342 1331/438/1327
f 1325/444/1321 1340/445/1336 1339/441/1335 1324/440/1320
f 1318/446/1314 1333/448/1329 1046/447/82
f 1272/449/308 1347/443/1343 1332/442/1328
f 1326/450/1322 1341/451/1337 1340/445/1336 1325/444/1321
f 1319/452/1315 1334/453/1330 1333/448/1329 1318/446/1314
f 1327/454/1323 1342/455/1338 1341/451/1337 1326/450/1322
f 1320/425/1316 1335/426/1331 1334/453/1330 1319/452/1315
f 1328/429/1324 1343/430/1339 1342/455/1338 1327/454/1323
f 1340/445/1336 1355/457/1351 1354/456/1350 1339/441/1335
f 1333/448/1329 1348/459/1344 1046/458/82
f 1272/460/308 1362/461/1358 1347/443/1343
f 1341/451/1337 1356/462/1352 1355/457/1351 1340/445/1336
f 1334/453/1330 1349/463/1345 1348/459/1344 1333/448/1329
f 1342/455/1338 1357/464/1353 1356/462/1352 1341/451/1337
f 1335/426/1331 1350/465/1346 1349/463/1345 1334/453/1330
f 1343/430/1339 1358/466/1354 1357/464/1353 1342/455/1338
f 1336/427/1332 1351/467/1347 1350/465/1346 1335/426/1331
f 1344/431/1340 1359/468/1355 1358/466/1354 1343/430/1339
f 1337/433/1333 1352/469/1348 1351/467/1347 1336/427/1332
f 1345/435/1341 1360/470/1356 1359/468/1355 1344/431/1340
f 1338/437/1334 1353/471/1349 1352/469/1348 1337/433/1333
f 1346/439/1342 1361/472/1357 1360/470/1356 1345/435/1341
f 1339/441/1335 1354/456/1350 1353/471/1349 1338/437/1334
f 1347/443/1343 1362/461/1358 1361/472/1357 1346/439/1342
f 1359/468/1355 1374/474/1370 1373/473/1369 1358/466/1354
f 1352/469/1348 1367/476/1363 1366/475/1362 1351/467/1347
f 1360/470/1356 1375/477/1371 1374/474/1370 1359/468/1355
f 1353/471/1349 1368/478/1364 1367/476/1363 1352/469/1348
f 1361/472/1357 1376/479/1372 1375/477/1371 1360/470/1356
f 1354/456/1350 1369/480/1365 1368/478/1364 1353/471/1349
f 1362/461/1358 1377/481/1373 1376/479/1372 1361/472/1357
f 1355/457/1351 1370/482/1366 1369/480/1365 1354/456/1350
f 1348/459/1344 1363/484/1359 1046/483/82
f 1272/485/308 1377/481/1373 1362/461/1358
f 1356/462/1352 1371/486/1367 1370/482/1366 1355/457/1351
f 1349/463/1345 1364/487/1360 1363/484/1359 1348/459/1344
f 1357/464/1353 1372/488/1368 1371/486/1367 1356/462/1352
f 1350/465/1346 1365/489/1361 1364/487/1360 1349/463/1345
f 1358/466/1354 1373/473/1369 1372/488/1368 1357/464/1353
f 1351/467/1347 1366/475/1362 1365/489/1361 1350/465/1346
f 1363/484/1359 1378/491/1374 1046/490/82
f 1272/492/308 1392/493/1388 1377/481/1373
f 1371/486/1367 1386/495/1382 1385/494/1381 1370/482/1366
f 1364/487/1360 1379/496/1375 1378/491/1374 1363/484/1359
f 1372/488/1368 1387/497/1383 1386/495/1382 1371/486/1367
f 1365/489/1361 1380/498/1376 1379/496/1375 1364/487/1360
f 1373/473/1369 1388/499/1384 1387/497/1383 1372/488/1368
f 1366/475/1362 1381/500/1377 1380/498/1376 1365/489/1361
f 1374/474/1370 1389/501/1385 1388/499/1384 1373/473/1369
f 1367/476/1363 1382/502/1378 1381/500/1377 1366/475/1362
f 1375/477/1371 1390/503/1386 1389/501/1385 1374/474/1370
f 1368/478/1364 1383/504/1379 1382/502/1378 1367/476/1363
f 1376/479/1372 1391/505/1387 1390/503/1386 1375/477/1371
f 1369/480/1365 1384/506/1380 1383/504/1379 1368/478/1364
f 1377/481/1373 1392/493/1388 1391/505/1387 1376/479/1372
f 1370/482/1366 1385/494/1381 1384/506/1380 1369/480/1365
f 1382/502/1378 1397/508/1393 1396/507/1392 1381/500/1377
f 1390/503/1386 1405/510/1401 1404/509/1400 1389/501/1385
f 1383/504/1379 1398/511/1394 1397/508/1393 1382/502/1378
f 1391/505/1387 1406/512/1402 1405/510/1401 1390/503/1386
f 1384/506/1380 1399/513/1395 1398/511/1394 1383/504/1379
f 1392/493/1388 1407/514/1403 1406/512/1402 1391/505/1387
f 1385/494/1381 1400/515/1396 1399/513/1395 1384/506/1380
f 1378/491/1374 1393/517/1389 1046/516/82
f 1272/518/308 1407/514/1403 1392/493/1388
f 1386/495/1382 1401/519/1397 1400/515/1396 1385/494/1381
f 1379/496/1375 1394/520/1390 1393/517/1389 1378/491/1374
f 1387/497/1383 1402/521/1398 1401/519/1397 1386/495/1382
f 1380/498/1376 1395/522/1391 1394/520/1390 1379/496/1375
f 1388/499/1384 1403/523/1399 1402/521/1398 1387/497/1383
f 1381/500/1377 1396/507/1392 1395/522/1391 1380/498/1376
f 1389/501/1385 1404/509/1400 1403/523/1399 1388/499/1384
f 1401/519/1397 1416/525/1412 1415/524/1411 1400/515/1396
f 1394/520/1390 1409/527/1405 1408/526/1404 1393/517/1389
f 1402/521/1398 1417/528/1413 1416/525/1412 1401/519/1397
f 1395/522/1391 1410/529/1406 1409/527/1405 1394/520/1390
f 1403/523/1399 1418/530/1414 1417/528/1413 1402/521/1398
f 1396/507/1392 1411/531/1407 1410/529/1406 1395/522/1391
f 1404/509/1400 1419/532/1415 1418/530/1414 1403/523/1399
f 1397/508/1393 1412/533/1408 1411/531/1407 1396/507/1392
f 1405/510/1401 1420/534/1416 1419/532/1415 1404/509/1400
f 1398/511/1394 1413/535/1409 1412/533/1408 1397/508/1393
f 1406/512/1402 1421/536/1417 1420/534/1416 1405/510/1401
f 1399/513/1395 1414/537/1410 1413/535/1409 1398/511/1394
f 1407/514/1403 1422/538/1418 1421/536/1417 1406/512/1402
f 1400/515/1396 1415/524/1411 1414/537/1410 1399/513/1395
f 1393/517/1389 1408/526/1404 1046/539/82
f 1272/540/308 1422/538/1418 1407/514/1403
f 1420/534/1416 1435/542/1431 1434/541/1430 1419/532/1415
f 1413/535/1409 1428/544/1424 1427/543/1423 1412/533/1408
f 1421/536/1417 1436/545/1432 1435/542/1431 1420/534/1416
f 1414/537/1410 1429/546/1425 1428/544/1424 1413/535/1409
f 1422/538/1418 1437/547/1433 1436/545/1432 1421/536/1417
f 1415/524/1411 1430/548/1426 1429/546/1425 1414/537/1410
f 1408/526/1404 1423/550/1419 1046/549/82
f 1272/551/308 1437/547/1433 1422/538/1418
f 1416/525/1412 1431/552/1427 1430/548/1426 1415/524/1411
f 1409/527/1405 1424/553/1420 1423/550/1419 1408/526/1404
f 1417/528/1413 1432/554/1428 1431/552/1427 1416/525/1412
f 1410/529/1406 1425/555/1421 1424/553/1420 1409/527/1405
f 1418/530/1414 1433/556/1429 1432/554/1428 1417/528/1413
f 1411/531/1407 1426/557/1422 1425/555/1421 1410/529/1406
f 1419/532/1415 1434/541/1430 1433/556/1429 1418/530/1414
f 1412/533/1408 1427/543/1423 1426/557/1422 1411/531/1407
f 1432/554/1428 1442/5/1438 969/6/967 1431/552/1427
f 1425/555/1421 965/9/963 1439/1/1435 1424/553/1420
f 1433/556/1429 970/11/968 1442/5/1438 1432/554/1428
f 1426/557/1422 1440/13/1436 965/9/963 1425/555/1421
f 1434/541/1430 1443/15/1439 970/11/968 1433/556/1429
f 1427/543/1423 966/17/964 1440/13/1436 1426/557/1422
f 1435/542/1431 1444/19/1440 1443/15/1439 1434/541/1430
f 1428/544/1424 1441/21/1437 966/17/964 1427/543/1423
f 1436/545/1432 1445/23/1441 1444/19/1440 1435/542/1431
f 1429/546/1425 967/25/965 1441/21/1437 1428/544/1424
f 1437/547/1433 1446/27/1442 1445/23/1441 1436/545/1432
f 1430/548/1426 968/29/966 967/25/965 1429/546/1425
f 1423/550/1419 1438/2/1434 1046/558/82
f 1272/559/308 1446/27/1442 1437/547/1433
f 1431/552/1427 969/6/967 968/29/966 1430/548/1426
f 1424/553/1420 1439/1/1435 1438/2/1434 1423/550/1419
f 1921/1/1915 1920/2/1914 1453/3/1449 1454/4/1450
f 1924/5/1918 1451/6/1447 1461/7/1457 1462/8/1458
f 1447/9/1443 1921/1/1915 1454/4/1450 1455/10/1451
f 1452/11/1448 1924/5/1918 1462/8/1458 1463/12/1459
f 1922/13/1916 1447/9/1443 1455/10/1451 1456/14/1452
f 1925/15/1919 1452/11/1448 1463/12/1459 1464/16/1460
f 1448/17/1444 1922/13/1916 1456/14/1452 1457/18/1453
f 1926/19/1920 1925/15/1919 1464/16/1460 1465/20/1461
f 1923/21/1917 1448/17/1444 1457/18/1453 1458/22/1454
f 1927/23/1921 1926/19/1920 1465/20/1461 1466/24/1462
f 1449/25/1445 1923/21/1917 1458/22/1454 1459/26/1455
f 1928/27/1922 1927/23/1921 1466/24/1462 1467/28/1463
f 1450/29/1446 1449/25/1445 1459/26/1455 1460/30/1456
f 1920/2/1914 1528/31/361 1453/3/1449
f 1754/32/120 1928/27/1922 1467/28/1463
f 1451/6/1447 1450/29/1446 1460/30/1456 1461/7/1457
f 1460/30/1456 1459/26/1455 1474/33/1470 1475/34/1471
f 1453/3/1449 1528/35/361 1468/36/1464
f 1754/37/120 1467/28/1463 1482/38/1478
f 1461/7/1457 1460/30/1456 1475/34/1471 1476/39/1472
f 1454/4/1450 1453/3/1449 1468/36/1464 1469/40/1465
f 1462/8/1458 1461/7/1457 1476/39/1472 1477/41/1473
f 1455/10/1451 1454/4/1450 1469/40/1465 1470/42/1466
f 1463/12/1459 1462/8/1458 1477/41/1473 1478/43/1474
f 1456/14/1452 1455/10/1451 1470/42/1466 1471/44/1467
f 1464/16/1460 1463/12/1459 1478/43/1474 1479/45/1475
f 1457/18/1453 1456/14/1452 1471/44/1467 1472/46/1468
f 1465/20/1461 1464/16/1460 1479/45/1475 1480/47/1476
f 1458/22/1454 1457/18/1453 1472/46/1468 1473/48/1469
f 1466/24/1462 1465/20/1461 1480/47/1476 1481/49/1477
f 1459/26/1455 1458/22/1454 1473/48/1469 1474/33/1470
f 1467/28/1463 1466/24/1462 1481/49/1477 1482/38/1478
f 1479/45/1475 1478/43/1474 1493/50/1489 1494/51/1490
f 1472/46/1468 1471/44/1467 1486/52/1482 1487/53/1483
f 1480/47/1476 1479/45/1475 1494/51/1490 1495/54/1491
f 1473/48/1469 1472/46/1468 1487/53/1483 1488/55/1484
f 1481/49/1477 1480/47/1476 1495/54/1491 1496/56/1492
f 1474/33/1470 1473/48/1469 1488/55/1484 1489/57/1485
f 1482/38/1478 1481/49/1477 1496/56/1492 1497/58/1493
f 1475/34/1471 1474/33/1470 1489/57/1485 1490/59/1486
f 1468/36/1464 1528/60/361 1483/61/1479
f 1754/62/120 1482/38/1478 1497/58/1493
f 1476/39/1472 1475/34/1471 1490/59/1486 1491/63/1487
f 1469/40/1465 1468/36/1464 1483/61/1479 1484/64/1480
f 1477/41/1473 1476/39/1472 1491/63/1487 1492/65/1488
f 1470/42/1466 1469/40/1465 1484/64/1480 1485/66/1481
f 1478/43/1474 1477/41/1473 1492/65/1488 1493/50/1489
f 1471/44/1467 1470/42/1466 1485/66/1481 1486/52/1482
f 1754/67/120 1497/58/1493 1512/68/1508
f 1491/63/1487 1490/59/1486 1505/69/1501 1506/70/1502
f 1484/64/1480 1483/61/1479 1498/71/1494 1499/72/1495
f 1492/65/1488 1491/63/1487 1506/70/1502 1507/73/1503
f 1485/66/1481 1484/64/1480 1499/72/1495 1500/74/1496
f 1493/50/1489 1492/65/1488 1507/73/1503 1508/75/1504
f 1486/52/1482 1485/66/1481 1500/74/1496 1501/76/1497
f 1494/51/1490 1493/50/1489 1508/75/1504 1509/77/1505
f 1487/53/1483 1486/52/1482 1501/76/1497 1502/78/1498
f 1495/54/1491 1494/51/1490 1509/77/1505 1510/79/1506
f 1488/55/1484 1487/53/1483 1502/78/1498 1503/80/1499
f 1496/56/1492 1495/54/1491 1510/79/1506 1511/81/1507
f 1489/57/1485 1488/55/1484 1503/80/1499 1504/82/1500
f 1497/58/1493 1496/56/1492 1511/81/1507 1512/68/1508
f 1490/59/1486 1489/57/1485 1504/82/1500 1505/69/1501
f 1483/61/1479 1528/83/361 1498/71/1494
f 1510/79/1506 1509/77/1505 1524/84/1520 1525/85/1521
f 1503/80/1499 1502/78/1498 1517/86/1513 1518/87/1514
f 1511/81/1507 1510/79/1506 1525/85/1521 1526/88/1522
f 1504/82/1500 1503/80/1499 1518/87/1514 1519/89/1515
f 1512/68/1508 1511/81/1507 1526/88/1522 1527/90/1523
f 1505/69/1501 1504/82/1500 1519/89/1515 1520/91/1516
f 1498/71/1494 1528/92/361 1513/93/1509
f 1754/94/120 1512/68/1508 1527/90/1523
f 1506/70/1502 1505/69/1501 1520/91/1516 1521/95/1517
f 1499/72/1495 1498/71/1494 1513/93/1509 1514/96/1510
f 1507/73/1503 1506/70/1502 1521/95/1517 1522/97/1518
f 1500/74/1496 1499/72/1495 1514/96/1510 1515/98/1511
f 1508/75/1504 1507/73/1503 1522/97/1518 1523/99/1519
f 1501/76/1497 1500/74/1496 1515/98/1511 1516/100/1512
f 1509/77/1505 1508/75/1504 1523/99/1519 1524/84/1520
f 1502/78/1498 1501/76/1497 1516/100/1512 1517/86/1513
f 1514/96/1510 1513/93/1509 1529/101/1524 1530/102/1525
f 1522/97/1518 1521/95/1517 1537/103/1532 1538/104/1533
f 1515/98/1511 1514/96/1510 1530/102/1525 1531/105/1526
f 1523/99/1519 1522/97/1518 1538/104/1533 1539/106/1534
f 1516/100/1512 1515/98/1511 1531/105/1526 1532/107/1527
f 1524/84/1520 1523/99/1519 1539/106/1534 1540/108/1535
f 1517/86/1513 1516/100/1512 1532/107/1527 1533/109/1528
f 1525/85/1521 1524/84/1520 1540/108/1535 1541/110/1536
f 1518/87/1514 1517/86/1513 1533/109/1528 1534/111/1529
f 1526/88/1522 1525/85/1521 1541/110/1536 1542/112/1537
f 1519/89/1515 1518/87/1514 1534/111/1529 1535/113/1530
f 1527/90/1523 1526/88/1522 1542/112/1537 1543/114/1538
f 1520/91/1516 1519/89/1515 1535/113/1530 1536/115/1531
f 1513/93/1509 1528/116/361 1529/101/1524
f 1754/117/120 1527/90/1523 1543/114/1538
f 1521/95/1517 1520/91/1516 1536/115/1531 1537/103/1532
f 1534/111/1529 1533/109/1528 1548/118/1543 1549/119/1544
f 1542/112/1537 1541/110/1536 1556/120/1551 1557/121/1552
f 1535/113/1530 1534/111/1529 1549/119/1544 1550/122/1545
f 1543/114/1538 1542/112/1537 1557/121/1552 1558/123/1553
f 1536/115/1531 1535/113/1530 1550/122/1545 1551/124/1546
f 1529/101/1524 1528/125/361 1544/126/1539
f 1754/127/120 1543/114/1538 1558/123/1553
f 1537/103/1532 1536/115/1531 1551/124/1546 1552/128/1547
f 1530/102/1525 1529/101/1524 1544/126/1539 1545/129/1540
f 1538/104/1533 1537/103/1532 1552/128/1547 1553/130/1548
f 1531/105/1526 1530/102/1525 1545/129/1540 1546/131/1541
f 1539/106/1534 1538/104/1533 1553/130/1548 1554/132/1549
f 1532/107/1527 1531/105/1526 1546/131/1541 1547/133/1542
f 1540/108/1535 1539/106/1534 1554/132/1549 1555/134/1550
f 1533/109/1528 1532/107/1527 1547/133/1542 1548/118/1543
f 1541/110/1536 1540/108/1535 1555/134/1550 1556/120/1551
f 1553/130/1548 1552/128/1547 1567/135/1562 1568/136/1563
f 1546/131/1541 1545/129/1540 1560/137/1555 1561/138/1556
f 1554/132/1549 1553/130/1548 1568/136/1563 1569/139/1564
f 1547/133/1542 1546/131/1541 1561/138/1556 1562/140/1557
f 1555/134/1550 1554/132/1549 1569/139/1564 1570/141/1565
f 1548/118/1543 1547/133/1542 1562/140/1557 1563/142/1558
f 1556/120/1551 1555/134/1550 1570/141/1565 1571/143/1566
f 1549/119/1544 1548/118/1543 1563/142/1558 1564/144/1559
f 1557/121/1552 1556/120/1551 1571/143/1566 1572/145/1567
f 1550/122/1545 1549/119/1544 1564/144/1559 1565/146/1560
f 1558/123/1553 1557/121/1552 1572/145/1567 1573/147/1568
f 1551/124/1546 1550/122/1545 1565/146/1560 1566/148/1561
f 1544/126/1539 1528/149/361 1559/150/1554
f 1754/151/120 1558/123/1553 1573/147/1568
f 1552/128/1547 1551/124/1546 1566/148/1561 1567/135/1562
f 1545/129/1540 1544/126/1539 1559/150/1554 1560/137/1555
f 1572/145/1567 1571/143/1566 1586/152/1581 1587/153/1582
f 1565/146/1560 1564/144/1559 1579/154/1574 1580/155/1575
f 1573/147/1568 1572/145/1567 1587/153/1582 1588/156/1583
f 1566/148/1561 1565/146/1560 1580/155/1575 1581/157/1576
f 1559/150/1554 1528/158/361 1574/159/1569
f 1754/160/120 1573/147/1568 1588/156/1583
f 1567/135/1562 1566/148/1561 1581/157/1576 1582/161/1577
f 1560/137/1555 1559/150/1554 1574/159/1569 1575/162/1570
f 1568/136/1563 1567/135/1562 1582/161/1577 1583/163/1578
f 1561/138/1556 1560/137/1555 1575/162/1570 1576/164/1571
f 1569/139/1564 1568/136/1563 1583/163/1578 1584/165/1579
f 1562/140/1557 1561/138/1556 1576/164/1571 1577/166/1572
f 1570/141/1565 1569/139/1564 1584/165/1579 1585/167/1580
f 1563/142/1558 1562/140/1557 1577/166/1572 1578/168/1573
f 1571/143/1566 1570/141/1565 1585/167/1580 1586/152/1581
f 1564/144/1559 1563/142/1558 1578/168/1573 1579/154/1574
f 1576/164/1571 1575/162/1570 1590/169/1585 1591/170/1586
f 1584/165/1579 1583/163/1578 1598/171/1593 1599/172/1594
f 1577/166/1572 1576/164/1571 1591/170/1586 1592/173/1587
f 1585/167/1580 1584/165/1579 1599/172/1594 1600/174/1595
f 1578/168/1573 1577/166/1572 1592/173/1587 1593/175/1588
f 1586/152/1581 1585/167/1580 1600/174/1595 1601/176/1596
f 1579/154/1574 1578/168/1573 1593/175/1588 1594/177/1589
f 1587/153/1582 1586/152/1581 1601/176/1596 1602/178/1597
f 1580/155/1575 1579/154/1574 1594/177/1589 1595/179/1590
f 1588/156/1583 1587/153/1582 1602/178/1597 1603/180/1598
f 1581/157/1576 1580/155/1575 1595/179/1590 1596/181/1591
f 1574/159/1569 1528/182/361 1589/183/1584
f 1754/184/120 1588/156/1583 1603/180/1598
f 1582/161/1577 1581/157/1576 1596/181/1591 1597/185/1592
f 1575/162/1570 1574/159/1569 1589/183/1584 1590/169/1585
f 1583/163/1578 1582/161/1577 1597/185/1592 1598/171/1593
f 1595/179/1590 1594/177/1589 1609/186/1604 1610/187/1605
f 1603/180/1598 1602/178/1597 1617/188/1612 1618/189/1613
f 1596/181/1591 1595/179/1590 1610/187/1605 1611/190/1606
f 1589/183/1584 1528/191/361 1604/192/1599
f 1754/193/120 1603/180/1598 1618/189/1613
f 1597/185/1592 1596/181/1591 1611/190/1606 1612/194/1607
f 1590/169/1585 1589/183/1584 1604/192/1599 1605/195/1600
f 1598/171/1593 1597/185/1592 1612/194/1607 1613/196/1608
f 1591/170/1586 1590/169/1585 1605/195/1600 1606/197/1601
f 1599/172/1594 1598/171/1593 1613/196/1608 1614/198/1609
f 1592/173/1587 1591/170/1586 1606/197/1601 1607/199/1602
f 1600/174/1595 1599/172/1594 1614/198/1609 1615/200/1610
f 1593/175/1588 1592/173/1587 1607/199/1602 1608/201/1603
f 1601/176/1596 1600/174/1595 1615/200/1610 1616/202/1611
f 1594/177/1589 1593/175/1588 1608/201/1603 1609/186/1604
f 1602/178/1597 1601/176/1596 1616/202/1611 1617/188/1612
f 1614/198/1609 1613/196/1608 1628/203/1623 1629/204/1624
f 1607/199/1602 1606/197/1601 1621/205/1616 1622/206/1617
f 1615/200/1610 1614/198/1609 1629/204/1624 1630/207/1625
f 1608/201/1603 1607/199/1602 1622/206/1617 1623/208/1618
f 1616/202/1611 1615/200/1610 1630/207/1625 1631/209/1626
f 1609/186/1604 1608/201/1603 1623/208/1618 1624/210/1619
f 1617/188/1612 1616/202/1611 1631/209/1626 1632/211/1627
f 1610/187/1605 1609/186/1604 1624/210/1619 1625/212/1620
f 1618/189/1613 1617/188/1612 1632/211/1627 1633/213/1628
f 1611/190/1606 1610/187/1605 1625/212/1620 1626/214/1621
f 1604/192/1599 1528/215/361 1619/216/1614
f 1754/217/120 1618/189/1613 1633/213/1628
f 1612/194/1607 1611/190/1606 1626/214/1621 1627/218/1622
f 1605/195/1600 1604/192/1599 1619/216/1614 1620/219/1615
f 1613/196/1608 1612/194/1607 1627/218/1622 1628/203/1623
f 1606/197/1601 1605/195/1600 1620/219/1615 1621/205/1616
f 1633/213/1628 1632/211/1627 1647/220/1642 1648/221/1643
f 1626/214/1621 1625/212/1620 1640/222/1635 1641/223/1636
f 1619/216/1614 1528/224/361 1634/225/1629
f 1754/226/120 1633/213/1628 1648/221/1643
f 1627/218/1622 1626/214/1621 1641/223/1636 1642/227/1637
f 1620/219/1615 1619/216/1614 1634/225/1629 1635/228/1630
f 1628/203/1623 1627/218/1622 1642/227/1637 1643/229/1638
f 1621/205/1616 1620/219/1615 1635/228/1630 1636/230/1631
f 1629/204/1624 1628/203/1623 1643/229/1638 1644/231/1639
f 1622/206/1617 1621/205/1616 1636/230/1631 1637/232/1632
f 1630/207/1625 1629/204/1624 1644/231/1639 1645/233/1640
f 1623/208/1618 1622/206/1617 1637/232/1632 1638/234/1633
f 1631/209/1626 1630/207/1625 1645/233/1640 1646/235/1641
f 1624/210/1619 1623/208/1618 1638/234/1633 1639/236/1634
f 1632/211/1627 1631/209/1626 1646/235/1641 1647/220/1642
f 1625/212/1620 1624/210/1619 1639/236/1634 1640/222/1635
f 1645/233/1640 1644/231/1639 1659/237/1654 1660/238/1655
f 1638/234/1633 1637/232/1632 1652/239/1647 1653/240/1648
f 1646/235/1641 1645/233/1640 1660/238/1655 1661/241/1656
f 1639/236/1634 1638/234/1633 1653/240/1648 1654/242/1649
f 1647/220/1642 1646/235/1641 1661/241/1656 1662/243/1657
f 1640/222/1635 1639/236/1634 1654/242/1649 1655/244/1650
f 1648/221/1643 1647/220/1642 1662/243/1657 1663/245/1658
f 1641/223/1636 1640/222/1635 1655/244/1650 1656/246/1651
f 1634/225/1629 1528/247/361 1649/248/1644
f 1754/249/120 1648/221/1643 1663/245/1658
f 1642/227/1637 1641/223/1636 1656/246/1651 1657/250/1652
f 1635/228/1630 1634/225/1629 1649/248/1644 1650/251/1645
f 1643/229/1638 1642/227/1637 1657/250/1652 1658/252/1653
f 1636/230/1631 1635/228/1630 1650/251/1645 1651/253/1646
f 1644/231/1639 1643/229/1638 1658/252/1653 1659/237/1654
f 1637/232/1632 1636/230/1631 1651/253/1646 1652/239/1647
f 1649/248/1644 1528/254/361 1664/255/1659
f 1754/256/120 1663/245/1658 1678/257/1673
f 1657/250/1652 1656/246/1651 1671/258/1666 1672/259/1667
f 1650/251/1645 1649/248/1644 1664/255/1659 1665/260/1660
f 1658/252/1653 1657/250/1652 1672/259/1667 1673/261/1668
f 1651/253/1646 1650/251/1645 1665/260/1660 1666/262/1661
f 1659/237/1654 1658/252/1653 1673/261/1668 1674/263/1669
f 1652/239/1647 1651/253/1646 1666/262/1661 1667/264/1662
f 1660/238/1655 1659/237/1654 1674/263/1669 1675/265/1670
f 1653/240/1648 1652/239/1647 1667/264/1662 1668/266/1663
f 1661/241/1656 1660/238/1655 1675/265/1670 1676/267/1671
f 1654/242/1649 1653/240/1648 1668/266/1663 1669/268/1664
f 1662/243/1657 1661/241/1656 1676/267/1671 1677/269/1672
f 1655/244/1650 1654/242/1649 1669/268/1664 1670/270/1665
f 1663/245/1658 1662/243/1657 1677/269/1672 1678/257/1673
f 1656/246/1651 1655/244/1650 1670/270/1665 1671/258/1666
f 1668/266/1663 1667/264/1662 1682/271/1677 1683/272/1678
f 1676/267/1671 1675/265/1670 1690/273/1685 1691/274/1686
f 1669/268/1664 1668/266/1663 1683/272/1678 1684/275/1679
f 1677/269/1672 1676/267/1671 1691/274/1686 1692/276/1687
f 1670/270/1665 1669/268/1664 1684/275/1679 1685/277/1680
f 1678/257/1673 1677/269/1672 1692/276/1687 1693/278/1688
f 1671/258/1666 1670/270/1665 1685/277/1680 1686/279/1681
f 1664/255/1659 1528/280/361 1679/281/1674
f 1754/282/120 1678/257/1673 1693/278/1688
f 1672/259/1667 1671/258/1666 1686/279/1681 1687/283/1682
f 1665/260/1660 1664/255/1659 1679/281/1674 1680/284/1675
f 1673/261/1668 1672/259/1667 1687/283/1682 1688/285/1683
f 1666/262/1661 1665/260/1660 1680/284/1675 1681/286/1676
f 1674/263/1669 1673/261/1668 1688/285/1683 1689/287/1684
f 1667/264/1662 1666/262/1661 1681/286/1676 1682/271/1677
f 1675/265/1670 1674/263/1669 1689/287/1684 1690/273/1685
f 1687/283/1682 1686/279/1681 1701/288/1696 1702/289/1697
f 1680/284/1675 1679/281/1674 1694/290/1689 1695/291/1690
f 1688/285/1683 1687/283/1682 1702/289/1697 1703/292/1698
f 1681/286/1676 1680/284/1675 1695/291/1690 1696/293/1691
f 1689/287/1684 1688/285/1683 1703/292/1698 1704/294/1699
f 1682/271/1677 1681/286/1676 1696/293/1691 1697/295/1692
f 1690/273/1685 1689/287/1684 1704/294/1699 1705/296/1700
f 1683/272/1678 1682/271/1677 1697/295/1692 1698/297/1693
f 1691/274/1686 1690/273/1685 1705/296/1700 1706/298/1701
f 1684/275/1679 1683/272/1678 1698/297/1693 1699/299/1694
f 1692/276/1687 1691/274/1686 1706/298/1701 1707/300/1702
f 1685/277/1680 1684/275/1679 1699/299/1694 1700/301/1695
f 1693/278/1688 1692/276/1687 1707/300/1702 1708/302/1703
f 1686/279/1681 1685/277/1680 1700/301/1695 1701/288/1696
f 1679/281/1674 1528/303/361 1694/290/1689
f 1754/304/120 1693/278/1688 1708/302/1703
f 1706/298/1701 1705/296/1700 1720/305/1715 1721/306/1716
f 1699/299/1694 1698/297/1693 1713/307/1708 1714/308/1709
f 1707/300/1702 1706/298/1701 1721/306/1716 1722/309/1717
f 1700/301/1695 1699/299/1694 1714/308/1709 1715/310/1710
f 1708/302/1703 1707/300/1702 1722/309/1717 1723/311/1718
f 1701/288/1696 1700/301/1695 1715/310/1710 1716/312/1711
f 1694/290/1689 1528/313/361 1709/314/1704
f 1754/315/120 1708/302/1703 1723/311/1718
f 1702/289/1697 1701/288/1696 1716/312/1711 1717/316/1712
f 1695/291/1690 1694/290/1689 1709/314/1704 1710/317/1705
f 1703/292/1698 1702/289/1697 1717/316/1712 1718/318/1713
f 1696/293/1691 1695/291/1690 1710/317/1705 1711/319/1706
f 1704/294/1699 1703/292/1698 1718/318/1713 1719/320/1714
f 1697/295/1692 1696/293/1691 1711/319/1706 1712/321/1707
f 1705/296/1700 1704/294/1699 1719/320/1714 1720/305/1715
f 1698/297/1693 1697/295/1692 1712/321/1707 1713/307/1708
f 1710/317/1705 1709/314/1704 1724/322/1719 1725/323/1720
f 1718/318/1713 1717/316/1712 1732/324/1727 1733/325/1728
f 1711/319/1706 1710/317/1705 1725/323/1720 1726/326/1721
f 1719/320/1714 1718/318/1713 1733/325/1728 1734/327/1729
f 1712/321/1707 1711/319/1706 1726/326/1721 1727/328/1722
f 1720/305/1715 1719/320/1714 1734/327/1729 1735/329/1730
f 1713/307/1708 1712/321/1707 1727/328/1722 1728/330/1723
f 1721/306/1716 1720/305/1715 1735/329/1730 1736/331/1731
f 1714/308/1709 1713/307/1708 1728/330/1723 1729/332/1724
f 1722/309/1717 1721/306/1716 1736/331/1731 1737/333/1732
f 1715/310/1710 1714/308/1709 1729/332/1724 1730/334/1725
f 1723/311/1718 1722/309/1717 1737/333/1732 1738/335/1733
f 1716/312/1711 1715/310/1710 1730/334/1725 1731/336/1726
f 1709/314/1704 1528/337/361 1724/322/1719
f 1754/338/120 1723/311/1718 1738/335/1733
f 1717/316/1712 1716/312/1711 1731/336/1726 1732/324/1727
f 1729/332/1724 1728/330/1723 1743/339/1738 1744/340/1739
f 1737/333/1732 1736/331/1731 1751/341/1746 1752/342/1747
f 1730/334/1725 1729/332/1724 1744/340/1739 1745/343/1740
f 1738/335/1733 1737/333/1732 1752/342/1747 1753/344/1748
f 1731/336/1726 1730/334/1725 1745/343/1740 1746/345/1741
f 1724/322/1719 1528/346/361 1739/347/1734
f 1754/348/120 1738/335/1733 1753/344/1748
f 1732/324/1727 1731/336/1726 1746/345/1741 1747/349/1742
f 1725/323/1720 1724/322/1719 1739/347/1734 1740/350/1735
f 1733/325/1728 1732/324/1727 1747/349/1742 1748/351/1743
f 1726/326/1721 1725/323/1720 1740/350/1735 1741/352/1736
f 1734/327/1729 1733/325/1728 1748/351/1743 1749/353/1744
f 1727/328/1722 1726/326/1721 1741/352/1736 1742/354/1737
f 1735/329/1730 1734/327/1729 1749/353/1744 1750/355/1745
f 1728/330/1723 1727/328/1722 1742/354/1737 1743/339/1738
f 1736/331/1731 1735/329/1730 1750/355/1745 1751/341/1746
f 1748/351/1743 1747/349/1742 1763/356/1757 1764/357/1758
f 1741/352/1736 1740/350/1735 1756/358/1750 1757/359/1751
f 1749/353/1744 1748/351/1743 1764/357/1758 1765/360/1759
f 1742/354/1737 1741/352/1736 1757/359/1751 1758/361/1752
f 1750/355/1745 1749/353/1744 1765/360/1759 1766/362/1760
f 1743/339/1738 1742/354/1737 1758/361/1752 1759/363/1753
f 1751/341/1746 1750/355/1745 1766/362/1760 1767/364/1761
f 1744/340/1739 1743/339/1738 1759/363/1753 1760/365/1754
f 1752/342/1747 1751/341/1746 1767/364/1761 1768/366/1762
f 1745/343/1740 1744/340/1739 1760/365/1754 1761/367/1755
f 1753/344/1748 1752/342/1747 1768/366/1762 1769/368/1763
f 1746/345/1741 1745/343/1740 1761/367/1755 1762/369/1756
f 1739/347/1734 1528/370/361 1755/371/1749
f 1754/372/120 1753/344/1748 1769/368/1763
f 1747/349/1742 1746/345/1741 1762/369/1756 1763/356/1757
f 1740/350/1735 1739/347/1734 1755/371/1749 1756/358/1750
f 1768/366/1762 1767/364/1761 1782/373/1776 1783/374/1777
f 1761/367/1755 1760/365/1754 1775/375/1769 1776/376/1770
f 1769/368/1763 1768/366/1762 1783/374/1777 1784/377/1778
f 1762/369/1756 1761/367/1755 1776/376/1770 1777/378/1771
f 1755/371/1749 1528/379/361 1770/380/1764
f 1754/381/120 1769/368/1763 1784/377/1778
f 1763/356/1757 1762/369/1756 1777/378/1771 1778/382/1772
f 1756/358/1750 1755/371/1749 1770/380/1764 1771/383/1765
f 1764/357/1758 1763/356/1757 1778/382/1772 1779/384/1773
f 1757/359/1751 1756/358/1750 1771/383/1765 1772/385/1766
f 1765/360/1759 1764/357/1758 1779/384/1773 1780/386/1774
f 1758/361/1752 1757/359/1751 1772/385/1766 1773/387/1767
f 1766/362/1760 1765/360/1759 1780/386/1774 1781/388/1775
f 1759/363/1753 1758/361/1752 1773/387/1767 1774/389/1768
f 1767/364/1761 1766/362/1760 1781/388/1775 1782/373/1776
f 1760/365/1754 1759/363/1753 1774/389/1768 1775/375/1769
f 1780/386/1774 1779/384/1773 1794/390/1788 1795/391/1789
f 1773/387/1767 1772/385/1766 1787/392/1781 1788/393/1782
f 1781/388/1775 1780/386/1774 1795/391/1789 1796/394/1790
f 1774/389/1768 1773/387/1767 1788/393/1782 1789/395/1783
f 1782/373/1776 1781/388/1775 1796/394/1790 1797/396/1791
f 1775/375/1769 1774/389/1768 1789/395/1783 1790/397/1784
f 1783/374/1777 1782/373/1776 1797/396/1791 1798/398/1792
f 1776/376/1770 1775/375/1769 1790/397/1784 1791/399/1785
f 1784/377/1778 1783/374/1777 1798/398/1792 1799/400/1793
f 1777/378/1771 1776/376/1770 1791/399/1785 1792/401/1786
f 1770/380/1764 1528/402/361 1785/403/1779
f 1754/404/120 1784/377/1778 1799/400/1793
f 1778/382/1772 1777/378/1771 1792/401/1786 1793/405/1787
f 1771/383/1765 1770/380/1764 1785/403/1779 1786/406/1780
f 1779/384/1773 1778/382/1772 1793/405/1787 1794/390/1788
f 1772/385/1766 1771/383/1765 1786/406/1780 1787/392/1781
f 1799/400/1793 1798/398/1792 1813/407/1807 1814/408/1808
f 1792/401/1786 1791/399/1785 1806/409/1800 1807/410/1801
f 1785/403/1779 1528/411/361 1800/412/1794
f 1754/413/120 1799/400/1793 1814/408/1808
f 1793/405/1787 1792/401/1786 1807/410/1801 1808/414/1802
f 1786/406/1780 1785/403/1779 1800/412/1794 1801/415/1795
f 1794/390/1788 1793/405/1787 1808/414/1802 1809/416/1803
f 1787/392/1781 1786/406/1780 1801/415/1795 1802/417/1796
f 1795/391/1789 1794/390/1788 1809/416/1803 1810/418/1804
f 1788/393/1782 1787/392/1781 1802/417/1796 1803/419/1797
f 1796/394/1790 1795/391/1789 1810/418/1804 1811/420/1805
f 1789/395/1783 1788/393/1782 1803/419/1797 1804/421/1798
f 1797/396/1791 1796/394/1790 1811/420/1805 1812/422/1806
f 1790/397/1784 1789/395/1783 1804/421/1798 1805/423/1799
f 1798/398/1792 1797/396/1791 1812/422/1806 1813/407/1807
f 1791/399/1785 1790/397/1784 1805/423/1799 1806/409/1800
f 1803/424/1797 1802/425/1796 1817/426/1811 1818/427/1812
f 1811/428/1805 1810/429/1804 1825/430/1819 1826/431/1820
f 1804/432/1798 1803/424/1797 1818/427/1812 1819/433/1813
f 1812/434/1806 1811/428/1805 1826/431/1820 1827/435/1821
f 1805/436/1799 1804/432/1798 1819/433/1813 1820/437/1814
f 1813/438/1807 1812/434/1806 1827/435/1821 1828/439/1822
f 1806/440/1800 1805/436/1799 1820/437/1814 1821/441/1815
f 1814/442/1808 1813/438/1807 1828/439/1822 1829/443/1823
f 1807/444/1801 1806/440/1800 1821/441/1815 1822/445/1816
f 1800/446/1794 1528/447/361 1815/448/1809
f 1754/449/120 1814/442/1808 1829/443/1823
f 1808/450/1802 1807/444/1801 1822/445/1816 1823/451/1817
f 1801/452/1795 1800/446/1794 1815/448/1809 1816/453/1810
f 1809/454/1803 1808/450/1802 1823/451/1817 1824/455/1818
f 1802/425/1796 1801/452/1795 1816/453/1810 1817/426/1811
f 1810/429/1804 1809/454/1803 1824/455/1818 1825/430/1819
f 1822/445/1816 1821/441/1815 1836/456/1830 1837/457/1831
f 1815/448/1809 1528/458/361 1830/459/1824
f 1754/460/120 1829/443/1823 1844/461/1838
f 1823/451/1817 1822/445/1816 1837/457/1831 1838/462/1832
f 1816/453/1810 1815/448/1809 1830/459/1824 1831/463/1825
f 1824/455/1818 1823/451/1817 1838/462/1832 1839/464/1833
f 1817/426/1811 1816/453/1810 1831/463/1825 1832/465/1826
f 1825/430/1819 1824/455/1818 1839/464/1833 1840/466/1834
f 1818/427/1812 1817/426/1811 1832/465/1826 1833/467/1827
f 1826/431/1820 1825/430/1819 1840/466/1834 1841/468/1835
f 1819/433/1813 1818/427/1812 1833/467/1827 1834/469/1828
f 1827/435/1821 1826/431/1820 1841/468/1835 1842/470/1836
f 1820/437/1814 1819/433/1813 1834/469/1828 1835/471/1829
f 1828/439/1822 1827/435/1821 1842/470/1836 1843/472/1837
f 1821/441/1815 1820/437/1814 1835/471/1829 1836/456/1830
f 1829/443/1823 1828/439/1822 1843/472/1837 1844/461/1838
f 1841/468/1835 1840/466/1834 1855/473/1849 1856/474/1850
f 1834/469/1828 1833/467/1827 1848/475/1842 1849/476/1843
f 1842/470/1836 1841/468/1835 1856/474/1850 1857/477/1851
f 1835/471/1829 1834/469/1828 1849/476/1843 1850/478/1844
f 1843/472/1837 1842/470/1836 1857/477/1851 1858/479/1852
f 1836/456/1830 1835/471/1829 1850/478/1844 1851/480/1845
f 1844/461/1838 1843/472/1837 1858/479/1852 1859/481/1853
f 1837/457/1831 1836/456/1830 1851/480/1845 1852/482/1846
f 1830/459/1824 1528/483/361 1845/484/1839
f 1754/485/120 1844/461/1838 1859/481/1853
f 1838/462/1832 1837/457/1831 1852/482/1846 1853/486/1847
f 1831/463/1825 1830/459/1824 1845/484/1839 1846/487/1840
f 1839/464/1833 1838/462/1832 1853/486/1847 1854/488/1848
f 1832/465/1826 1831/463/1825 1846/487/1840 1847/489/1841
f 1840/466/1834 1839/464/1833 1854/488/1848 1855/473/1849
f 1833/467/1827 1832/465/1826 1847/489/1841 1848/475/1842
f 1845/484/1839 1528/490/361 1860/491/1854
f 1754/492/120 1859/481/1853 1874/493/1868
f 1853/486/1847 1852/482/1846 1867/494/1861 1868/495/1862
f 1846/487/1840 1845/484/1839 1860/491/1854 1861/496/1855
f 1854/488/1848 1853/486/1847 1868/495/1862 1869/497/1863
f 1847/489/1841 1846/487/1840 1861/496/1855 1862/498/1856
f 1855/473/1849 1854/488/1848 1869/497/1863 1870/499/1864
f 1848/475/1842 1847/489/1841 1862/498/1856 1863/500/1857
f 1856/474/1850 1855/473/1849 1870/499/1864 1871/501/1865
f 1849/476/1843 1848/475/1842 1863/500/1857 1864/502/1858
f 1857/477/1851 1856/474/1850 1871/501/1865 1872/503/1866
f 1850/478/1844 1849/476/1843 1864/502/1858 1865/504/1859
f 1858/479/1852 1857/477/1851 1872/503/1866 1873/505/1867
f 1851/480/1845 1850/478/1844 1865/504/1859 1866/506/1860
f 1859/481/1853 1858/479/1852 1873/505/1867 1874/493/1868
f 1852/482/1846 1851/480/1845 1866/506/1860 1867/494/1861
f 1864/502/1858 1863/500/1857 1878/507/1872 1879/508/1873
f 1872/503/1866 1871/501/1865 1886/509/1880 1887/510/1881
f 1865/504/1859 1864/502/1858 1879/508/1873 1880/511/1874
f 1873/505/1867 1872/503/1866 1887/510/1881 1888/512/1882
f 1866/506/1860 1865/504/1859 1880/511/1874 1881/513/1875
f 1874/493/1868 1873/505/1867 1888/512/1882 1889/514/1883
f 1867/494/1861 1866/506/1860 1881/513/1875 1882/515/1876
f 1860/491/1854 1528/516/361 1875/517/1869
f 1754/518/120 1874/493/1868 1889/514/1883
f 1868/495/1862 1867/494/1861 1882/515/1876 1883/519/1877
f 1861/496/1855 1860/491/1854 1875/517/1869 1876/520/1870
f 1869/497/1863 1868/495/1862 1883/519/1877 1884/521/1878
f 1862/498/1856 1861/496/1855 1876/520/1870 1877/522/1871
f 1870/499/1864 1869/497/1863 1884/521/1878 1885/523/1879
f 1863/500/1857 1862/498/1856 1877/522/1871 1878/507/1872
f 1871/501/1865 1870/499/1864 1885/523/1879 1886/509/1880
f 1883/519/1877 1882/515/1876 1897/524/1891 1898/525/1892
f 1876/520/1870 1875/517/1869 1890/526/1884 1891/527/1885
f 1884/521/1878 1883/519/1877 1898/525/1892 1899/528/1893
f 1877/522/1871 1876/520/1870 1891/527/1885 1892/529/1886
f 1885/523/1879 1884/521/1878 1899/528/1893 1900/530/1894
f 1878/507/1872 1877/522/1871 1892/529/1886 1893/531/1887
f 1886/509/1880 1885/523/1879 1900/530/1894 1901/532/1895
f 1879/508/1873 1878/507/1872 1893/531/1887 1894/533/1888
f 1887/510/1881 1886/509/1880 1901/532/1895 1902/534/1896
f 1880/511/1874 1879/508/1873 1894/533/1888 1895/535/1889
f 1888/512/1882 1887/510/1881 1902/534/1896 1903/536/1897
f 1881/513/1875 1880/511/1874 1895/535/1889 1896/537/1890
f 1889/514/1883 1888/512/1882 1903/536/1897 1904/538/1898
f 1882/515/1876 1881/513/1875 1896/537/1890 1897/524/1891
f 1875/517/1869 1528/539/361 1890/526/1884
f 1754/540/120 1889/514/1883 1904/538/1898
f 1902/534/1896 1901/532/1895 1916/541/1910 1917/542/1911
f 1895/535/1889 1894/533/1888 1909/543/1903 1910/544/1904
f 1903/536/1897 1902/534/1896 1917/542/1911 1918/545/1912
f 1896/537/1890 1895/535/1889 1910/544/1904 1911/546/1905
f 1904/538/1898 1903/536/1897 1918/545/1912 1919/547/1913
f 1897/524/1891 1896/537/1890 1911/546/1905 1912/548/1906
f 1890/526/1884 1528/549/361 1905/550/1899
f 1754/551/120 1904/538/1898 1919/547/1913
f 1898/525/1892 1897/524/1891 1912/548/1906 1913/552/1907
f 1891/527/1885 1890/526/1884 1905/550/1899 1906/553/1900
f 1899/528/1893 1898/525/1892 1913/552/1907 1914/554/1908
f 1892/529/1886 1891/527/1885 1906/553/1900 1907/555/1901
f 1900/530/1894 1899/528/1893 1914/554/1908 1915/556/1909
f 1893/531/1887 1892/529/1886 1907/555/1901 1908/557/1902
f 1901/532/1895 1900/530/1894 1915/556/1909 1916/541/1910
f 1894/533/1888 1893/531/1887 1908/557/1902 1909/543/1903
f 1914/554/1908 1913/552/1907 1451/6/1447 1924/5/1918
f 1907/555/1901 1906/553/1900 1921/1/1915 1447/9/1443
f 1915/556/1909 1914/554/1908 1924/5/1918 1452/11/1448
f 1908/557/1902 1907/555/1901 1447/9/1443 1922/13/1916
f 1916/541/1910 1915/556/1909 1452/11/1448 1925/15/1919
f 1909/543/1903 1908/557/1902 1922/13/1916 1448/17/1444
f 1917/542/1911 1916/541/1910 1925/15/1919 1926/19/1920
f 1910/544/1904 1909/543/1903 1448/17/1444 1923/21/1917
f 1918/545/1912 1917/542/1911 1926/19/1920 1927/23/1921
f 1911/546/1905 1910/544/1904 1923/21/1917 1449/25/1445
f 1919/547/1913 1918/545/1912 1927/23/1921 1928/27/1922
f 1912/548/1906 1911/546/1905 1449/25/1445 1450/29/1446
f 1905/550/1899 1528/558/361 1920/2/1914
f 1754/559/120 1919/547/1913 1928/27/1922
f 1913/552/1907 1912/548/1906 1450/29/1446 1451/6/1447
f 1906/553/1900 1905/550/1899 1920/2/1914 1921/1/1915
f 2403/1/2395 1936/4/1930 1935/3/1929 2402/2/2394
f 2406/5/2398 1944/8/1938 1943/7/1937 1933/6/1927
f 1929/9/1923 1937/10/1931 1936/4/1930 2403/1/2395
f 1934/11/1928 1945/12/1939 1944/8/1938 2406/5/2398
f 2404/13/2396 1938/14/1932 1937/10/1931 1929/9/1923
f 2407/15/2399 1946/16/1940 1945/12/1939 1934/11/1928
f 1930/17/1924 1939/18/1933 1938/14/1932 2404/13/2396
f 2408/19/2400 1947/20/1941 1946/16/1940 2407/15/2399
f 2405/21/2397 1940/22/1934 1939/18/1933 1930/17/1924
f 2409/23/2401 1948/24/1942 1947/20/1941 2408/19/2400
f 1931/25/1925 1941/26/1935 1940/22/1934 2405/21/2397
f 2410/27/2402 1949/28/1943 1948/24/1942 2409/23/2401
f 1932/29/1926 1942/30/1936 1941/26/1935 1931/25/1925
f 2402/2/2394 1935/3/1929 2010/31/120
f 2236/32/361 1949/28/1943 2410/27/2402
f 1933/6/1927 1943/7/1937 1942/30/1936 1932/29/1926
f 1942/30/1936 1957/34/1951 1956/33/1950 1941/26/1935
f 1935/3/1929 1950/36/1944 2010/35/120
f 2236/37/361 1964/38/1958 1949/28/1943
f 1943/7/1937 1958/39/1952 1957/34/1951 1942/30/1936
f 1936/4/1930 1951/40/1945 1950/36/1944 1935/3/1929
f 1944/8/1938 1959/41/1953 1958/39/1952 1943/7/1937
f 1937/10/1931 1952/42/1946 1951/40/1945 1936/4/1930
f 1945/12/1939 1960/43/1954 1959/41/1953 1944/8/1938
f 1938/14/1932 1953/44/1947 1952/42/1946 1937/10/1931
f 1946/16/1940 1961/45/1955 1960/43/1954 1945/12/1939
f 1939/18/1933 1954/46/1948 1953/44/1947 1938/14/1932
f 1947/20/1941 1962/47/1956 1961/45/1955 1946/16/1940
f 1940/22/1934 1955/48/1949 1954/46/1948 1939/18/1933
f 1948/24/1942 1963/49/1957 1962/47/1956 1947/20/1941
f 1941/26/1935 1956/33/1950 1955/48/1949 1940/22/1934
f 1949/28/1943 1964/38/1958 1963/49/1957 1948/24/1942
f 1961/45/1955 1976/51/1970 1975/50/1969 1960/43/1954
f 1954/46/1948 1969/53/1963 1968/52/1962 1953/44/1947
f 1962/47/1956 1977/54/1971 1976/51/1970 1961/45/1955
f 1955/48/1949 1970/55/1964 1969/53/1963 1954/46/1948
f 1963/49/1957 1978/56/1972 1977/54/1971 1962/47/1956
f 1956/33/1950 1971/57/1965 1970/55/1964 1955/48/1949
f 1964/38/1958 1979/58/1973 1978/56/1972 1963/49/1957
f 1957/34/1951 1972/59/1966 1971/57/1965 1956/33/1950
f 1950/36/1944 1965/61/1959 2010/60/120
f 2236/62/361 1979/58/1973 1964/38/1958
f 1958/39/1952 1973/63/1967 1972/59/1966 1957/34/1951
f 1951/40/1945 1966/64/1960 1965/61/1959 1950/36/1944
f 1959/41/1953 1974/65/1968 1973/63/1967 1958/39/1952
f 1952/42/1946 1967/66/1961 1966/64/1960 1951/40/1945
f 1960/43/1954 1975/50/1969 1974/65/1968 1959/41/1953
f 1953/44/1947 1968/52/1962 1967/66/1961 1952/42/1946
f 2236/67/361 1994/68/1988 1979/58/1973
f 1973/63/1967 1988/70/1982 1987/69/1981 1972/59/1966
f 1966/64/1960 1981/72/1975 1980/71/1974 1965/61/1959
f 1974/65/1968 1989/73/1983 1988/70/1982 1973/63/1967
f 1967/66/1961 1982/74/1976 1981/72/1975 1966/64/1960
f 1975/50/1969 1990/75/1984 1989/73/1983 1974/65/1968
f 1968/52/1962 1983/76/1977 1982/74/1976 1967/66/1961
f 1976/51/1970 1991/77/1985 1990/75/1984 1975/50/1969
f 1969/53/1963 1984/78/1978 1983/76/1977 1968/52/1962
f 1977/54/1971 1992/79/1986 1991/77/1985 1976/51/1970
f 1970/55/1964 1985/80/1979 1984/78/1978 1969/53/1963
f 1978/56/1972 1993/81/1987 1992/79/1986 1977/54/1971
f 1971/57/1965 1986/82/1980 1985/80/1979 1970/55/1964
f 1979/58/1973 1994/68/1988 1993/81/1987 1978/56/1972
f 1972/59/1966 1987/69/1981 1986/82/1980 1971/57/1965
f 1965/61/1959 1980/71/1974 2010/83/120
f 1992/79/1986 2007/85/2001 2006/84/2000 1991/77/1985
f 1985/80/1979 2000/87/1994 1999/86/1993 1984/78/1978
f 1993/81/1987 2008/88/2002 2007/85/2001 1992/79/1986
f 1986/82/1980 2001/89/1995 2000/87/1994 1985/80/1979
f 1994/68/1988 2009/90/2003 2008/88/2002 1993/81/1987
f 1987/69/1981 2002/91/1996 2001/89/1995 1986/82/1980
f 1980/71/1974 1995/93/1989 2010/92/120
f 2236/94/361 2009/90/2003 1994/68/1988
f 1988/70/1982 2003/95/1997 2002/91/1996 1987/69/1981
f 1981/72/1975 1996/96/1990 1995/93/1989 1980/71/1974
f 1989/73/1983 2004/97/1998 2003/95/1997 1988/70/1982
f 1982/74/1976 1997/98/1991 1996/96/1990 1981/72/1975
f 1990/75/1984 2005/99/1999 2004/97/1998 1989/73/1983
f 1983/76/1977 1998/100/1992 1997/98/1991 1982/74/1976
f 1991/77/1985 2006/84/2000 2005/99/1999 1990/75/1984
f 1984/78/1978 1999/86/1993 1998/100/1992 1983/76/1977
f 1996/96/1990 2012/102/2005 2011/101/2004 1995/93/1989
f 2004/97/1998 2020/104/2013 2019/103/2012 2003/95/1997
f 1997/98/1991 2013/105/2006 2012/102/2005 1996/96/1990
f 2005/99/1999 2021/106/2014 2020/104/2013 2004/97/1998
f 1998/100/1992 2014/107/2007 2013/105/2006 1997/98/1991
f 2006/84/2000 2022/108/2015 2021/106/2014 2005/99/1999
f 1999/86/1993 2015/109/2008 2014/107/2007 1998/100/1992
f 2007/85/2001 2023/110/2016 2022/108/2015 2006/84/2000
f 2000/87/1994 2016/111/2009 2015/109/2008 1999/86/1993
f 2008/88/2002 2024/112/2017 2023/110/2016 2007/85/2001
f 2001/89/1995 2017/113/2010 2016/111/2009 2000/87/1994
f 2009/90/2003 2025/114/2018 2024/112/2017 2008/88/2002
f 2002/91/1996 2018/115/2011 2017/113/2010 2001/89/1995
f 1995/93/1989 2011/101/2004 2010/116/120
f 2236/117/361 2025/114/2018 2009/90/2003
f 2003/95/1997 2019/103/2012 2018/115/2011 2002/91/1996
f 2016/111/2009 2031/119/2024 2030/118/2023 2015/109/2008
f 2024/112/2017 2039/121/2032 2038/120/2031 2023/110/2016
f 2017/113/2010 2032/122/2025 2031/119/2024 2016/111/2009
f 2025/114/2018 2040/123/2033 2039/121/2032 2024/112/2017
f 2018/115/2011 2033/124/2026 2032/122/2025 2017/113/2010
f 2011/101/2004 2026/126/2019 2010/125/120
f 2236/127/361 2040/123/2033 2025/114/2018
f 2019/103/2012 2034/128/2027 2033/124/2026 2018/115/2011
f 2012/102/2005 2027/129/2020 2026/126/2019 2011/101/2004
f 2020/104/2013 2035/130/2028 2034/128/2027 2019/103/2012
f 2013/105/2006 2028/131/2021 2027/129/2020 2012/102/2005
f 2021/106/2014 2036/132/2029 2035/130/2028 2020/104/2013
f 2014/107/2007 2029/133/2022 2028/131/2021 2013/105/2006
f 2022/108/2015 2037/134/2030 2036/132/2029 2021/106/2014
f 2015/109/2008 2030/118/2023 2029/133/2022 2014/107/2007
f 2023/110/2016 2038/120/2031 2037/134/2030 2022/108/2015
f 2035/130/2028 2050/136/2043 2049/135/2042 2034/128/2027
f 2028/131/2021 2043/138/2036 2042/137/2035 2027/129/2020
f 2036/132/2029 2051/139/2044 2050/136/2043 2035/130/2028
f 2029/133/2022 2044/140/2037 2043/138/2036 2028/131/2021
f 2037/134/2030 2052/141/2045 2051/139/2044 2036/132/2029
f 2030/118/2023 2045/142/2038 2044/140/2037 2029/133/2022
f 2038/120/2031 2053/143/2046 2052/141/2045 2037/134/2030
f 2031/119/2024 2046/144/2039 2045/142/2038 2030/118/2023
f 2039/121/2032 2054/145/2047 2053/143/2046 2038/120/2031
f 2032/122/2025 2047/146/2040 2046/144/2039 2031/119/2024
f 2040/123/2033 2055/147/2048 2054/145/2047 2039/121/2032
f 2033/124/2026 2048/148/2041 2047/146/2040 2032/122/2025
f 2026/126/2019 2041/150/2034 2010/149/120
f 2236/151/361 2055/147/2048 2040/123/2033
f 2034/128/2027 2049/135/2042 2048/148/2041 2033/124/2026
f 2027/129/2020 2042/137/2035 2041/150/2034 2026/126/2019
f 2054/145/2047 2069/153/2062 2068/152/2061 2053/143/2046
f 2047/146/2040 2062/155/2055 2061/154/2054 2046/144/2039
f 2055/147/2048 2070/156/2063 2069/153/2062 2054/145/2047
f 2048/148/2041 2063/157/2056 2062/155/2055 2047/146/2040
f 2041/150/2034 2056/159/2049 2010/158/120
f 2236/160/361 2070/156/2063 2055/147/2048
f 2049/135/2042 2064/161/2057 2063/157/2056 2048/148/2041
f 2042/137/2035 2057/162/2050 2056/159/2049 2041/150/2034
f 2050/136/2043 2065/163/2058 2064/161/2057 2049/135/2042
f 2043/138/2036 2058/164/2051 2057/162/2050 2042/137/2035
f 2051/139/2044 2066/165/2059 2065/163/2058 2050/136/2043
f 2044/140/2037 2059/166/2052 2058/164/2051 2043/138/2036
f 2052/141/2045 2067/167/2060 2066/165/2059 2051/139/2044
f 2045/142/2038 2060/168/2053 2059/166/2052 2044/140/2037
f 2053/143/2046 2068/152/2061 2067/167/2060 2052/141/2045
f 2046/144/2039 2061/154/2054 2060/168/2053 2045/142/2038
f 2058/164/2051 2073/170/2066 2072/169/2065 2057/162/2050
f 2066/165/2059 2081/172/2074 2080/171/2073 2065/163/2058
f 2059/166/2052 2074/173/2067 2073/170/2066 2058/164/2051
f 2067/167/2060 2082/174/2075 2081/172/2074 2066/165/2059
f 2060/168/2053 2075/175/2068 2074/173/2067 2059/166/2052
f 2068/152/2061 2083/176/2076 2082/174/2075 2067/167/2060
f 2061/154/2054 2076/177/2069 2075/175/2068 2060/168/2053
f 2069/153/2062 2084/178/2077 2083/176/2076 2068/152/2061
f 2062/155/2055 2077/179/2070 2076/177/2069 2061/154/2054
f 2070/156/2063 2085/180/2078 2084/178/2077 2069/153/2062
f 2063/157/2056 2078/181/2071 2077/179/2070 2062/155/2055
f 2056/159/2049 2071/183/2064 2010/182/120
f 2236/184/361 2085/180/2078 2070/156/2063
f 2064/161/2057 2079/185/2072 2078/181/2071 2063/157/2056
f 2057/162/2050 2072/169/2065 2071/183/2064 2056/159/2049
f 2065/163/2058 2080/171/2073 2079/185/2072 2064/161/2057
f 2077/179/2070 2092/187/2085 2091/186/2084 2076/177/2069
f 2085/180/2078 2100/189/2093 2099/188/2092 2084/178/2077
f 2078/181/2071 2093/190/2086 2092/187/2085 2077/179/2070
f 2071/183/2064 2086/192/2079 2010/191/120
f 2236/193/361 2100/189/2093 2085/180/2078
f 2079/185/2072 2094/194/2087 2093/190/2086 2078/181/2071
f 2072/169/2065 2087/195/2080 2086/192/2079 2071/183/2064
f 2080/171/2073 2095/196/2088 2094/194/2087 2079/185/2072
f 2073/170/2066 2088/197/2081 2087/195/2080 2072/169/2065
f 2081/172/2074 2096/198/2089 2095/196/2088 2080/171/2073
f 2074/173/2067 2089/199/2082 2088/197/2081 2073/170/2066
f 2082/174/2075 2097/200/2090 2096/198/2089 2081/172/2074
f 2075/175/2068 2090/201/2083 2089/199/2082 2074/173/2067
f 2083/176/2076 2098/202/2091 2097/200/2090 2082/174/2075
f 2076/177/2069 2091/186/2084 2090/201/2083 2075/175/2068
f 2084/178/2077 2099/188/2092 2098/202/2091 2083/176/2076
f 2096/198/2089 2111/204/2104 2110/203/2103 2095/196/2088
f 2089/199/2082 2104/206/2097 2103/205/2096 2088/197/2081
f 2097/200/2090 2112/207/2105 2111/204/2104 2096/198/2089
f 2090/201/2083 2105/208/2098 2104/206/2097 2089/199/2082
f 2098/202/2091 2113/209/2106 2112/207/2105 2097/200/2090
f 2091/186/2084 2106/210/2099 2105/208/2098 2090/201/2083
f 2099/188/2092 2114/211/2107 2113/209/2106 2098/202/2091
f 2092/187/2085 2107/212/2100 2106/210/2099 2091/186/2084
f 2100/189/2093 2115/213/2108 2114/211/2107 2099/188/2092
f 2093/190/2086 2108/214/2101 2107/212/2100 2092/187/2085
f 2086/192/2079 2101/216/2094 2010/215/120
f 2236/217/361 2115/213/2108 2100/189/2093
f 2094/194/2087 2109/218/2102 2108/214/2101 2093/190/2086
f 2087/195/2080 2102/219/2095 2101/216/2094 2086/192/2079
f 2095/196/2088 2110/203/2103 2109/218/2102 2094/194/2087
f 2088/197/2081 2103/205/2096 2102/219/2095 2087/195/2080
f 2115/213/2108 2130/221/2123 2129/220/2122 2114/211/2107
f 2108/214/2101 2123/223/2116 2122/222/2115 2107/212/2100
f 2101/216/2094 2116/225/2109 2010/224/120
f 2236/226/361 2130/221/2123 2115/213/2108
f 2109/218/2102 2124/227/2117 2123/223/2116 2108/214/2101
f 2102/219/2095 2117/228/2110 2116/225/2109 2101/216/2094
f 2110/203/2103 2125/229/2118 2124/227/2117 2109/218/2102
f 2103/205/2096 2118/230/2111 2117/228/2110 2102/219/2095
f 2111/204/2104 2126/231/2119 2125/229/2118 2110/203/2103
f 2104/206/2097 2119/232/2112 2118/230/2111 2103/205/2096
f 2112/207/2105 2127/233/2120 2126/231/2119 2111/204/2104
f 2105/208/2098 2120/234/2113 2119/232/2112 2104/206/2097
f 2113/209/2106 2128/235/2121 2127/233/2120 2112/207/2105
f 2106/210/2099 2121/236/2114 2120/234/2113 2105/208/2098
f 2114/211/2107 2129/220/2122 2128/235/2121 2113/209/2106
f 2107/212/2100 2122/222/2115 2121/236/2114 2106/210/2099
f 2127/233/2120 2142/238/2135 2141/237/2134 2126/231/2119
f 2120/234/2113 2135/240/2128 2134/239/2127 2119/232/2112
f 2128/235/2121 2143/241/2136 2142/238/2135 2127/233/2120
f 2121/236/2114 2136/242/2129 2135/240/2128 2120/234/2113
f 2129/220/2122 2144/243/2137 2143/241/2136 2128/235/2121
f 2122/222/2115 2137/244/2130 2136/242/2129 2121/236/2114
f 2130/221/2123 2145/245/2138 2144/243/2137 2129/220/2122
f 2123/223/2116 2138/246/2131 2137/244/2130 2122/222/2115
f 2116/225/2109 2131/248/2124 2010/247/120
f 2236/249/361 2145/245/2138 2130/221/2123
f 2124/227/2117 2139/250/2132 2138/246/2131 2123/223/2116
f 2117/228/2110 2132/251/2125 2131/248/2124 2116/225/2109
f 2125/229/2118 2140/252/2133 2139/250/2132 2124/227/2117
f 2118/230/2111 2133/253/2126 2132/251/2125 2117/228/2110
f 2126/231/2119 2141/237/2134 2140/252/2133 2125/229/2118
f 2119/232/2112 2134/239/2127 2133/253/2126 2118/230/2111
f 2131/248/2124 2146/255/2139 2010/254/120
f 2236/256/361 2160/257/2153 2145/245/2138
f 2139/250/2132 2154/259/2147 2153/258/2146 2138/246/2131
f 2132/251/2125 2147/260/2140 2146/255/2139 2131/248/2124
f 2140/252/2133 2155/261/2148 2154/259/2147 2139/250/2132
f 2133/253/2126 2148/262/2141 2147/260/2140 2132/251/2125
f 2141/237/2134 2156/263/2149 2155/261/2148 2140/252/2133
f 2134/239/2127 2149/264/2142 2148/262/2141 2133/253/2126
f 2142/238/2135 2157/265/2150 2156/263/2149 2141/237/2134
f 2135/240/2128 2150/266/2143 2149/264/2142 2134/239/2127
f 2143/241/2136 2158/267/2151 2157/265/2150 2142/238/2135
f 2136/242/2129 2151/268/2144 2150/266/2143 2135/240/2128
f 2144/243/2137 2159/269/2152 2158/267/2151 2143/241/2136
f 2137/244/2130 2152/270/2145 2151/268/2144 2136/242/2129
f 2145/245/2138 2160/257/2153 2159/269/2152 2144/243/2137
f 2138/246/2131 2153/258/2146 2152/270/2145 2137/244/2130
f 2150/266/2143 2165/272/2158 2164/271/2157 2149/264/2142
f 2158/267/2151 2173/274/2166 2172/273/2165 2157/265/2150
f 2151/268/2144 2166/275/2159 2165/272/2158 2150/266/2143
f 2159/269/2152 2174/276/2167 2173/274/2166 2158/267/2151
f 2152/270/2145 2167/277/2160 2166/275/2159 2151/268/2144
f 2160/257/2153 2175/278/2168 2174/276/2167 2159/269/2152
f 2153/258/2146 2168/279/2161 2167/277/2160 2152/270/2145
f 2146/255/2139 2161/281/2154 2010/280/120
f 2236/282/361 2175/278/2168 2160/257/2153
f 2154/259/2147 2169/283/2162 2168/279/2161 2153/258/2146
f 2147/260/2140 2162/284/2155 2161/281/2154 2146/255/2139
f 2155/261/2148 2170/285/2163 2169/283/2162 2154/259/2147
f 2148/262/2141 2163/286/2156 2162/284/2155 2147/260/2140
f 2156/263/2149 2171/287/2164 2170/285/2163 2155/261/2148
f 2149/264/2142 2164/271/2157 2163/286/2156 2148/262/2141
f 2157/265/2150 2172/273/2165 2171/287/2164 2156/263/2149
f 2169/283/2162 2184/289/2177 2183/288/2176 2168/279/2161
f 2162/284/2155 2177/291/2170 2176/290/2169 2161/281/2154
f 2170/285/2163 2185/292/2178 2184/289/2177 2169/283/2162
f 2163/286/2156 2178/293/2171 2177/291/2170 2162/284/2155
f 2171/287/2164 2186/294/2179 2185/292/2178 2170/285/2163
f 2164/271/2157 2179/295/2172 2178/293/2171 2163/286/2156
f 2172/273/2165 2187/296/2180 2186/294/2179 2171/287/2164
f 2165/272/2158 2180/297/2173 2179/295/2172 2164/271/2157
f 2173/274/2166 2188/298/2181 2187/296/2180 2172/273/2165
f 2166/275/2159 2181/299/2174 2180/297/2173 2165/272/2158
f 2174/276/2167 2189/300/2182 2188/298/2181 2173/274/2166
f 2167/277/2160 2182/301/2175 2181/299/2174 2166/275/2159
f 2175/278/2168 2190/302/2183 2189/300/2182 2174/276/2167
f 2168/279/2161 2183/288/2176 2182/301/2175 2167/277/2160
f 2161/281/2154 2176/290/2169 2010/303/120
f 2236/304/361 2190/302/2183 2175/278/2168
f 2188/298/2181 2203/306/2196 2202/305/2195 2187/296/2180
f 2181/299/2174 2196/308/2189 2195/307/2188 2180/297/2173
f 2189/300/2182 2204/309/2197 2203/306/2196 2188/298/2181
f 2182/301/2175 2197/310/2190 2196/308/2189 2181/299/2174
f 2190/302/2183 2205/311/2198 2204/309/2197 2189/300/2182
f 2183/288/2176 2198/312/2191 2197/310/2190 2182/301/2175
f 2176/290/2169 2191/314/2184 2010/313/120
f 2236/315/361 2205/311/2198 2190/302/2183
f 2184/289/2177 2199/316/2192 2198/312/2191 2183/288/2176
f 2177/291/2170 2192/317/2185 2191/314/2184 2176/290/2169
f 2185/292/2178 2200/318/2193 2199/316/2192 2184/289/2177
f 2178/293/2171 2193/319/2186 2192/317/2185 2177/291/2170
f 2186/294/2179 2201/320/2194 2200/318/2193 2185/292/2178
f 2179/295/2172 2194/321/2187 2193/319/2186 2178/293/2171
f 2187/296/2180 2202/305/2195 2201/320/2194 2186/294/2179
f 2180/297/2173 2195/307/2188 2194/321/2187 2179/295/2172
f 2192/317/2185 2207/323/2200 2206/322/2199 2191/314/2184
f 2200/318/2193 2215/325/2208 2214/324/2207 2199/316/2192
f 2193/319/2186 2208/326/2201 2207/323/2200 2192/317/2185
f 2201/320/2194 2216/327/2209 2215/325/2208 2200/318/2193
f 2194/321/2187 2209/328/2202 2208/326/2201 2193/319/2186
f 2202/305/2195 2217/329/2210 2216/327/2209 2201/320/2194
f 2195/307/2188 2210/330/2203 2209/328/2202 2194/321/2187
f 2203/306/2196 2218/331/2211 2217/329/2210 2202/305/2195
f 2196/308/2189 2211/332/2204 2210/330/2203 2195/307/2188
f 2204/309/2197 2219/333/2212 2218/331/2211 2203/306/2196
f 2197/310/2190 2212/334/2205 2211/332/2204 2196/308/2189
f 2205/311/2198 2220/335/2213 2219/333/2212 2204/309/2197
f 2198/312/2191 2213/336/2206 2212/334/2205 2197/310/2190
f 2191/314/2184 2206/322/2199 2010/337/120
f 2236/338/361 2220/335/2213 2205/311/2198
f 2199/316/2192 2214/324/2207 2213/336/2206 2198/312/2191
f 2211/332/2204 2226/340/2219 2225/339/2218 2210/330/2203
f 2219/333/2212 2234/342/2227 2233/341/2226 2218/331/2211
f 2212/334/2205 2227/343/2220 2226/340/2219 2211/332/2204
f 2220/335/2213 2235/344/2228 2234/342/2227 2219/333/2212
f 2213/336/2206 2228/345/2221 2227/343/2220 2212/334/2205
f 2206/322/2199 2221/347/2214 2010/346/120
f 2236/348/361 2235/344/2228 2220/335/2213
f 2214/324/2207 2229/349/2222 2228/345/2221 2213/336/2206
f 2207/323/2200 2222/350/2215 2221/347/2214 2206/322/2199
f 2215/325/2208 2230/351/2223 2229/349/2222 2214/324/2207
f 2208/326/2201 2223/352/2216 2222/350/2215 2207/323/2200
f 2216/327/2209 2231/353/2224 2230/351/2223 2215/325/2208
f 2209/328/2202 2224/354/2217 2223/352/2216 2208/326/2201
f 2217/329/2210 2232/355/2225 2231/353/2224 2216/327/2209
f 2210/330/2203 2225/339/2218 2224/354/2217 2209/328/2202
f 2218/331/2211 2233/341/2226 2232/355/2225 2217/329/2210
f 2230/351/2223 2246/357/2238 2245/356/2237 2229/349/2222
f 2223/352/2216 2239/359/2231 2238/358/2230 2222/350/2215
f 2231/353/2224 2247/360/2239 2246/357/2238 2230/351/2223
f 2224/354/2217 2240/361/2232 2239/359/2231 2223/352/2216
f 2232/355/2225 2248/362/2240 2247/360/2239 2231/353/2224
f 2225/339/2218 2241/363/2233 2240/361/2232 2224/354/2217
f 2233/341/2226 2249/364/2241 2248/362/2240 2232/355/2225
f 2226/340/2219 2242/365/2234 2241/363/2233 2225/339/2218
f 2234/342/2227 2250/366/2242 2249/364/2241 2233/341/2226
f 2227/343/2220 2243/367/2235 2242/365/2234 2226/340/2219
f 2235/344/2228 2251/368/2243 2250/366/2242 2234/342/2227
f 2228/345/2221 2244/369/2236 2243/367/2235 2227/343/2220
f 2221/347/2214 2237/371/2229 2010/370/120
f 2236/372/361 2251/368/2243 2235/344/2228
f 2229/349/2222 2245/356/2237 2244/369/2236 2228/345/2221
f 2222/350/2215 2238/358/2230 2237/371/2229 2221/347/2214
f 2250/366/2242 2265/374/2257 2264/373/2256 2249/364/2241
f 2243/367/2235 2258/376/2250 2257/375/2249 2242/365/2234
f 2251/368/2243 2266/377/2258 2265/374/2257 2250/366/2242
f 2244/369/2236 2259/378/2251 2258/376/2250 2243/367/2235
f 2237/371/2229 2252/380/2244 2010/379/120
f 2236/381/361 2266/377/2258 2251/368/2243
f 2245/356/2237 2260/382/2252 2259/378/2251 2244/369/2236
f 2238/358/2230 2253/383/2245 2252/380/2244 2237/371/2229
f 2246/357/2238 2261/384/2253 2260/382/2252 2245/356/2237
f 2239/359/2231 2254/385/2246 2253/383/2245 2238/358/2230
f 2247/360/2239 2262/386/2254 2261/384/2253 2246/357/2238
f 2240/361/2232 2255/387/2247 2254/385/2246 2239/359/2231
f 2248/362/2240 2263/388/2255 2262/386/2254 2247/360/2239
f 2241/363/2233 2256/389/2248 2255/387/2247 2240/361/2232
f 2249/364/2241 2264/373/2256 2263/388/2255 2248/362/2240
f 2242/365/2234 2257/375/2249 2256/389/2248 2241/363/2233
f 2262/386/2254 2277/391/2269 2276/390/2268 2261/384/2253
f 2255/387/2247 2270/393/2262 2269/392/2261 2254/385/2246
f 2263/388/2255 2278/394/2270 2277/391/2269 2262/386/2254
f 2256/389/2248 2271/395/2263 2270/393/2262 2255/387/2247
f 2264/373/2256 2279/396/2271 2278/394/2270 2263/388/2255
f 2257/375/2249 2272/397/2264 2271/395/2263 2256/389/2248
f 2265/374/2257 2280/398/2272 2279/396/2271 2264/373/2256
f 2258/376/2250 2273/399/2265 2272/397/2264 2257/375/2249
f 2266/377/2258 2281/400/2273 2280/398/2272 2265/374/2257
f 2259/378/2251 2274/401/2266 2273/399/2265 2258/376/2250
f 2252/380/2244 2267/403/2259 2010/402/120
f 2236/404/361 2281/400/2273 2266/377/2258
f 2260/382/2252 2275/405/2267 2274/401/2266 2259/378/2251
f 2253/383/2245 2268/406/2260 2267/403/2259 2252/380/2244
f 2261/384/2253 2276/390/2268 2275/405/2267 2260/382/2252
f 2254/385/2246 2269/392/2261 2268/406/2260 2253/383/2245
f 2281/400/2273 2296/408/2288 2295/407/2287 2280/398/2272
f 2274/401/2266 2289/410/2281 2288/409/2280 2273/399/2265
f 2267/403/2259 2282/412/2274 2010/411/120
f 2236/413/361 2296/408/2288 2281/400/2273
f 2275/405/2267 2290/414/2282 2289/410/2281 2274/401/2266
f 2268/406/2260 2283/415/2275 2282/412/2274 2267/403/2259
f 2276/390/2268 2291/416/2283 2290/414/2282 2275/405/2267
f 2269/392/2261 2284/417/2276 2283/415/2275 2268/406/2260
f 2277/391/2269 2292/418/2284 2291/416/2283 2276/390/2268
f 2270/393/2262 2285/419/2277 2284/417/2276 2269/392/2261
f 2278/394/2270 2293/420/2285 2292/418/2284 2277/391/2269
f 2271/395/2263 2286/421/2278 2285/419/2277 2270/393/2262
f 2279/396/2271 2294/422/2286 2293/420/2285 2278/394/2270
f 2272/397/2264 2287/423/2279 2286/421/2278 2271/395/2263
f 2280/398/2272 2295/407/2287 2294/422/2286 2279/396/2271
f 2273/399/2265 2288/409/2280 2287/423/2279 2272/397/2264
f 2285/424/2277 2300/427/2292 2299/426/2291 2284/425/2276
f 2293/428/2285 2308/431/2300 2307/430/2299 2292/429/2284
f 2286/432/2278 2301/433/2293 2300/427/2292 2285/424/2277
f 2294/434/2286 2309/435/2301 2308/431/2300 2293/428/2285
f 2287/436/2279 2302/437/2294 2301/433/2293 2286/432/2278
f 2295/438/2287 2310/439/2302 2309/435/2301 2294/434/2286
f 2288/440/2280 2303/441/2295 2302/437/2294 2287/436/2279
f 2296/442/2288 2311/443/2303 2310/439/2302 2295/438/2287
f 2289/444/2281 2304/445/2296 2303/441/2295 2288/440/2280
f 2282/446/2274 2297/448/2289 2010/447/120
f 2236/449/361 2311/443/2303 2296/442/2288
f 2290/450/2282 2305/451/2297 2304/445/2296 2289/444/2281
f 2283/452/2275 2298/453/2290 2297/448/2289 2282/446/2274
f 2291/454/2283 2306/455/2298 2305/451/2297 2290/450/2282
f 2284/425/2276 2299/426/2291 2298/453/2290 2283/452/2275
f 2292/429/2284 2307/430/2299 2306/455/2298 2291/454/2283
f 2304/445/2296 2319/457/2311 2318/456/2310 2303/441/2295
f 2297/448/2289 2312/459/2304 2010/458/120
f 2236/460/361 2326/461/2318 2311/443/2303
f 2305/451/2297 2320/462/2312 2319/457/2311 2304/445/2296
f 2298/453/2290 2313/463/2305 2312/459/2304 2297/448/2289
f 2306/455/2298 2321/464/2313 2320/462/2312 2305/451/2297
f 2299/426/2291 2314/465/2306 2313/463/2305 2298/453/2290
f 2307/430/2299 2322/466/2314 2321/464/2313 2306/455/2298
f 2300/427/2292 2315/467/2307 2314/465/2306 2299/426/2291
f 2308/431/2300 2323/468/2315 2322/466/2314 2307/430/2299
f 2301/433/2293 2316/469/2308 2315/467/2307 2300/427/2292
f 2309/435/2301 2324/470/2316 2323/468/2315 2308/431/2300
f 2302/437/2294 2317/471/2309 2316/469/2308 2301/433/2293
f 2310/439/2302 2325/472/2317 2324/470/2316 2309/435/2301
f 2303/441/2295 2318/456/2310 2317/471/2309 2302/437/2294
f 2311/443/2303 2326/461/2318 2325/472/2317 2310/439/2302
f 2323/468/2315 2338/474/2330 2337/473/2329 2322/466/2314
f 2316/469/2308 2331/476/2323 2330/475/2322 2315/467/2307
f 2324/470/2316 2339/477/2331 2338/474/2330 2323/468/2315
f 2317/471/2309 2332/478/2324 2331/476/2323 2316/469/2308
f 2325/472/2317 2340/479/2332 2339/477/2331 2324/470/2316
f 2318/456/2310 2333/480/2325 2332/478/2324 2317/471/2309
f 2326/461/2318 2341/481/2333 2340/479/2332 2325/472/2317
f 2319/457/2311 2334/482/2326 2333/480/2325 2318/456/2310
f 2312/459/2304 2327/484/2319 2010/483/120
f 2236/485/361 2341/481/2333 2326/461/2318
f 2320/462/2312 2335/486/2327 2334/482/2326 2319/457/2311
f 2313/463/2305 2328/487/2320 2327/484/2319 2312/459/2304
f 2321/464/2313 2336/488/2328 2335/486/2327 2320/462/2312
f 2314/465/2306 2329/489/2321 2328/487/2320 2313/463/2305
f 2322/466/2314 2337/473/2329 2336/488/2328 2321/464/2313
f 2315/467/2307 2330/475/2322 2329/489/2321 2314/465/2306
f 2327/484/2319 2342/491/2334 2010/490/120
f 2236/492/361 2356/493/2348 2341/481/2333
f 2335/486/2327 2350/495/2342 2349/494/2341 2334/482/2326
f 2328/487/2320 2343/496/2335 2342/491/2334 2327/484/2319
f 2336/488/2328 2351/497/2343 2350/495/2342 2335/486/2327
f 2329/489/2321 2344/498/2336 2343/496/2335 2328/487/2320
f 2337/473/2329 2352/499/2344 2351/497/2343 2336/488/2328
f 2330/475/2322 2345/500/2337 2344/498/2336 2329/489/2321
f 2338/474/2330 2353/501/2345 2352/499/2344 2337/473/2329
f 2331/476/2323 2346/502/2338 2345/500/2337 2330/475/2322
f 2339/477/2331 2354/503/2346 2353/501/2345 2338/474/2330
f 2332/478/2324 2347/504/2339 2346/502/2338 2331/476/2323
f 2340/479/2332 2355/505/2347 2354/503/2346 2339/477/2331
f 2333/480/2325 2348/506/2340 2347/504/2339 2332/478/2324
f 2341/481/2333 2356/493/2348 2355/505/2347 2340/479/2332
f 2334/482/2326 2349/494/2341 2348/506/2340 2333/480/2325
f 2346/502/2338 2361/508/2353 2360/507/2352 2345/500/2337
f 2354/503/2346 2369/510/2361 2368/509/2360 2353/501/2345
f 2347/504/2339 2362/511/2354 2361/508/2353 2346/502/2338
f 2355/505/2347 2370/512/2362 2369/510/2361 2354/503/2346
f 2348/506/2340 2363/513/2355 2362/511/2354 2347/504/2339
f 2356/493/2348 2371/514/2363 2370/512/2362 2355/505/2347
f 2349/494/2341 2364/515/2356 2363/513/2355 2348/506/2340
f 2342/491/2334 2357/517/2349 2010/516/120
f 2236/518/361 2371/514/2363 2356/493/2348
f 2350/495/2342 2365/519/2357 2364/515/2356 2349/494/2341
f 2343/496/2335 2358/520/2350 2357/517/2349 2342/491/2334
f 2351/497/2343 2366/521/2358 2365/519/2357 2350/495/2342
f 2344/498/2336 2359/522/2351 2358/520/2350 2343/496/2335
f 2352/499/2344 2367/523/2359 2366/521/2358 2351/497/2343
f 2345/500/2337 2360/507/2352 2359/522/2351 2344/498/2336
f 2353/501/2345 2368/509/2360 2367/523/2359 2352/499/2344
f 2365/519/2357 2380/525/2372 2379/524/2371 2364/515/2356
f 2358/520/2350 2373/527/2365 2372/526/2364 2357/517/2349
f 2366/521/2358 2381/528/2373 2380/525/2372 2365/519/2357
f 2359/522/2351 2374/529/2366 2373/527/2365 2358/520/2350
f 2367/523/2359 2382/530/2374 2381/528/2373 2366/521/2358
f 2360/507/2352 2375/531/2367 2374/529/2366 2359/522/2351
f 2368/509/2360 2383/532/2375 2382/530/2374 2367/523/2359
f 2361/508/2353 2376/533/2368 2375/531/2367 2360/507/2352
f 2369/510/2361 2384/534/2376 2383/532/2375 2368/509/2360
f 2362/511/2354 2377/535/2369 2376/533/2368 2361/508/2353
f 2370/512/2362 2385/536/2377 2384/534/2376 2369/510/2361
f 2363/513/2355 2378/537/2370 2377/535/2369 2362/511/2354
f 2371/514/2363 2386/538/2378 2385/536/2377 2370/512/2362
f 2364/515/2356 2379/524/2371 2378/537/2370 2363/513/2355
f 2357/517/2349 2372/526/2364 2010/539/120
f 2236/540/361 2386/538/2378 2371/514/2363
f 2384/534/2376 2399/542/2391 2398/541/2390 2383/532/2375
f 2377/535/2369 2392/544/2384 2391/543/2383 2376/533/2368
f 2385/536/2377 2400/545/2392 2399/542/2391 2384/534/2376
f 2378/537/2370 2393/546/2385 2392/544/2384 2377/535/2369
f 2386/538/2378 2401/547/2393 2400/545/2392 2385/536/2377
f 2379/524/2371 2394/548/2386 2393/546/2385 2378/537/2370
f 2372/526/2364 2387/550/2379 2010/549/120
f 2236/551/361 2401/547/2393 2386/538/2378
f 2380/525/2372 2395/552/2387 2394/548/2386 2379/524/2371
f 2373/527/2365 2388/553/2380 2387/550/2379 2372/526/2364
f 2381/528/2373 2396/554/2388 2395/552/2387 2380/525/2372
f 2374/529/2366 2389/555/2381 2388/553/2380 2373/527/2365
f 2382/530/2374 2397/556/2389 2396/554/2388 2381/528/2373
f 2375/531/2367 2390/557/2382 2389/555/2381 2374/529/2366
f 2383/532/2375 2398/541/2390 2397/556/2389 2382/530/2374
f 2376/533/2368 2391/543/2383 2390/557/2382 2375/531/2367
f 2396/554/2388 2406/5/2398 1933/6/1927 2395/552/2387
f 2389/555/2381 1929/9/1923 2403/1/2395 2388/553/2380
f 2397/556/2389 1934/11/1928 2406/5/2398 2396/554/2388
f 2390/557/2382 2404/13/2396 1929/9/1923 2389/555/2381
f 2398/541/2390 2407/15/2399 1934/11/1928 2397/556/2389
f 2391/543/2383 1930/17/1924 2404/13/2396 2390/557/2382
f 2399/542/2391 2408/19/2400 2407/15/2399 2398/541/2390
f 2392/544/2384 2405/21/2397 1930/17/1924 2391/543/2383
f 2400/545/2392 2409/23/2401 2408/19/2400 2399/542/2391
f 2393/546/2385 1931/25/1925 2405/21/2397 2392/544/2384
f 2401/547/2393 2410/27/2402 2409/23/2401 2400/545/2392
f 2394/548/2386 1932/29/1926 1931/25/1925 2393/546/2385
f 2387/550/2379 2402/2/2394 2010/558/120
f 2236/559/361 2410/27/2402 2401/547/2393
f 2395/552/2387 1933/6/1927 1932/29/1926 2394/548/2386
f 2388/553/2380 2403/1/2395 2402/2/2394 2387/550/2379
f 2885/1/2877 2418/4/2410 2417/3/2409 2884/2/2876
f 2888/5/2880 2426/8/2418 2425/7/2417 2415/6/2407
f 2411/9/2403 2419/10/2411 2418/4/2410 2885/1/2877
f 2416/11/2408 2427/12/2419 2426/8/2418 2888/5/2880
f 2886/13/2878 2420/14/2412 2419/10/2411 2411/9/2403
f 2889/15/2881 2428/16/2420 2427/12/2419 2416/11/2408
f 2412/17/2404 2421/18/2413 2420/14/2412 2886/13/2878
f 2890/19/2882 2429/20/2421 2428/16/2420 2889/15/2881
f 2887/21/2879 2422/22/2414 2421/18/2413 2412/17/2404
f 2891/23/2883 2430/24/2422 2429/20/2421 2890/19/2882
f 2413/25/2405 2423/26/2415 2422/22/2414 2887/21/2879
f 2892/27/2884 2431/28/2423 2430/24/2422 2891/23/2883
f 2414/29/2406 2424/30/2416 2423/26/2415 2413/25/2405
f 2884/2/2876 2417/3/2409 2492/31/2484
f 2718/32/2710 2431/28/2423 2892/27/2884
f 2415/6/2407 2425/7/2417 2424/30/2416 2414/29/2406
f 2424/30/2416 2439/34/2431 2438/33/2430 2423/26/2415
f 2417/3/2409 2432/36/2424 2492/35/2484
f 2718/37/2710 2446/38/2438 2431/28/2423
f 2425/7/2417 2440/39/2432 2439/34/2431 2424/30/2416
f 2418/4/2410 2433/40/2425 2432/36/2424 2417/3/2409
f 2426/8/2418 2441/41/2433 2440/39/2432 2425/7/2417
f 2419/10/2411 2434/42/2426 2433/40/2425 2418/4/2410
f 2427/12/2419 2442/43/2434 2441/41/2433 2426/8/2418
f 2420/14/2412 2435/44/2427 2434/42/2426 2419/10/2411
f 2428/16/2420 2443/45/2435 2442/43/2434 2427/12/2419
f 2421/18/2413 2436/46/2428 2435/44/2427 2420/14/2412
f 2429/20/2421 2444/47/2436 2443/45/2435 2428/16/2420
f 2422/22/2414 2437/48/2429 2436/46/2428 2421/18/2413
f 2430/24/2422 2445/49/2437 2444/47/2436 2429/20/2421
f 2423/26/2415 2438/33/2430 2437/48/2429 2422/22/2414
f 2431/28/2423 2446/38/2438 2445/49/2437 2430/24/2422
f 2443/45/2435 2458/51/2450 2457/50/2449 2442/43/2434
f 2436/46/2428 2451/53/2443 2450/52/2442 2435/44/2427
f 2444/47/2436 2459/54/2451 2458/51/2450 2443/45/2435
f 2437/48/2429 2452/55/2444 2451/53/2443 2436/46/2428
f 2445/49/2437 2460/56/2452 2459/54/2451 2444/47/2436
f 2438/33/2430 2453/57/2445 2452/55/2444 2437/48/2429
f 2446/38/2438 2461/58/2453 2460/56/2452 2445/49/2437
f 2439/34/2431 2454/59/2446 2453/57/2445 2438/33/2430
f 2432/36/2424 2447/61/2439 2492/60/2484
f 2718/62/2710 2461/58/2453 2446/38/2438
f 2440/39/2432 2455/63/2447 2454/59/2446 2439/34/2431
f 2433/40/2425 2448/64/2440 2447/61/2439 2432/36/2424
f 2441/41/2433 2456/65/2448 2455/63/2447 2440/39/2432
f 2434/42/2426 2449/66/2441 2448/64/2440 2433/40/2425
f 2442/43/2434 2457/50/2449 2456/65/2448 2441/41/2433
f 2435/44/2427 2450/52/2442 2449/66/2441 2434/42/2426
f 2718/67/2710 2476/68/2468 2461/58/2453
f 2455/63/2447 2470/70/2462 2469/69/2461 2454/59/2446
f 2448/64/2440 2463/72/2455 2462/71/2454 2447/61/2439
f 2456/65/2448 2471/73/2463 2470/70/2462 2455/63/2447
f 2449/66/2441 2464/74/2456 2463/72/2455 2448/64/2440
f 2457/50/2449 2472/75/2464 2471/73/2463 2456/65/2448
f 2450/52/2442 2465/76/2457 2464/74/2456 2449/66/2441
f 2458/51/2450 2473/77/2465 2472/75/2464 2457/50/2449
f 2451/53/2443 2466/78/2458 2465/76/2457 2450/52/2442
f 2459/54/2451 2474/79/2466 2473/77/2465 2458/51/2450
f 2452/55/2444 2467/80/2459 2466/78/2458 2451/53/2443
f 2460/56/2452 2475/81/2467 2474/79/2466 2459/54/2451
f 2453/57/2445 2468/82/2460 2467/80/2459 2452/55/2444
f 2461/58/2453 2476/68/2468 2475/81/2467 2460/56/2452
f 2454/59/2446 2469/69/2461 2468/82/2460 2453/57/2445
f 2447/61/2439 2462/71/2454 2492/83/2484
f 2474/79/2466 2489/85/2481 2488/84/2480 2473/77/2465
f 2467/80/2459 2482/87/2474 2481/86/2473 2466/78/2458
f 2475/81/2467 2490/88/2482 2489/85/2481 2474/79/2466
f 2468/82/2460 2483/89/2475 2482/87/2474 2467/80/2459
f 2476/68/2468 2491/90/2483 2490/88/2482 2475/81/2467
f 2469/69/2461 2484/91/2476 2483/89/2475 2468/82/2460
f 2462/71/2454 2477/93/2469 2492/92/2484
f 2718/94/2710 2491/90/2483 2476/68/2468
f 2470/70/2462 2485/95/2477 2484/91/2476 2469/69/2461
f 2463/72/2455 2478/96/2470 2477/93/2469 2462/71/2454
f 2471/73/2463 2486/97/2478 2485/95/2477 2470/70/2462
f 2464/74/2456 2479/98/2471 2478/96/2470 2463/72/2455
f 2472/75/2464 2487/99/2479 2486/97/2478 2471/73/2463
f 2465/76/2457 2480/100/2472 2479/98/2471 2464/74/2456
f 2473/77/2465 2488/84/2480 2487/99/2479 2472/75/2464
f 2466/78/2458 2481/86/2473 2480/100/2472 2465/76/2457
f 2478/96/2470 2494/102/2486 2493/101/2485 2477/93/2469
f 2486/97/2478 2502/104/2494 2501/103/2493 2485/95/2477
f 2479/98/2471 2495/105/2487 2494/102/2486 2478/96/2470
f 2487/99/2479 2503/106/2495 2502/104/2494 2486/97/2478
f 2480/100/2472 2496/107/2488 2495/105/2487 2479/98/2471
f 2488/84/2480 2504/108/2496 2503/106/2495 2487/99/2479
f 2481/86/2473 2497/109/2489 2496/107/2488 2480/100/2472
f 2489/85/2481 2505/110/2497 2504/108/2496 2488/84/2480
f 2482/87/2474 2498/111/2490 2497/109/2489 2481/86/2473
f 2490/88/2482 2506/112/2498 2505/110/2497 2489/85/2481
f 2483/89/2475 2499/113/2491 2498/111/2490 2482/87/2474
f 2491/90/2483 2507/114/2499 2506/112/2498 2490/88/2482
f 2484/91/2476 2500/115/2492 2499/113/2491 2483/89/2475
f 2477/93/2469 2493/101/2485 2492/116/2484
f 2718/117/2710 2507/114/2499 2491/90/2483
f 2485/95/2477 2501/103/2493 2500/115/2492 2484/91/2476
f 2498/111/2490 2513/119/2505 2512/118/2504 2497/109/2489
f 2506/112/2498 2521/121/2513 2520/120/2512 2505/110/2497
f 2499/113/2491 2514/122/2506 2513/119/2505 2498/111/2490
f 2507/114/2499 2522/123/2514 2521/121/2513 2506/112/2498
f 2500/115/2492 2515/124/2507 2514/122/2506 2499/113/2491
f 2493/101/2485 2508/126/2500 2492/125/2484
f 2718/127/2710 2522/123/2514 2507/114/2499
f 2501/103/2493 2516/128/2508 2515/124/2507 2500/115/2492
f 2494/102/2486 2509/129/2501 2508/126/2500 2493/101/2485
f 2502/104/2494 2517/130/2509 2516/128/2508 2501/103/2493
f 2495/105/2487 2510/131/2502 2509/129/2501 2494/102/2486
f 2503/106/2495 2518/132/2510 2517/130/2509 2502/104/2494
f 2496/107/2488 2511/133/2503 2510/131/2502 2495/105/2487
f 2504/108/2496 2519/134/2511 2518/132/2510 2503/106/2495
f 2497/109/2489 2512/118/2504 2511/133/2503 2496/107/2488
f 2505/110/2497 2520/120/2512 2519/134/2511 2504/108/2496
f 2517/130/2509 2532/136/2524 2531/135/2523 2516/128/2508
f 2510/131/2502 2525/138/2517 2524/137/2516 2509/129/2501
f 2518/132/2510 2533/139/2525 2532/136/2524 2517/130/2509
f 2511/133/2503 2526/140/2518 2525/138/2517 2510/131/2502
f 2519/134/2511 2534/141/2526 2533/139/2525 2518/132/2510
f 2512/118/2504 2527/142/2519 2526/140/2518 2511/133/2503
f 2520/120/2512 2535/143/2527 2534/141/2526 2519/134/2511
f 2513/119/2505 2528/144/2520 2527/142/2519 2512/118/2504
f 2521/121/2513 2536/145/2528 2535/143/2527 2520/120/2512
f 2514/122/2506 2529/146/2521 2528/144/2520 2513/119/2505
f 2522/123/2514 2537/147/2529 2536/145/2528 2521/121/2513
f 2515/124/2507 2530/148/2522 2529/146/2521 2514/122/2506
f 2508/126/2500 2523/150/2515 2492/149/2484
f 2718/151/2710 2537/147/2529 2522/123/2514
f 2516/128/2508 2531/135/2523 2530/148/2522 2515/124/2507
f 2509/129/2501 2524/137/2516 2523/150/2515 2508/126/2500
f 2536/145/2528 2551/153/2543 2550/152/2542 2535/143/2527
f 2529/146/2521 2544/155/2536 2543/154/2535 2528/144/2520
f 2537/147/2529 2552/156/2544 2551/153/2543 2536/145/2528
f 2530/148/2522 2545/157/2537 2544/155/2536 2529/146/2521
f 2523/150/2515 2538/159/2530 2492/158/2484
f 2718/160/2710 2552/156/2544 2537/147/2529
f 2531/135/2523 2546/161/2538 2545/157/2537 2530/148/2522
f 2524/137/2516 2539/162/2531 2538/159/2530 2523/150/2515
f 2532/136/2524 2547/163/2539 2546/161/2538 2531/135/2523
f 2525/138/2517 2540/164/2532 2539/162/2531 2524/137/2516
f 2533/139/2525 2548/165/2540 2547/163/2539 2532/136/2524
f 2526/140/2518 2541/166/2533 2540/164/2532 2525/138/2517
f 2534/141/2526 2549/167/2541 2548/165/2540 2533/139/2525
f 2527/142/2519 2542/168/2534 2541/166/2533 2526/140/2518
f 2535/143/2527 2550/152/2542 2549/167/2541 2534/141/2526
f 2528/144/2520 2543/154/2535 2542/168/2534 2527/142/2519
f 2540/164/2532 2555/170/2547 2554/169/2546 2539/162/2531
f 2548/165/2540 2563/172/2555 2562/171/2554 2547/163/2539
f 2541/166/2533 2556/173/2548 2555/170/2547 2540/164/2532
f 2549/167/2541 2564/174/2556 2563/172/2555 2548/165/2540
f 2542/168/2534 2557/175/2549 2556/173/2548 2541/166/2533
f 2550/152/2542 2565/176/2557 2564/174/2556 2549/167/2541
f 2543/154/2535 2558/177/2550 2557/175/2549 2542/168/2534
f 2551/153/2543 2566/178/2558 2565/176/2557 2550/152/2542
f 2544/155/2536 2559/179/2551 2558/177/2550 2543/154/2535
f 2552/156/2544 2567/180/2559 2566/178/2558 2551/153/2543
f 2545/157/2537 2560/181/2552 2559/179/2551 2544/155/2536
f 2538/159/2530 2553/183/2545 2492/182/2484
f 2718/184/2710 2567/180/2559 2552/156/2544
f 2546/161/2538 2561/185/2553 2560/181/2552 2545/157/2537
f 2539/162/2531 2554/169/2546 2553/183/2545 2538/159/2530
f 2547/163/2539 2562/171/2554 2561/185/2553 2546/161/2538
f 2559/179/2551 2574/187/2566 2573/186/2565 2558/177/2550
f 2567/180/2559 2582/189/2574 2581/188/2573 2566/178/2558
f 2560/181/2552 2575/190/2567 2574/187/2566 2559/179/2551
f 2553/183/2545 2568/192/2560 2492/191/2484
f 2718/193/2710 2582/189/2574 2567/180/2559
f 2561/185/2553 2576/194/2568 2575/190/2567 2560/181/2552
f 2554/169/2546 2569/195/2561 2568/192/2560 2553/183/2545
f 2562/171/2554 2577/196/2569 2576/194/2568 2561/185/2553
f 2555/170/2547 2570/197/2562 2569/195/2561 2554/169/2546
f 2563/172/2555 2578/198/2570 2577/196/2569 2562/171/2554
f 2556/173/2548 2571/199/2563 2570/197/2562 2555/170/2547
f 2564/174/2556 2579/200/2571 2578/198/2570 2563/172/2555
f 2557/175/2549 2572/201/2564 2571/199/2563 2556/173/2548
f 2565/176/2557 2580/202/2572 2579/200/2571 2564/174/2556
f 2558/177/2550 2573/186/2565 2572/201/2564 2557/175/2549
f 2566/178/2558 2581/188/2573 2580/202/2572 2565/176/2557
f 2578/198/2570 2593/204/2585 2592/203/2584 2577/196/2569
f 2571/199/2563 2586/206/2578 2585/205/2577 2570/197/2562
f 2579/200/2571 2594/207/2586 2593/204/2585 2578/198/2570
f 2572/201/2564 2587/208/2579 2586/206/2578 2571/199/2563
f 2580/202/2572 2595/209/2587 2594/207/2586 2579/200/2571
f 2573/186/2565 2588/210/2580 2587/208/2579 2572/201/2564
f 2581/188/2573 2596/211/2588 2595/209/2587 2580/202/2572
f 2574/187/2566 2589/212/2581 2588/210/2580 2573/186/2565
f 2582/189/2574 2597/213/2589 2596/211/2588 2581/188/2573
f 2575/190/2567 2590/214/2582 2589/212/2581 2574/187/2566
f 2568/192/2560 2583/216/2575 2492/215/2484
f 2718/217/2710 2597/213/2589 2582/189/2574
f 2576/194/2568 2591/218/2583 2590/214/2582 2575/190/2567
f 2569/195/2561 2584/219/2576 2583/216/2575 2568/192/2560
f 2577/196/2569 2592/203/2584 2591/218/2583 2576/194/2568
f 2570/197/2562 2585/205/2577 2584/219/2576 2569/195/2561
f 2597/213/2589 2612/221/2604 2611/220/2603 2596/211/2588
f 2590/214/2582 2605/223/2597 2604/222/2596 2589/212/2581
f 2583/216/2575 2598/225/2590 2492/224/2484
f 2718/226/2710 2612/221/2604 2597/213/2589
f 2591/218/2583 2606/227/2598 2605/223/2597 2590/214/2582
f 2584/219/2576 2599/228/2591 2598/225/2590 2583/216/2575
f 2592/203/2584 2607/229/2599 2606/227/2598 2591/218/2583
f 2585/205/2577 2600/230/2592 2599/228/2591 2584/219/2576
f 2593/204/2585 2608/231/2600 2607/229/2599 2592/203/2584
f 2586/206/2578 2601/232/2593 2600/230/2592 2585/205/2577
f 2594/207/2586 2609/233/2601 2608/231/2600 2593/204/2585
f 2587/208/2579 2602/234/2594 2601/232/2593 2586/206/2578
f 2595/209/2587 2610/235/2602 2609/233/2601 2594/207/2586
f 2588/210/2580 2603/236/2595 2602/234/2594 2587/208/2579
f 2596/211/2588 2611/220/2603 2610/235/2602 2595/209/2587
f 2589/212/2581 2604/222/2596 2603/236/2595 2588/210/2580
f 2609/233/2601 2624/238/2616 2623/237/2615 2608/231/2600
f 2602/234/2594 2617/240/2609 2616/239/2608 2601/232/2593
f 2610/235/2602 2625/241/2617 2624/238/2616 2609/233/2601
f 2603/236/2595 2618/242/2610 2617/240/2609 2602/234/2594
f 2611/220/2603 2626/243/2618 2625/241/2617 2610/235/2602
f 2604/222/2596 2619/244/2611 2618/242/2610 2603/236/2595
f 2612/221/2604 2627/245/2619 2626/243/2618 2611/220/2603
f 2605/223/2597 2620/246/2612 2619/244/2611 2604/222/2596
f 2598/225/2590 2613/248/2605 2492/247/2484
f 2718/249/2710 2627/245/2619 2612/221/2604
f 2606/227/2598 2621/250/2613 2620/246/2612 2605/223/2597
f 2599/228/2591 2614/251/2606 2613/248/2605 2598/225/2590
f 2607/229/2599 2622/252/2614 2621/250/2613 2606/227/2598
f 2600/230/2592 2615/253/2607 2614/251/2606 2599/228/2591
f 2608/231/2600 2623/237/2615 2622/252/2614 2607/229/2599
f 2601/232/2593 2616/239/2608 2615/253/2607 2600/230/2592
f 2613/248/2605 2628/255/2620 2492/254/2484
f 2718/256/2710 2642/257/2634 2627/245/2619
f 2621/250/2613 2636/259/2628 2635/258/2627 2620/246/2612
f 2614/251/2606 2629/260/2621 2628/255/2620 2613/248/2605
f 2622/252/2614 2637/261/2629 2636/259/2628 2621/250/2613
f 2615/253/2607 2630/262/2622 2629/260/2621 2614/251/2606
f 2623/237/2615 2638/263/2630 2637/261/2629 2622/252/2614
f 2616/239/2608 2631/264/2623 2630/262/2622 2615/253/2607
f 2624/238/2616 2639/265/2631 2638/263/2630 2623/237/2615
f 2617/240/2609 2632/266/2624 2631/264/2623 2616/239/2608
f 2625/241/2617 2640/267/2632 2639/265/2631 2624/238/2616
f 2618/242/2610 2633/268/2625 2632/266/2624 2617/240/2609
f 2626/243/2618 2641/269/2633 2640/267/2632 2625/241/2617
f 2619/244/2611 2634/270/2626 2633/268/2625 2618/242/2610
f 2627/245/2619 2642/257/2634 2641/269/2633 2626/243/2618
f 2620/246/2612 2635/258/2627 2634/270/2626 2619/244/2611
f 2632/266/2624 2647/272/2639 2646/271/2638 2631/264/2623
f 2640/267/2632 2655/274/2647 2654/273/2646 2639/265/2631
f 2633/268/2625 2648/275/2640 2647/272/2639 2632/266/2624
f 2641/269/2633 2656/276/2648 2655/274/2647 2640/267/2632
f 2634/270/2626 2649/277/2641 2648/275/2640 2633/268/2625
f 2642/257/2634 2657/278/2649 2656/276/2648 2641/269/2633
f 2635/258/2627 2650/279/2642 2649/277/2641 2634/270/2626
f 2628/255/2620 2643/281/2635 2492/280/2484
f 2718/282/2710 2657/278/2649 2642/257/2634
f 2636/259/2628 2651/283/2643 2650/279/2642 2635/258/2627
f 2629/260/2621 2644/284/2636 2643/281/2635 2628/255/2620
f 2637/261/2629 2652/285/2644 2651/283/2643 2636/259/2628
f 2630/262/2622 2645/286/2637 2644/284/2636 2629/260/2621
f 2638/263/2630 2653/287/2645 2652/285/2644 2637/261/2629
f 2631/264/2623 2646/271/2638 2645/286/2637 2630/262/2622
f 2639/265/2631 2654/273/2646 2653/287/2645 2638/263/2630
f 2651/283/2643 2666/289/2658 2665/288/2657 2650/279/2642
f 2644/284/2636 2659/291/2651 2658/290/2650 2643/281/2635
f 2652/285/2644 2667/292/2659 2666/289/2658 2651/283/2643
f 2645/286/2637 2660/293/2652 2659/291/2651 2644/284/2636
f 2653/287/2645 2668/294/2660 2667/292/2659 2652/285/2644
f 2646/271/2638 2661/295/2653 2660/293/2652 2645/286/2637
f 2654/273/2646 2669/296/2661 2668/294/2660 2653/287/2645
f 2647/272/2639 2662/297/2654 2661/295/2653 2646/271/2638
f 2655/274/2647 2670/298/2662 2669/296/2661 2654/273/2646
f 2648/275/2640 2663/299/2655 2662/297/2654 2647/272/2639
f 2656/276/2648 2671/300/2663 2670/298/2662 2655/274/2647
f 2649/277/2641 2664/301/2656 2663/299/2655 2648/275/2640
f 2657/278/2649 2672/302/2664 2671/300/2663 2656/276/2648
f 2650/279/2642 2665/288/2657 2664/301/2656 2649/277/2641
f 2643/281/2635 2658/290/2650 2492/303/2484
f 2718/304/2710 2672/302/2664 2657/278/2649
f 2670/298/2662 2685/306/2677 2684/305/2676 2669/296/2661
f 2663/299/2655 2678/308/2670 2677/307/2669 2662/297/2654
f 2671/300/2663 2686/309/2678 2685/306/2677 2670/298/2662
f 2664/301/2656 2679/310/2671 2678/308/2670 2663/299/2655
f 2672/302/2664 2687/311/2679 2686/309/2678 2671/300/2663
f 2665/288/2657 2680/312/2672 2679/310/2671 2664/301/2656
f 2658/290/2650 2673/314/2665 2492/313/2484
f 2718/315/2710 2687/311/2679 2672/302/2664
f 2666/289/2658 2681/316/2673 2680/312/2672 2665/288/2657
f 2659/291/2651 2674/317/2666 2673/314/2665 2658/290/2650
f 2667/292/2659 2682/318/2674 2681/316/2673 2666/289/2658
f 2660/293/2652 2675/319/2667 2674/317/2666 2659/291/2651
f 2668/294/2660 2683/320/2675 2682/318/2674 2667/292/2659
f 2661/295/2653 2676/321/2668 2675/319/2667 2660/293/2652
f 2669/296/2661 2684/305/2676 2683/320/2675 2668/294/2660
f 2662/297/2654 2677/307/2669 2676/321/2668 2661/295/2653
f 2674/317/2666 2689/323/2681 2688/322/2680 2673/314/2665
f 2682/318/2674 2697/325/2689 2696/324/2688 2681/316/2673
f 2675/319/2667 2690/326/2682 2689/323/2681 2674/317/2666
f 2683/320/2675 2698/327/2690 2697/325/2689 2682/318/2674
f 2676/321/2668 2691/328/2683 2690/326/2682 2675/319/2667
f 2684/305/2676 2699/329/2691 2698/327/2690 2683/320/2675
f 2677/307/2669 2692/330/2684 2691/328/2683 2676/321/2668
f 2685/306/2677 2700/331/2692 2699/329/2691 2684/305/2676
f 2678/308/2670 2693/332/2685 2692/330/2684 2677/307/2669
f 2686/309/2678 2701/333/2693 2700/331/2692 2685/306/2677
f 2679/310/2671 2694/334/2686 2693/332/2685 2678/308/2670
f 2687/311/2679 2702/335/2694 2701/333/2693 2686/309/2678
f 2680/312/2672 2695/336/2687 2694/334/2686 2679/310/2671
f 2673/314/2665 2688/322/2680 2492/337/2484
f 2718/338/2710 2702/335/2694 2687/311/2679
f 2681/316/2673 2696/324/2688 2695/336/2687 2680/312/2672
f 2693/332/2685 2708/340/2700 2707/339/2699 2692/330/2684
f 2701/333/2693 2716/342/2708 2715/341/2707 2700/331/2692
f 2694/334/2686 2709/343/2701 2708/340/2700 2693/332/2685
f 2702/335/2694 2717/344/2709 2716/342/2708 2701/333/2693
f 2695/336/2687 2710/345/2702 2709/343/2701 2694/334/2686
f 2688/322/2680 2703/347/2695 2492/346/2484
f 2718/348/2710 2717/344/2709 2702/335/2694
f 2696/324/2688 2711/349/2703 2710/345/2702 2695/336/2687
f 2689/323/2681 2704/350/2696 2703/347/2695 2688/322/2680
f 2697/325/2689 2712/351/2704 2711/349/2703 2696/324/2688
f 2690/326/2682 2705/352/2697 2704/350/2696 2689/323/2681
f 2698/327/2690 2713/353/2705 2712/351/2704 2697/325/2689
f 2691/328/2683 2706/354/2698 2705/352/2697 2690/326/2682
f 2699/329/2691 2714/355/2706 2713/353/2705 2698/327/2690
f 2692/330/2684 2707/339/2699 2706/354/2698 2691/328/2683
f 2700/331/2692 2715/341/2707 2714/355/2706 2699/329/2691
f 2712/351/2704 2728/357/2720 2727/356/2719 2711/349/2703
f 2705/352/2697 2721/359/2713 2720/358/2712 2704/350/2696
f 2713/353/2705 2729/360/2721 2728/357/2720 2712/351/2704
f 2706/354/2698 2722/361/2714 2721/359/2713 2705/352/2697
f 2714/355/2706 2730/362/2722 2729/360/2721 2713/353/2705
f 2707/339/2699 2723/363/2715 2722/361/2714 2706/354/2698
f 2715/341/2707 2731/364/2723 2730/362/2722 2714/355/2706
f 2708/340/2700 2724/365/2716 2723/363/2715 2707/339/2699
f 2716/342/2708 2732/366/2724 2731/364/2723 2715/341/2707
f 2709/343/2701 2725/367/2717 2724/365/2716 2708/340/2700
f 2717/344/2709 2733/368/2725 2732/366/2724 2716/342/2708
f 2710/345/2702 2726/369/2718 2725/367/2717 2709/343/2701
f 2703/347/2695 2719/371/2711 2492/370/2484
f 2718/372/2710 2733/368/2725 2717/344/2709
f 2711/349/2703 2727/356/2719 2726/369/2718 2710/345/2702
f 2704/350/2696 2720/358/2712 2719/371/2711 2703/347/2695
f 2732/366/2724 2747/374/2739 2746/373/2738 2731/364/2723
f 2725/367/2717 2740/376/2732 2739/375/2731 2724/365/2716
f 2733/368/2725 2748/377/2740 2747/374/2739 2732/366/2724
f 2726/369/2718 2741/378/2733 2740/376/2732 2725/367/2717
f 2719/371/2711 2734/380/2726 2492/379/2484
f 2718/381/2710 2748/377/2740 2733/368/2725
f 2727/356/2719 2742/382/2734 2741/378/2733 2726/369/2718
f 2720/358/2712 2735/383/2727 2734/380/2726 2719/371/2711
f 2728/357/2720 2743/384/2735 2742/382/2734 2727/356/2719
f 2721/359/2713 2736/385/2728 2735/383/2727 2720/358/2712
f 2729/360/2721 2744/386/2736 2743/384/2735 2728/357/2720
f 2722/361/2714 2737/387/2729 2736/385/2728 2721/359/2713
f 2730/362/2722 2745/388/2737 2744/386/2736 2729/360/2721
f 2723/363/2715 2738/389/2730 2737/387/2729 2722/361/2714
f 2731/364/2723 2746/373/2738 2745/388/2737 2730/362/2722
f 2724/365/2716 2739/375/2731 2738/389/2730 2723/363/2715
f 2744/386/2736 2759/391/2751 2758/390/2750 2743/384/2735
f 2737/387/2729 2752/393/2744 2751/392/2743 2736/385/2728
f 2745/388/2737 2760/394/2752 2759/391/2751 2744/386/2736
f 2738/389/2730 2753/395/2745 2752/393/2744 2737/387/2729
f 2746/373/2738 2761/396/2753 2760/394/2752 2745/388/2737
f 2739/375/2731 2754/397/2746 2753/395/2745 2738/389/2730
f 2747/374/2739 2762/398/2754 2761/396/2753 2746/373/2738
f 2740/376/2732 2755/399/2747 2754/397/2746 2739/375/2731
f 2748/377/2740 2763/400/2755 2762/398/2754 2747/374/2739
f 2741/378/2733 2756/401/2748 2755/399/2747 2740/376/2732
f 2734/380/2726 2749/403/2741 2492/402/2484
f 2718/404/2710 2763/400/2755 2748/377/2740
f 2742/382/2734 2757/405/2749 2756/401/2748 2741/378/2733
f 2735/383/2727 2750/406/2742 2749/403/2741 2734/380/2726
f 2743/384/2735 2758/390/2750 2757/405/2749 2742/382/2734
f 2736/385/2728 2751/392/2743 2750/406/2742 2735/383/2727
f 2763/400/2755 2778/408/2770 2777/407/2769 2762/398/2754
f 2756/401/2748 2771/410/2763 2770/409/2762 2755/399/2747
f 2749/403/2741 2764/412/2756 2492/411/2484
f 2718/413/2710 2778/408/2770 2763/400/2755
f 2757/405/2749 2772/414/2764 2771/410/2763 2756/401/2748
f 2750/406/2742 2765/415/2757 2764/412/2756 2749/403/2741
f 2758/390/2750 2773/416/2765 2772/414/2764 2757/405/2749
f 2751/392/2743 2766/417/2758 2765/415/2757 2750/406/2742
f 2759/391/2751 2774/418/2766 2773/416/2765 2758/390/2750
f 2752/393/2744 2767/419/2759 2766/417/2758 2751/392/2743
f 2760/394/2752 2775/420/2767 2774/418/2766 2759/391/2751
f 2753/395/2745 2768/421/2760 2767/419/2759 2752/393/2744
f 2761/396/2753 2776/422/2768 2775/420/2767 2760/394/2752
f 2754/397/2746 2769/423/2761 2768/421/2760 2753/395/2745
f 2762/398/2754 2777/407/2769 2776/422/2768 2761/396/2753
f 2755/399/2747 2770/409/2762 2769/423/2761 2754/397/2746
f 2767/424/2759 2782/427/2774 2781/426/2773 2766/425/2758
f 2775/428/2767 2790/431/2782 2789/430/2781 2774/429/2766
f 2768/432/2760 2783/433/2775 2782/427/2774 2767/424/2759
f 2776/434/2768 2791/435/2783 2790/431/2782 2775/428/2767
f 2769/436/2761 2784/437/2776 2783/433/2775 2768/432/2760
f 2777/438/2769 2792/439/2784 2791/435/2783 2776/434/2768
f 2770/440/2762 2785/441/2777 2784/437/2776 2769/436/2761
f 2778/442/2770 2793/443/2785 2792/439/2784 2777/438/2769
f 2771/444/2763 2786/445/2778 2785/441/2777 2770/440/2762
f 2764/446/2756 2779/448/2771 2492/447/2484
f 2718/449/2710 2793/443/2785 2778/442/2770
f 2772/450/2764 2787/451/2779 2786/445/2778 2771/444/2763
f 2765/452/2757 2780/453/2772 2779/448/2771 2764/446/2756
f 2773/454/2765 2788/455/2780 2787/451/2779 2772/450/2764
f 2766/425/2758 2781/426/2773 2780/453/2772 2765/452/2757
f 2774/429/2766 2789/430/2781 2788/455/2780 2773/454/2765
f 2786/445/2778 2801/457/2793 2800/456/2792 2785/441/2777
f 2779/448/2771 2794/459/2786 2492/458/2484
f 2718/460/2710 2808/461/2800 2793/443/2785
f 2787/451/2779 2802/462/2794 2801/457/2793 2786/445/2778
f 2780/453/2772 2795/463/2787 2794/459/2786 2779/448/2771
f 2788/455/2780 2803/464/2795 2802/462/2794 2787/451/2779
f 2781/426/2773 2796/465/2788 2795/463/2787 2780/453/2772
f 2789/430/2781 2804/466/2796 2803/464/2795 2788/455/2780
f 2782/427/2774 2797/467/2789 2796/465/2788 2781/426/2773
f 2790/431/2782 2805/468/2797 2804/466/2796 2789/430/2781
f 2783/433/2775 2798/469/2790 2797/467/2789 2782/427/2774
f 2791/435/2783 2806/470/2798 2805/468/2797 2790/431/2782
f 2784/437/2776 2799/471/2791 2798/469/2790 2783/433/2775
f 2792/439/2784 2807/472/2799 2806/470/2798 2791/435/2783
f 2785/441/2777 2800/456/2792 2799/471/2791 2784/437/2776
f 2793/443/2785 2808/461/2800 2807/472/2799 2792/439/2784
f 2805/468/2797 2820/474/2812 2819/473/2811 2804/466/2796
f 2798/469/2790 2813/476/2805 2812/475/2804 2797/467/2789
f 2806/470/2798 2821/477/2813 2820/474/2812 2805/468/2797
f 2799/471/2791 2814/478/2806 2813/476/2805 2798/469/2790
f 2807/472/2799 2822/479/2814 2821/477/2813 2806/470/2798
f 2800/456/2792 2815/480/2807 2814/478/2806 2799/471/2791
f 2808/461/2800 2823/481/2815 2822/479/2814 2807/472/2799
f 2801/457/2793 2816/482/2808 2815/480/2807 2800/456/2792
f 2794/459/2786 2809/484/2801 2492/483/2484
f 2718/485/2710 2823/481/2815 2808/461/2800
f 2802/462/2794 2817/486/2809 2816/482/2808 2801/457/2793
f 2795/463/2787 2810/487/2802 2809/484/2801 2794/459/2786
f 2803/464/2795 2818/488/2810 2817/486/2809 2802/462/2794
f 2796/465/2788 2811/489/2803 2810/487/2802 2795/463/2787
f 2804/466/2796 2819/473/2811 2818/488/2810 2803/464/2795
f 2797/467/2789 2812/475/2804 2811/489/2803 2796/465/2788
f 2809/484/2801 2824/491/2816 2492/490/2484
f 2718/492/2710 2838/493/2830 2823/481/2815
f 2817/486/2809 2832/495/2824 2831/494/2823 2816/482/2808
f 2810/487/2802 2825/496/2817 2824/491/2816 2809/484/2801
f 2818/488/2810 2833/497/2825 2832/495/2824 2817/486/2809
f 2811/489/2803 2826/498/2818 2825/496/2817 2810/487/2802
f 2819/473/2811 2834/499/2826 2833/497/2825 2818/488/2810
f 2812/475/2804 2827/500/2819 2826/498/2818 2811/489/2803
f 2820/474/2812 2835/501/2827 2834/499/2826 2819/473/2811
f 2813/476/2805 2828/502/2820 2827/500/2819 2812/475/2804
f 2821/477/2813 2836/503/2828 2835/501/2827 2820/474/2812
f 2814/478/2806 2829/504/2821 2828/502/2820 2813/476/2805
f 2822/479/2814 2837/505/2829 2836/503/2828 2821/477/2813
f 2815/480/2807 2830/506/2822 2829/504/2821 2814/478/2806
f 2823/481/2815 2838/493/2830 2837/505/2829 2822/479/2814
f 2816/482/2808 2831/494/2823 2830/506/2822 2815/480/2807
f 2828/502/2820 2843/508/2835 2842/507/2834 2827/500/2819
f 2836/503/2828 2851/510/2843 2850/509/2842 2835/501/2827
f 2829/504/2821 2844/511/2836 2843/508/2835 2828/502/2820
f 2837/505/2829 2852/512/2844 2851/510/2843 2836/503/2828
f 2830/506/2822 2845/513/2837 2844/511/2836 2829/504/2821
f 2838/493/2830 2853/514/2845 2852/512/2844 2837/505/2829
f 2831/494/2823 2846/515/2838 2845/513/2837 2830/506/2822
f 2824/491/2816 2839/517/2831 2492/516/2484
f 2718/518/2710 2853/514/2845 2838/493/2830
f 2832/495/2824 2847/519/2839 2846/515/2838 2831/494/2823
f 2825/496/2817 2840/520/2832 2839/517/2831 2824/491/2816
f 2833/497/2825 2848/521/2840 2847/519/2839 2832/495/2824
f 2826/498/2818 2841/522/2833 2840/520/2832 2825/496/2817
f 2834/499/2826 2849/523/2841 2848/521/2840 2833/497/2825
f 2827/500/2819 2842/507/2834 2841/522/2833 2826/498/2818
f 2835/501/2827 2850/509/2842 2849/523/2841 2834/499/2826
f 2847/519/2839 2862/525/2854 2861/524/2853 2846/515/2838
f 2840/520/2832 2855/527/2847 2854/526/2846 2839/517/2831
f 2848/521/2840 2863/528/2855 2862/525/2854 2847/519/2839
f 2841/522/2833 2856/529/2848 2855/527/2847 2840/520/2832
f 2849/523/2841 2864/530/2856 2863/528/2855 2848/521/2840
f 2842/507/2834 2857/531/2849 2856/529/2848 2841/522/2833
f 2850/509/2842 2865/532/2857 2864/530/2856 2849/523/2841
f 2843/508/2835 2858/533/2850 2857/531/2849 2842/507/2834
f 2851/510/2843 2866/534/2858 2865/532/2857 2850/509/2842
f 2844/511/2836 2859/535/2851 2858/533/2850 2843/508/2835
f 2852/512/2844 2867/536/2859 2866/534/2858 2851/510/2843
f 2845/513/2837 2860/537/2852 2859/535/2851 2844/511/2836
f 2853/514/2845 2868/538/2860 2867/536/2859 2852/512/2844
f 2846/515/2838 2861/524/2853 2860/537/2852 2845/513/2837
f 2839/517/2831 2854/526/2846 2492/539/2484
f 2718/540/2710 2868/538/2860 2853/514/2845
f 2866/534/2858 2881/542/2873 2880/541/2872 2865/532/2857
f 2859/535/2851 2874/544/2866 2873/543/2865 2858/533/2850
f 2867/536/2859 2882/545/2874 2881/542/2873 2866/534/2858
f 2860/537/2852 2875/546/2867 2874/544/2866 2859/535/2851
f 2868/538/2860 2883/547/2875 2882/545/2874 2867/536/2859
f 2861/524/2853 2876/548/2868 2875/546/2867 2860/537/2852
f 2854/526/2846 2869/550/2861 2492/549/2484
f 2718/551/2710 2883/547/2875 2868/538/2860
f 2862/525/2854 2877/552/2869 2876/548/2868 2861/524/2853
f 2855/527/2847 2870/553/2862 2869/550/2861 2854/526/2846
f 2863/528/2855 2878/554/2870 2877/552/2869 2862/525/2854
f 2856/529/2848 2871/555/2863 2870/553/2862 2855/527/2847
f 2864/530/2856 2879/556/2871 2878/554/2870 2863/528/2855
f 2857/531/2849 2872/557/2864 2871/555/2863 2856/529/2848
f 2865/532/2857 2880/541/2872 2879/556/2871 2864/530/2856
f 2858/533/2850 2873/543/2865 2872/557/2864 2857/531/2849
f 2878/554/2870 2888/5/2880 2415/6/2407 2877/552/2869
f 2871/555/2863 2411/9/2403 2885/1/2877 2870/553/2862
f 2879/556/2871 2416/11/2408 2888/5/2880 2878/554/2870
f 2872/557/2864 2886/13/2878 2411/9/2403 2871/555/2863
f 2880/541/2872 2889/15/2881 2416/11/2408 2879/556/2871
f 2873/543/2865 2412/17/2404 2886/13/2878 2872/557/2864
f 2881/542/2873 2890/19/2882 2889/15/2881 2880/541/2872
f 2874/544/2866 2887/21/2879 2412/17/2404 2873/543/2865
f 2882/545/2874 2891/23/2883 2890/19/2882 2881/542/2873
f 2875/546/2867 2413/25/2405 2887/21/2879 2874/544/2866
f 2883/547/2875 2892/27/2884 2891/23/2883 2882/545/2874
f 2876/548/2868 2414/29/2406 2413/25/2405 2875/546/2867
f 2869/550/2861 2884/2/2876 2492/558/2484
f 2718/559/2710 2892/27/2884 2883/547/2875
f 2877/552/2869 2415/6/2407 2414/29/2406 2876/548/2868
f 2870/553/2862 2885/1/2877 2884/2/2876 2869/550/2861
f 3367/1/3359 3366/2/3358 2899/3/2891 2900/4/2892
f 3370/5/3362 2897/6/2889 2907/7/2899 2908/8/2900
f 2893/9/2885 3367/1/3359 2900/4/2892 2901/10/2893
f 2898/11/2890 3370/5/3362 2908/8/2900 2909/12/2901
f 3368/13/3360 2893/9/2885 2901/10/2893 2902/14/2894
f 3371/15/3363 2898/11/2890 2909/12/2901 2910/16/2902
f 2894/17/2886 3368/13/3360 2902/14/2894 2903/18/2895
f 3372/19/3364 3371/15/3363 2910/16/2902 2911/20/2903
f 3369/21/3361 2894/17/2886 2903/18/2895 2904/22/2896
f 3373/23/3365 3372/19/3364 2911/20/2903 2912/24/2904
f 2895/25/2887 3369/21/3361 2904/22/2896 2905/26/2897
f 3374/27/3366 3373/23/3365 2912/24/2904 2913/28/2905
f 2896/29/2888 2895/25/2887 2905/26/2897 2906/30/2898
f 3366/2/3358 2974/31/2966 2899/3/2891
f 3200/32/3192 3374/27/3366 2913/28/2905
f 2897/6/2889 2896/29/2888 2906/30/2898 2907/7/2899
f 2906/30/2898 2905/26/2897 2920/33/2912 2921/34/2913
f 2899/3/2891 2974/35/2966 2914/36/2906
f 3200/37/3192 2913/28/2905 2928/38/2920
f 2907/7/2899 2906/30/2898 2921/34/2913 2922/39/2914
f 2900/4/2892 2899/3/2891 2914/36/2906 2915/40/2907
f 2908/8/2900 2907/7/2899 2922/39/2914 2923/41/2915
f 2901/10/2893 2900/4/2892 2915/40/2907 2916/42/2908
f 2909/12/2901 2908/8/2900 2923/41/2915 2924/43/2916
f 2902/14/2894 2901/10/2893 2916/42/2908 2917/44/2909
f 2910/16/2902 2909/12/2901 2924/43/2916 2925/45/2917
f 2903/18/2895 2902/14/2894 2917/44/2909 2918/46/2910
f 2911/20/2903 2910/16/2902 2925/45/2917 2926/47/2918
f 2904/22/2896 2903/18/2895 2918/46/2910 2919/48/2911
f 2912/24/2904 2911/20/2903 2926/47/2918 2927/49/2919
f 2905/26/2897 2904/22/2896 2919/48/2911 2920/33/2912
f 2913/28/2905 2912/24/2904 2927/49/2919 2928/38/2920
f 2925/45/2917 2924/43/2916 2939/50/2931 2940/51/2932
f 2918/46/2910 2917/44/2909 2932/52/2924 2933/53/2925
f 2926/47/2918 2925/45/2917 2940/51/2932 2941/54/2933
f 2919/48/2911 2918/46/2910 2933/53/2925 2934/55/2926
f 2927/49/2919 2926/47/2918 2941/54/2933 2942/56/2934
f 2920/33/2912 2919/48/2911 2934/55/2926 2935/57/2927
f 2928/38/2920 2927/49/2919 2942/56/2934 2943/58/2935
f 2921/34/2913 2920/33/2912 2935/57/2927 2936/59/2928
f 2914/36/2906 2974/60/2966 2929/61/2921
f 3200/62/3192 2928/38/2920 2943/58/2935
f 2922/39/2914 2921/34/2913 2936/59/2928 2937/63/2929
f 2915/40/2907 2914/36/2906 2929/61/2921 2930/64/2922
f 2923/41/2915 2922/39/2914 2937/63/2929 2938/65/2930
f 2916/42/2908 2915/40/2907 2930/64/2922 2931/66/2923
f 2924/43/2916 2923/41/2915 2938/65/2930 2939/50/2931
f 2917/44/2909 2916/42/2908 2931/66/2923 2932/52/2924
f 3200/67/3192 2943/58/2935 2958/68/2950
f 2937/63/2929 2936/59/2928 2951/69/2943 2952/70/2944
f 2930/64/2922 2929/61/2921 2944/71/2936 2945/72/2937
f 2938/65/2930 2937/63/2929 2952/70/2944 2953/73/2945
f 2931/66/2923 2930/64/2922 2945/72/2937 2946/74/2938
f 2939/50/2931 2938/65/2930 2953/73/2945 2954/75/2946
f 2932/52/2924 2931/66/2923 2946/74/2938 2947/76/2939
f 2940/51/2932 2939/50/2931 2954/75/2946 2955/77/2947
f 2933/53/2925 2932/52/2924 2947/76/2939 2948/78/2940
f 2941/54/2933 2940/51/2932 2955/77/2947 2956/79/2948
f 2934/55/2926 2933/53/2925 2948/78/2940 2949/80/2941
f 2942/56/2934 2941/54/2933 2956/79/2948 2957/81/2949
f 2935/57/2927 2934/55/2926 2949/80/2941 2950/82/2942
f 2943/58/2935 2942/56/2934 2957/81/2949 2958/68/2950
f 2936/59/2928 2935/57/2927 2950/82/2942 2951/69/2943
f 2929/61/2921 2974/83/2966 2944/71/2936
f 2956/79/2948 2955/77/2947 2970/84/2962 2971/85/2963
f 2949/80/2941 2948/78/2940 2963/86/2955 2964/87/2956
f 2957/81/2949 2956/79/2948 2971/85/2963 2972/88/2964
f 2950/82/2942 2949/80/2941 2964/87/2956 2965/89/2957
f 2958/68/2950 2957/81/2949 2972/88/2964 2973/90/2965
f 2951/69/2943 2950/82/2942 2965/89/2957 2966/91/2958
f 2944/71/2936 2974/92/2966 2959/93/2951
f 3200/94/3192 2958/68/2950 2973/90/2965
f 2952/70/2944 2951/69/2943 2966/91/2958 2967/95/2959
f 2945/72/2937 2944/71/2936 2959/93/2951 2960/96/2952
f 2953/73/2945 2952/70/2944 2967/95/2959 2968/97/2960
f 2946/74/2938 2945/72/2937 2960/96/2952 2961/98/2953
f 2954/75/2946 2953/73/2945 2968/97/2960 2969/99/2961
f 2947/76/2939 2946/74/2938 2961/98/2953 2962/100/2954
f 2955/77/2947 2954/75/2946 2969/99/2961 2970/84/2962
f 2948/78/2940 2947/76/2939 2962/100/2954 2963/86/2955
f 2960/96/2952 2959/93/2951 2975/101/2967 2976/102/2968
f 2968/97/2960 2967/95/2959 2983/103/2975 2984/104/2976
f 2961/98/2953 2960/96/2952 2976/102/2968 2977/105/2969
f 2969/99/2961 2968/97/2960 2984/104/2976 2985/106/2977
f 2962/100/2954 2961/98/2953 2977/105/2969 2978/107/2970
f 2970/84/2962 2969/99/2961 2985/106/2977 2986/108/2978
f 2963/86/2955 2962/100/2954 2978/107/2970 2979/109/2971
f 2971/85/2963 2970/84/2962 2986/108/2978 2987/110/2979
f 2964/87/2956 2963/86/2955 2979/109/2971 2980/111/2972
f 2972/88/2964 2971/85/2963 2987/110/2979 2988/112/2980
f 2965/89/2957 2964/87/2956 2980/111/2972 2981/113/2973
f 2973/90/2965 2972/88/2964 2988/112/2980 2989/114/2981
f 2966/91/2958 2965/89/2957 2981/113/2973 2982/115/2974
f 2959/93/2951 2974/116/2966 2975/101/2967
f 3200/117/3192 2973/90/2965 2989/114/2981
f 2967/95/2959 2966/91/2958 2982/115/2974 2983/103/2975
f 2980/111/2972 2979/109/2971 2994/118/2986 2995/119/2987
f 2988/112/2980 2987/110/2979 3002/120/2994 3003/121/2995
f 2981/113/2973 2980/111/2972 2995/119/2987 2996/122/2988
f 2989/114/2981 2988/112/2980 3003/121/2995 3004/123/2996
f 2982/115/2974 2981/113/2973 2996/122/2988 2997/124/2989
f 2975/101/2967 2974/125/2966 2990/126/2982
f 3200/127/3192 2989/114/2981 3004/123/2996
f 2983/103/2975 2982/115/2974 2997/124/2989 2998/128/2990
f 2976/102/2968 2975/101/2967 2990/126/2982 2991/129/2983
f 2984/104/2976 2983/103/2975 2998/128/2990 2999/130/2991
f 2977/105/2969 2976/102/2968 2991/129/2983 2992/131/2984
f 2985/106/2977 2984/104/2976 2999/130/2991 3000/132/2992
f 2978/107/2970 2977/105/2969 2992/131/2984 2993/133/2985
f 2986/108/2978 2985/106/2977 3000/132/2992 3001/134/2993
f 2979/109/2971 2978/107/2970 2993/133/2985 2994/118/2986
f 2987/110/2979 2986/108/2978 3001/134/2993 3002/120/2994
f 2999/130/2991 2998/128/2990 3013/135/3005 3014/136/3006
f 2992/131/2984 2991/129/2983 3006/137/2998 3007/138/2999
f 3000/132/2992 2999/130/2991 3014/136/3006 3015/139/3007
f 2993/133/2985 2992/131/2984 3007/138/2999 3008/140/3000
f 3001/134/2993 3000/132/2992 3015/139/3007 3016/141/3008
f 2994/118/2986 2993/133/2985 3008/140/3000 3009/142/3001
f 3002/120/2994 3001/134/2993 3016/141/3008 3017/143/3009
f 2995/119/2987 2994/118/2986 3009/142/3001 3010/144/3002
f 3003/121/2995 3002/120/2994 3017/143/3009 3018/145/3010
f 2996/122/2988 2995/119/2987 3010/144/3002 3011/146/3003
f 3004/123/2996 3003/121/2995 3018/145/3010 3019/147/3011
f 2997/124/2989 2996/122/2988 3011/146/3003 3012/148/3004
f 2990/126/2982 2974/149/2966 3005/150/2997
f 3200/151/3192 3004/123/2996 3019/147/3011
f 2998/128/2990 2997/124/2989 3012/148/3004 3013/135/3005
f 2991/129/2983 2990/126/2982 3005/150/2997 3006/137/2998
f 3018/145/3010 3017/143/3009 3032/152/3024 3033/153/3025
f 3011/146/3003 3010/144/3002 3025/154/3017 3026/155/3018
f 3019/147/3011 3018/145/3010 3033/153/3025 3034/156/3026
f 3012/148/3004 3011/146/3003 3026/155/3018 3027/157/3019
f 3005/150/2997 2974/158/2966 3020/159/3012
f 3200/160/3192 3019/147/3011 3034/156/3026
f 3013/135/3005 3012/148/3004 3027/157/3019 3028/161/3020
f 3006/137/2998 3005/150/2997 3020/159/3012 3021/162/3013
f 3014/136/3006 3013/135/3005 3028/161/3020 3029/163/3021
f 3007/138/2999 3006/137/2998 3021/162/3013 3022/164/3014
f 3015/139/3007 3014/136/3006 3029/163/3021 3030/165/3022
f 3008/140/3000 3007/138/2999 3022/164/3014 3023/166/3015
f 3016/141/3008 3015/139/3007 3030/165/3022 3031/167/3023
f 3009/142/3001 3008/140/3000 3023/166/3015 3024/168/3016
f 3017/143/3009 3016/141/3008 3031/167/3023 3032/152/3024
f 3010/144/3002 3009/142/3001 3024/168/3016 3025/154/3017
f 3022/164/3014 3021/162/3013 3036/169/3028 3037/170/3029
f 3030/165/3022 3029/163/3021 3044/171/3036 3045/172/3037
f 3023/166/3015 3022/164/3014 3037/170/3029 3038/173/3030
f 3031/167/3023 3030/165/3022 3045/172/3037 3046/174/3038
f 3024/168/3016 3023/166/3015 3038/173/3030 3039/175/3031
f 3032/152/3024 3031/167/3023 3046/174/3038 3047/176/3039
f 3025/154/3017 3024/168/3016 3039/175/3031 3040/177/3032
f 3033/153/3025 3032/152/3024 3047/176/3039 3048/178/3040
f 3026/155/3018 3025/154/3017 3040/177/3032 3041/179/3033
f 3034/156/3026 3033/153/3025 3048/178/3040 3049/180/3041
f 3027/157/3019 3026/155/3018 3041/179/3033 3042/181/3034
f 3020/159/3012 2974/182/2966 3035/183/3027
f 3200/184/3192 3034/156/3026 3049/180/3041
f 3028/161/3020 3027/157/3019 3042/181/3034 3043/185/3035
f 3021/162/3013 3020/159/3012 3035/183/3027 3036/169/3028
f 3029/163/3021 3028/161/3020 3043/185/3035 3044/171/3036
f 3041/179/3033 3040/177/3032 3055/186/3047 3056/187/3048
f 3049/180/3041 3048/178/3040 3063/188/3055 3064/189/3056
f 3042/181/3034 3041/179/3033 3056/187/3048 3057/190/3049
f 3035/183/3027 2974/191/2966 3050/192/3042
f 3200/193/3192 3049/180/3041 3064/189/3056
f 3043/185/3035 3042/181/3034 3057/190/3049 3058/194/3050
f 3036/169/3028 3035/183/3027 3050/192/3042 3051/195/3043
f 3044/171/3036 3043/185/3035 3058/194/3050 3059/196/3051
f 3037/170/3029 3036/169/3028 3051/195/3043 3052/197/3044
f 3045/172/3037 3044/171/3036 3059/196/3051 3060/198/3052
f 3038/173/3030 3037/170/3029 3052/197/3044 3053/199/3045
f 3046/174/3038 3045/172/3037 3060/198/3052 3061/200/3053
f 3039/175/3031 3038/173/3030 3053/199/3045 3054/201/3046
f 3047/176/3039 3046/174/3038 3061/200/3053 3062/202/3054
f 3040/177/3032 3039/175/3031 3054/201/3046 3055/186/3047
f 3048/178/3040 3047/176/3039 3062/202/3054 3063/188/3055
f 3060/198/3052 3059/196/3051 3074/203/3066 3075/204/3067
f 3053/199/3045 3052/197/3044 3067/205/3059 3068/206/3060
f 3061/200/3053 3060/198/3052 3075/204/3067 3076/207/3068
f 3054/201/3046 3053/199/3045 3068/206/3060 3069/208/3061
f 3062/202/3054 3061/200/3053 3076/207/3068 3077/209/3069
f 3055/186/3047 3054/201/3046 3069/208/3061 3070/210/3062
f 3063/188/3055 3062/202/3054 3077/209/3069 3078/211/3070
f 3056/187/3048 3055/186/3047 3070/210/3062 3071/212/3063
f 3064/189/3056 3063/188/3055 3078/211/3070 3079/213/3071
f 3057/190/3049 3056/187/3048 3071/212/3063 3072/214/3064
f 3050/192/3042 2974/215/2966 3065/216/3057
f 3200/217/3192 3064/189/3056 3079/213/3071
f 3058/194/3050 3057/190/3049 3072/214/3064 3073/218/3065
f 3051/195/3043 3050/192/3042 3065/216/3057 3066/219/3058
f 3059/196/3051 3058/194/3050 3073/218/3065 3074/203/3066
f 3052/197/3044 3051/195/3043 3066/219/3058 3067/205/3059
f 3079/213/3071 3078/211/3070 3093/220/3085 3094/221/3086
f 3072/214/3064 3071/212/3063 3086/222/3078 3087/223/3079
f 3065/216/3057 2974/224/2966 3080/225/3072
f 3200/226/3192 3079/213/3071 3094/221/3086
f 3073/218/3065 3072/214/3064 3087/223/3079 3088/227/3080
f 3066/219/3058 3065/216/3057 3080/225/3072 3081/228/3073
f 3074/203/3066 3073/218/3065 3088/227/3080 3089/229/3081
f 3067/205/3059 3066/219/3058 3081/228/3073 3082/230/3074
f 3075/204/3067 3074/203/3066 3089/229/3081 3090/231/3082
f 3068/206/3060 3067/205/3059 3082/230/3074 3083/232/3075
f 3076/207/3068 3075/204/3067 3090/231/3082 3091/233/3083
f 3069/208/3061 3068/206/3060 3083/232/3075 3084/234/3076
f 3077/209/3069 3076/207/3068 3091/233/3083 3092/235/3084
f 3070/210/3062 3069/208/3061 3084/234/3076 3085/236/3077
f 3078/211/3070 3077/209/3069 3092/235/3084 3093/220/3085
f 3071/212/3063 3070/210/3062 3085/236/3077 3086/222/3078
f 3091/233/3083 3090/231/3082 3105/237/3097 3106/238/3098
f 3084/234/3076 3083/232/3075 3098/239/3090 3099/240/3091
f 3092/235/3084 3091/233/3083 3106/238/3098 3107/241/3099
f 3085/236/3077 3084/234/3076 3099/240/3091 3100/242/3092
f 3093/220/3085 3092/235/3084 3107/241/3099 3108/243/3100
f 3086/222/3078 3085/236/3077 3100/242/3092 3101/244/3093
f 3094/221/3086 3093/220/3085 3108/243/3100 3109/245/3101
f 3087/223/3079 3086/222/3078 3101/244/3093 3102/246/3094
f 3080/225/3072 2974/247/2966 3095/248/3087
f 3200/249/3192 3094/221/3086 3109/245/3101
f 3088/227/3080 3087/223/3079 3102/246/3094 3103/250/3095
f 3081/228/3073 3080/225/3072 3095/248/3087 3096/251/3088
f 3089/229/3081 3088/227/3080 3103/250/3095 3104/252/3096
f 3082/230/3074 3081/228/3073 3096/251/3088 3097/253/3089
f 3090/231/3082 3089/229/3081 3104/252/3096 3105/237/3097
f 3083/232/3075 3082/230/3074 3097/253/3089 3098/239/3090
f 3095/248/3087 2974/254/2966 3110/255/3102
f 3200/256/3192 3109/245/3101 3124/257/3116
f 3103/250/3095 3102/246/3094 3117/258/3109 3118/259/3110
f 3096/251/3088 3095/248/3087 3110/255/3102 3111/260/3103
f 3104/252/3096 3103/250/3095 3118/259/3110 3119/261/3111
f 3097/253/3089 3096/251/3088 3111/260/3103 3112/262/3104
f 3105/237/3097 3104/252/3096 3119/261/3111 3120/263/3112
f 3098/239/3090 3097/253/3089 3112/262/3104 3113/264/3105
f 3106/238/3098 3105/237/3097 3120/263/3112 3121/265/3113
f 3099/240/3091 3098/239/3090 3113/264/3105 3114/266/3106
f 3107/241/3099 3106/238/3098 3121/265/3113 3122/267/3114
f 3100/242/3092 3099/240/3091 3114/266/3106 3115/268/3107
f 3108/243/3100 3107/241/3099 3122/267/3114 3123/269/3115
f 3101/244/3093 3100/242/3092 3115/268/3107 3116/270/3108
f 3109/245/3101 3108/243/3100 3123/269/3115 3124/257/3116
f 3102/246/3094 3101/244/3093 3116/270/3108 3117/258/3109
f 3114/266/3106 3113/264/3105 3128/271/3120 3129/272/3121
f 3122/267/3114 3121/265/3113 3136/273/3128 3137/274/3129
f 3115/268/3107 3114/266/3106 3129/272/3121 3130/275/3122
f 3123/269/3115 3122/267/3114 3137/274/3129 3138/276/3130
f 3116/270/3108 3115/268/3107 3130/275/3122 3131/277/3123
f 3124/257/3116 3123/269/3115 3138/276/3130 3139/278/3131
f 3117/258/3109 3116/270/3108 3131/277/3123 3132/279/3124
f 3110/255/3102 2974/280/2966 3125/281/3117
f 3200/282/3192 3124/257/3116 3139/278/3131
f 3118/259/3110 3117/258/3109 3132/279/3124 3133/283/3125
f 3111/260/3103 3110/255/3102 3125/281/3117 3126/284/3118
f 3119/261/3111 3118/259/3110 3133/283/3125 3134/285/3126
f 3112/262/3104 3111/260/3103 3126/284/3118 3127/286/3119
f 3120/263/3112 3119/261/3111 3134/285/3126 3135/287/3127
f 3113/264/3105 3112/262/3104 3127/286/3119 3128/271/3120
f 3121/265/3113 3120/263/3112 3135/287/3127 3136/273/3128
f 3133/283/3125 3132/279/3124 3147/288/3139 3148/289/3140
f 3126/284/3118 3125/281/3117 3140/290/3132 3141/291/3133
f 3134/285/3126 3133/283/3125 3148/289/3140 3149/292/3141
f 3127/286/3119 3126/284/3118 3141/291/3133 3142/293/3134
f 3135/287/3127 3134/285/3126 3149/292/3141 3150/294/3142
f 3128/271/3120 3127/286/3119 3142/293/3134 3143/295/3135
f 3136/273/3128 3135/287/3127 3150/294/3142 3151/296/3143
f 3129/272/3121 3128/271/3120 3143/295/3135 3144/297/3136
f 3137/274/3129 3136/273/3128 3151/296/3143 3152/298/3144
f 3130/275/3122 3129/272/3121 3144/297/3136 3145/299/3137
f 3138/276/3130 3137/274/3129 3152/298/3144 3153/300/3145
f 3131/277/3123 3130/275/3122 3145/299/3137 3146/301/3138
f 3139/278/3131 3138/276/3130 3153/300/3145 3154/302/3146
f 3132/279/3124 3131/277/3123 3146/301/3138 3147/288/3139
f 3125/281/3117 2974/303/2966 3140/290/3132
f 3200/304/3192 3139/278/3131 3154/302/3146
f 3152/298/3144 3151/296/3143 3166/305/3158 3167/306/3159
f 3145/299/3137 3144/297/3136 3159/307/3151 3160/308/3152
f 3153/300/3145 3152/298/3144 3167/306/3159 3168/309/3160
f 3146/301/3138 3145/299/3137 3160/308/3152 3161/310/3153
f 3154/302/3146 3153/300/3145 3168/309/3160 3169/311/3161
f 3147/288/3139 3146/301/3138 3161/310/3153 3162/312/3154
f 3140/290/3132 2974/313/2966 3155/314/3147
f 3200/315/3192 3154/302/3146 3169/311/3161
f 3148/289/3140 3147/288/3139 3162/312/3154 3163/316/3155
f 3141/291/3133 3140/290/3132 3155/314/3147 3156/317/3148
f 3149/292/3141 3148/289/3140 3163/316/3155 3164/318/3156
f 3142/293/3134 3141/291/3133 3156/317/3148 3157/319/3149
f 3150/294/3142 3149/292/3141 3164/318/3156 3165/320/3157
f 3143/295/3135 3142/293/3134 3157/319/3149 3158/321/3150
f 3151/296/3143 3150/294/3142 3165/320/3157 3166/305/3158
f 3144/297/3136 3143/295/3135 3158/321/3150 3159/307/3151
f 3156/317/3148 3155/314/3147 3170/322/3162 3171/323/3163
f 3164/318/3156 3163/316/3155 3178/324/3170 3179/325/3171
f 3157/319/3149 3156/317/3148 3171/323/3163 3172/326/3164
f 3165/320/3157 3164/318/3156 3179/325/3171 3180/327/3172
f 3158/321/3150 3157/319/3149 3172/326/3164 3173/328/3165
f 3166/305/3158 3165/320/3157 3180/327/3172 3181/329/3173
f 3159/307/3151 3158/321/3150 3173/328/3165 3174/330/3166
f 3167/306/3159 3166/305/3158 3181/329/3173 3182/331/3174
f 3160/308/3152 3159/307/3151 3174/330/3166 3175/332/3167
f 3168/309/3160 3167/306/3159 3182/331/3174 3183/333/3175
f 3161/310/3153 3160/308/3152 3175/332/3167 3176/334/3168
f 3169/311/3161 3168/309/3160 3183/333/3175 3184/335/3176
f 3162/312/3154 3161/310/3153 3176/334/3168 3177/336/3169
f 3155/314/3147 2974/337/2966 3170/322/3162
f 3200/338/3192 3169/311/3161 3184/335/3176
f 3163/316/3155 3162/312/3154 3177/336/3169 3178/324/3170
f 3175/332/3167 3174/330/3166 3189/339/3181 3190/340/3182
f 3183/333/3175 3182/331/3174 3197/341/3189 3198/342/3190
f 3176/334/3168 3175/332/3167 3190/340/3182 3191/343/3183
f 3184/335/3176 3183/333/3175 3198/342/3190 3199/344/3191
f 3177/336/3169 3176/334/3168 3191/343/3183 3192/345/3184
f 3170/322/3162 2974/346/2966 3185/347/3177
f 3200/348/3192 3184/335/3176 3199/344/3191
f 3178/324/3170 3177/336/3169 3192/345/3184 3193/349/3185
f 3171/323/3163 3170/322/3162 3185/347/3177 3186/350/3178
f 3179/325/3171 3178/324/3170 3193/349/3185 3194/351/3186
f 3172/326/3164 3171/323/3163 3186/350/3178 3187/352/3179
f 3180/327/3172 3179/325/3171 3194/351/3186 3195/353/3187
f 3173/328/3165 3172/326/3164 3187/352/3179 3188/354/3180
f 3181/329/3173 3180/327/3172 3195/353/3187 3196/355/3188
f 3174/330/3166 3173/328/3165 3188/354/3180 3189/339/3181
f 3182/331/3174 3181/329/3173 3196/355/3188 3197/341/3189
f 3194/351/3186 3193/349/3185 3209/356/3201 3210/357/3202
f 3187/352/3179 3186/350/3178 3202/358/3194 3203/359/3195
f 3195/353/3187 3194/351/3186 3210/357/3202 3211/360/3203
f 3188/354/3180 3187/352/3179 3203/359/3195 3204/361/3196
f 3196/355/3188 3195/353/3187 3211/360/3203 3212/362/3204
f 3189/339/3181 3188/354/3180 3204/361/3196 3205/363/3197
f 3197/341/3189 3196/355/3188 3212/362/3204 3213/364/3205
f 3190/340/3182 3189/339/3181 3205/363/3197 3206/365/3198
f 3198/342/3190 3197/341/3189 3213/364/3205 3214/366/3206
f 3191/343/3183 3190/340/3182 3206/365/3198 3207/367/3199
f 3199/344/3191 3198/342/3190 3214/366/3206 3215/368/3207
f 3192/345/3184 3191/343/3183 3207/367/3199 3208/369/3200
f 3185/347/3177 2974/370/2966 3201/371/3193
f 3200/372/3192 3199/344/3191 3215/368/3207
f 3193/349/3185 3192/345/3184 3208/369/3200 3209/356/3201
f 3186/350/3178 3185/347/3177 3201/371/3193 3202/358/3194
f 3214/366/3206 3213/364/3205 3228/373/3220 3229/374/3221
f 3207/367/3199 3206/365/3198 3221/375/3213 3222/376/3214
f 3215/368/3207 3214/366/3206 3229/374/3221 3230/377/3222
f 3208/369/3200 3207/367/3199 3222/376/3214 3223/378/3215
f 3201/371/3193 2974/379/2966 3216/380/3208
f 3200/381/3192 3215/368/3207 3230/377/3222
f 3209/356/3201 3208/369/3200 3223/378/3215 3224/382/3216
f 3202/358/3194 3201/371/3193 3216/380/3208 3217/383/3209
f 3210/357/3202 3209/356/3201 3224/382/3216 3225/384/3217
f 3203/359/3195 3202/358/3194 3217/383/3209 3218/385/3210
f 3211/360/3203 3210/357/3202 3225/384/3217 3226/386/3218
f 3204/361/3196 3203/359/3195 3218/385/3210 3219/387/3211
f 3212/362/3204 3211/360/3203 3226/386/3218 3227/388/3219
f 3205/363/3197 3204/361/3196 3219/387/3211 3220/389/3212
f 3213/364/3205 3212/362/3204 3227/388/3219 3228/373/3220
f 3206/365/3198 3205/363/3197 3220/389/3212 3221/375/3213
f 3226/386/3218 3225/384/3217 3240/390/3232 3241/391/3233
f 3219/387/3211 3218/385/3210 3233/392/3225 3234/393/3226
f 3227/388/3219 3226/386/3218 3241/391/3233 3242/394/3234
f 3220/389/3212 3219/387/3211 3234/393/3226 3235/395/3227
f 3228/373/3220 3227/388/3219 3242/394/3234 3243/396/3235
f 3221/375/3213 3220/389/3212 3235/395/3227 3236/397/3228
f 3229/374/3221 3228/373/3220 3243/396/3235 3244/398/3236
f 3222/376/3214 3221/375/3213 3236/397/3228 3237/399/3229
f 3230/377/3222 3229/374/3221 3244/398/3236 3245/400/3237
f 3223/378/3215 3222/376/3214 3237/399/3229 3238/401/3230
f 3216/380/3208 2974/402/2966 3231/403/3223
f 3200/404/3192 3230/377/3222 3245/400/3237
f 3224/382/3216 3223/378/3215 3238/401/3230 3239/405/3231
f 3217/383/3209 3216/380/3208 3231/403/3223 3232/406/3224
f 3225/384/3217 3224/382/3216 3239/405/3231 3240/390/3232
f 3218/385/3210 3217/383/3209 3232/406/3224 3233/392/3225
f 3245/400/3237 3244/398/3236 3259/407/3251 3260/408/3252
f 3238/401/3230 3237/399/3229 3252/409/3244 3253/410/3245
f 3231/403/3223 2974/411/2966 3246/412/3238
f 3200/413/3192 3245/400/3237 3260/408/3252
f 3239/405/3231 3238/401/3230 3253/410/3245 3254/414/3246
f 3232/406/3224 3231/403/3223 3246/412/3238 3247/415/3239
f 3240/390/3232 3239/405/3231 3254/414/3246 3255/416/3247
f 3233/392/3225 3232/406/3224 3247/415/3239 3248/417/3240
f 3241/391/3233 3240/390/3232 3255/416/3247 3256/418/3248
f 3234/393/3226 3233/392/3225 3248/417/3240 3249/419/3241
f 3242/394/3234 3241/391/3233 3256/418/3248 3257/420/3249
f 3235/395/3227 3234/393/3226 3249/419/3241 3250/421/3242
f 3243/396/3235 3242/394/3234 3257/420/3249 3258/422/3250
f 3236/397/3228 3235/395/3227 3250/421/3242 3251/423/3243
f 3244/398/3236 3243/396/3235 3258/422/3250 3259/407/3251
f 3237/399/3229 3236/397/3228 3251/423/3243 3252/409/3244
f 3249/424/3241 3248/425/3240 3263/426/3255 3264/427/3256
f 3257/428/3249 3256/429/3248 3271/430/3263 3272/431/3264
f 3250/432/3242 3249/424/3241 3264/427/3256 3265/433/3257
f 3258/434/3250 3257/428/3249 3272/431/3264 3273/435/3265
f 3251/436/3243 3250/432/3242 3265/433/3257 3266/437/3258
f 3259/438/3251 3258/434/3250 3273/435/3265 3274/439/3266
f 3252/440/3244 3251/436/3243 3266/437/3258 3267/441/3259
f 3260/442/3252 3259/438/3251 3274/439/3266 3275/443/3267
f 3253/444/3245 3252/440/3244 3267/441/3259 3268/445/3260
f 3246/446/3238 2974/447/2966 3261/448/3253
f 3200/449/3192 3260/442/3252 3275/443/3267
f 3254/450/3246 3253/444/3245 3268/445/3260 3269/451/3261
f 3247/452/3239 3246/446/3238 3261/448/3253 3262/453/3254
f 3255/454/3247 3254/450/3246 3269/451/3261 3270/455/3262
f 3248/425/3240 3247/452/3239 3262/453/3254 3263/426/3255
f 3256/429/3248 3255/454/3247 3270/455/3262 3271/430/3263
f 3268/445/3260 3267/441/3259 3282/456/3274 3283/457/3275
f 3261/448/3253 2974/458/2966 3276/459/3268
f 3200/460/3192 3275/443/3267 3290/461/3282
f 3269/451/3261 3268/445/3260 3283/457/3275 3284/462/3276
f 3262/453/3254 3261/448/3253 3276/459/3268 3277/463/3269
f 3270/455/3262 3269/451/3261 3284/462/3276 3285/464/3277
f 3263/426/3255 3262/453/3254 3277/463/3269 3278/465/3270
f 3271/430/3263 3270/455/3262 3285/464/3277 3286/466/3278
f 3264/427/3256 3263/426/3255 3278/465/3270 3279/467/3271
f 3272/431/3264 3271/430/3263 3286/466/3278 3287/468/3279
f 3265/433/3257 3264/427/3256 3279/467/3271 3280/469/3272
f 3273/435/3265 3272/431/3264 3287/468/3279 3288/470/3280
f 3266/437/3258 3265/433/3257 3280/469/3272 3281/471/3273
f 3274/439/3266 3273/435/3265 3288/470/3280 3289/472/3281
f 3267/441/3259 3266/437/3258 3281/471/3273 3282/456/3274
f 3275/443/3267 3274/439/3266 3289/472/3281 3290/461/3282
f 3287/468/3279 3286/466/3278 3301/473/3293 3302/474/3294
f 3280/469/3272 3279/467/3271 3294/475/3286 3295/476/3287
f 3288/470/3280 3287/468/3279 3302/474/3294 3303/477/3295
f 3281/471/3273 3280/469/3272 3295/476/3287 3296/478/3288
f 3289/472/3281 3288/470/3280 3303/477/3295 3304/479/3296
f 3282/456/3274 3281/471/3273 3296/478/3288 3297/480/3289
f 3290/461/3282 3289/472/3281 3304/479/3296 3305/481/3297
f 3283/457/3275 3282/456/3274 3297/480/3289 3298/482/3290
f 3276/459/3268 2974/483/2966 3291/484/3283
f 3200/485/3192 3290/461/3282 3305/481/3297
f 3284/462/3276 3283/457/3275 3298/482/3290 3299/486/3291
f 3277/463/3269 3276/459/3268 3291/484/3283 3292/487/3284
f 3285/464/3277 3284/462/3276 3299/486/3291 3300/488/3292
f 3278/465/3270 3277/463/3269 3292/487/3284 3293/489/3285
f 3286/466/3278 3285/464/3277 3300/488/3292 3301/473/3293
f 3279/467/3271 3278/465/3270 3293/489/3285 3294/475/3286
f 3291/484/3283 2974/490/2966 3306/491/3298
f 3200/492/3192 3305/481/3297 3320/493/3312
f 3299/486/3291 3298/482/3290 3313/494/3305 3314/495/3306
f 3292/487/3284 3291/484/3283 3306/491/3298 3307/496/3299
f 3300/488/3292 3299/486/3291 3314/495/3306 3315/497/3307
f 3293/489/3285 3292/487/3284 3307/496/3299 3308/498/3300
f 3301/473/3293 3300/488/3292 3315/497/3307 3316/499/3308
f 3294/475/3286 3293/489/3285 3308/498/3300 3309/500/3301
f 3302/474/3294 3301/473/3293 3316/499/3308 3317/501/3309
f 3295/476/3287 3294/475/3286 3309/500/3301 3310/502/3302
f 3303/477/3295 3302/474/3294 3317/501/3309 3318/503/3310
f 3296/478/3288 3295/476/3287 3310/502/3302 3311/504/3303
f 3304/479/3296 3303/477/3295 3318/503/3310 3319/505/3311
f 3297/480/3289 3296/478/3288 3311/504/3303 3312/506/3304
f 3305/481/3297 3304/479/3296 3319/505/3311 3320/493/3312
f 3298/482/3290 3297/480/3289 3312/506/3304 3313/494/3305
f 3310/502/3302 3309/500/3301 3324/507/3316 3325/508/3317
f 3318/503/3310 3317/501/3309 3332/509/3324 3333/510/3325
f 3311/504/3303 3310/502/3302 3325/508/3317 3326/511/3318
f 3319/505/3311 3318/503/3310 3333/510/3325 3334/512/3326
f 3312/506/3304 3311/504/3303 3326/511/3318 3327/513/3319
f 3320/493/3312 3319/505/3311 3334/512/3326 3335/514/3327
f 3313/494/3305 3312/506/3304 3327/513/3319 3328/515/3320
f 3306/491/3298 2974/516/2966 3321/517/3313
f 3200/518/3192 3320/493/3312 3335/514/3327
f 3314/495/3306 3313/494/3305 3328/515/3320 3329/519/3321
f 3307/496/3299 3306/491/3298 3321/517/3313 3322/520/3314
f 3315/497/3307 3314/495/3306 3329/519/3321 3330/521/3322
f 3308/498/3300 3307/496/3299 3322/520/3314 3323/522/3315
f 3316/499/3308 3315/497/3307 3330/521/3322 3331/523/3323
f 3309/500/3301 3308/498/3300 3323/522/3315 3324/507/3316
f 3317/501/3309 3316/499/3308 3331/523/3323 3332/509/3324
f 3329/519/3321 3328/515/3320 3343/524/3335 3344/525/3336
f 3322/520/3314 3321/517/3313 3336/526/3328 3337/527/3329
f 3330/521/3322 3329/519/3321 3344/525/3336 3345/528/3337
f 3323/522/3315 3322/520/3314 3337/527/3329 3338/529/3330
f 3331/523/3323 3330/521/3322 3345/528/3337 3346/530/3338
f 3324/507/3316 3323/522/3315 3338/529/3330 3339/531/3331
f 3332/509/3324 3331/523/3323 3346/530/3338 3347/532/3339
f 3325/508/3317 3324/507/3316 3339/531/3331 3340/533/3332
f 3333/510/3325 3332/509/3324 3347/532/3339 3348/534/3340
f 3326/511/3318 3325/508/3317 3340/533/3332 3341/535/3333
f 3334/512/3326 3333/510/3325 3348/534/3340 3349/536/3341
f 3327/513/3319 3326/511/3318 3341/535/3333 3342/537/3334
f 3335/514/3327 3334/512/3326 3349/536/3341 3350/538/3342
f 3328/515/3320 3327/513/3319 3342/537/3334 3343/524/3335
f 3321/517/3313 2974/539/2966 3336/526/3328
f 3200/540/3192 3335/514/3327 3350/538/3342
f 3348/534/3340 3347/532/3339 3362/541/3354 3363/542/3355
f 3341/535/3333 3340/533/3332 3355/543/3347 3356/544/3348
f 3349/536/3341 3348/534/3340 3363/542/3355 3364/545/3356
f 3342/537/3334 3341/535/3333 3356/544/3348 3357/546/3349
f 3350/538/3342 3349/536/3341 3364/545/3356 3365/547/3357
f 3343/524/3335 3342/537/3334 3357/546/3349 3358/548/3350
f 3336/526/3328 2974/549/2966 3351/550/3343
f 3200/551/3192 3350/538/3342 3365/547/3357
f 3344/525/3336 3343/524/3335 3358/548/3350 3359/552/3351
f 3337/527/3329 3336/526/3328 3351/550/3343 3352/553/3344
f 3345/528/3337 3344/525/3336 3359/552/3351 3360/554/3352
f 3338/529/3330 3337/527/3329 3352/553/3344 3353/555/3345
f 3346/530/3338 3345/528/3337 3360/554/3352 3361/556/3353
f 3339/531/3331 3338/529/3330 3353/555/3345 3354/557/3346
f 3347/532/3339 3346/530/3338 3361/556/3353 3362/541/3354
f 3340/533/3332 3339/531/3331 3354/557/3346 3355/543/3347
f 3360/554/3352 3359/552/3351 2897/6/2889 3370/5/3362
f 3353/555/3345 3352/553/3344 3367/1/3359 2893/9/2885
f 3361/556/3353 3360/554/3352 3370/5/3362 2898/11/2890
f 3354/557/3346 3353/555/3345 2893/9/2885 3368/13/3360
f 3362/541/3354 3361/556/3353 2898/11/2890 3371/15/3363
f 3355/543/3347 3354/557/3346 3368/13/3360 2894/17/2886
f 3363/542/3355 3362/541/3354 3371/15/3363 3372/19/3364
f 3356/544/3348 3355/543/3347 2894/17/2886 3369/21/3361
f 3364/545/3356 3363/542/3355 3372/19/3364 3373/23/3365
f 3357/546/3349 3356/544/3348 3369/21/3361 2895/25/2887
f 3365/547/3357 3364/545/3356 3373/23/3365 3374/27/3366
f 3358/548/3350 3357/546/3349 2895/25/2887 2896/29/2888
f 3351/550/3343 2974/558/2966 3366/2/3358
f 3200/559/3192 3365/547/3357 3374/27/3366
f 3359/552/3351 3358/548/3350 2896/29/2888 2897/6/2889
f 3352/553/3344 3351/550/3343 3366/2/3358 3367/1/3359
f 3849/1/3839 3848/2/3838 3381/3/3373 3382/4/3374
f 3852/5/3842 3379/6/3371 3389/7/3381 3390/8/3382
f 3375/9/3367 3849/1/3839 3382/4/3374 3383/10/3375
f 3380/11/3372 3852/5/3842 3390/8/3382 3391/12/3383
f 3850/13/3840 3375/9/3367 3383/10/3375 3384/14/3376
f 3853/15/3843 3380/11/3372 3391/12/3383 3392/16/3384
f 3376/17/3368 3850/13/3840 3384/14/3376 3385/18/3377
f 3854/19/3844 3853/15/3843 3392/16/3384 3393/20/3385
f 3851/21/3841 3376/17/3368 3385/18/3377 3386/22/3378
f 3855/23/3845 3854/19/3844 3393/20/3385 3394/24/3386
f 3377/25/3369 3851/21/3841 3386/22/3378 3387/26/3379
f 3856/27/3846 3855/23/3845 3394/24/3386 3395/28/3387
f 3378/29/3370 3377/25/3369 3387/26/3379 3388/30/3380
f 3848/2/3838 3456/31/3192 3381/3/3373
f 3682/32/2966 3856/27/3846 3395/28/3387
f 3379/6/3371 3378/29/3370 3388/30/3380 3389/7/3381
f 3388/30/3380 3387/26/3379 3402/33/3394 3403/34/3395
f 3381/3/3373 3456/35/3192 3396/36/3388
f 3682/37/2966 3395/28/3387 3410/38/3402
f 3389/7/3381 3388/30/3380 3403/34/3395 3404/39/3396
f 3382/4/3374 3381/3/3373 3396/36/3388 3397/40/3389
f 3390/8/3382 3389/7/3381 3404/39/3396 3405/41/3397
f 3383/10/3375 3382/4/3374 3397/40/3389 3398/42/3390
f 3391/12/3383 3390/8/3382 3405/41/3397 3406/43/3398
f 3384/14/3376 3383/10/3375 3398/42/3390 3399/44/3391
f 3392/16/3384 3391/12/3383 3406/43/3398 3407/45/3399
f 3385/18/3377 3384/14/3376 3399/44/3391 3400/46/3392
f 3393/20/3385 3392/16/3384 3407/45/3399 3408/47/3400
f 3386/22/3378 3385/18/3377 3400/46/3392 3401/48/3393
f 3394/24/3386 3393/20/3385 3408/47/3400 3409/49/3401
f 3387/26/3379 3386/22/3378 3401/48/3393 3402/33/3394
f 3395/28/3387 3394/24/3386 3409/49/3401 3410/38/3402
f 3407/45/3399 3406/43/3398 3421/50/3413 3422/51/3414
f 3400/46/3392 3399/44/3391 3414/52/3406 3415/53/3407
f 3408/47/3400 3407/45/3399 3422/51/3414 3423/54/3415
f 3401/48/3393 3400/46/3392 3415/53/3407 3416/55/3408
f 3409/49/3401 3408/47/3400 3423/54/3415 3424/56/3416
f 3402/33/3394 3401/48/3393 3416/55/3408 3417/57/3409
f 3410/38/3402 3409/49/3401 3424/56/3416 3425/58/3417
f 3403/34/3395 3402/33/3394 3417/57/3409 3418/59/3410
f 3396/36/3388 3456/60/3192 3411/61/3403
f 3682/62/2966 3410/38/3402 3425/58/3417
f 3404/39/3396 3403/34/3395 3418/59/3410 3419/63/3411
f 3397/40/3389 3396/36/3388 3411/61/3403 3412/64/3404
f 3405/41/3397 3404/39/3396 3419/63/3411 3420/65/3412
f 3398/42/3390 3397/40/3389 3412/64/3404 3413/66/3405
f 3406/43/3398 3405/41/3397 3420/65/3412 3421/50/3413
f 3399/44/3391 3398/42/3390 3413/66/3405 3414/52/3406
f 3682/67/2966 3425/58/3417 3440/68/3432
f 3419/63/3411 3418/59/3410 3433/69/3425 3434/70/3426
f 3412/64/3404 3411/61/3403 3426/71/3418 3427/72/3419
f 3420/65/3412 3419/63/3411 3434/70/3426 3435/73/3427
f 3413/66/3405 3412/64/3404 3427/72/3419 3428/74/3420
f 3421/50/3413 3420/65/3412 3435/73/3427 3436/75/3428
f 3414/52/3406 3413/66/3405 3428/74/3420 3429/76/3421
f 3422/51/3414 3421/50/3413 3436/75/3428 3437/77/3429
f 3415/53/3407 3414/52/3406 3429/76/3421 3430/78/3422
f 3423/54/3415 3422/51/3414 3437/77/3429 3438/79/3430
f 3416/55/3408 3415/53/3407 3430/78/3422 3431/80/3423
f 3424/56/3416 3423/54/3415 3438/79/3430 3439/81/3431
f 3417/57/3409 3416/55/3408 3431/80/3423 3432/82/3424
f 3425/58/3417 3424/56/3416 3439/81/3431 3440/68/3432
f 3418/59/3410 3417/57/3409 3432/82/3424 3433/69/3425
f 3411/61/3403 3456/83/3192 3426/71/3418
f 3438/79/3430 3437/77/3429 3452/84/3444 3453/85/3445
f 3431/80/3423 3430/78/3422 3445/86/3437 3446/87/3438
f 3439/81/3431 3438/79/3430 3453/85/3445 3454/88/3446
f 3432/82/3424 3431/80/3423 3446/87/3438 3447/89/3439
f 3440/68/3432 3439/81/3431 3454/88/3446 3455/90/3447
f 3433/69/3425 3432/82/3424 3447/89/3439 3448/91/3440
f 3426/71/3418 3456/92/3192 3441/93/3433
f 3682/94/2966 3440/68/3432 3455/90/3447
f 3434/70/3426 3433/69/3425 3448/91/3440 3449/95/3441
f 3427/72/3419 3426/71/3418 3441/93/3433 3442/96/3434
f 3435/73/3427 3434/70/3426 3449/95/3441 3450/97/3442
f 3428/74/3420 3427/72/3419 3442/96/3434 3443/98/3435
f 3436/75/3428 3435/73/3427 3450/97/3442 3451/99/3443
f 3429/76/3421 3428/74/3420 3443/98/3435 3444/100/3436
f 3437/77/3429 3436/75/3428 3451/99/3443 3452/84/3444
f 3430/78/3422 3429/76/3421 3444/100/3436 3445/86/3437
f 3442/96/3434 3441/93/3433 3457/101/3448 3458/102/3449
f 3450/97/3442 3449/95/3441 3465/103/3456 3466/104/3457
f 3443/98/3435 3442/96/3434 3458/102/3449 3459/105/3450
f 3451/99/3443 3450/97/3442 3466/104/3457 3467/106/3458
f 3444/100/3436 3443/98/3435 3459/105/3450 3460/107/3451
f 3452/84/3444 3451/99/3443 3467/106/3458 3468/108/3459
f 3445/86/3437 3444/100/3436 3460/107/3451 3461/109/3452
f 3453/85/3445 3452/84/3444 3468/108/3459 3469/110/3460
f 3446/87/3438 3445/86/3437 3461/109/3452 3462/111/3453
f 3454/88/3446 3453/85/3445 3469/110/3460 3470/112/3461
f 3447/89/3439 3446/87/3438 3462/111/3453 3463/113/3454
f 3455/90/3447 3454/88/3446 3470/112/3461 3471/114/3462
f 3448/91/3440 3447/89/3439 3463/113/3454 3464/115/3455
f 3441/93/3433 3456/116/3192 3457/101/3448
f 3682/117/2966 3455/90/3447 3471/114/3462
f 3449/95/3441 3448/91/3440 3464/115/3455 3465/103/3456
f 3462/111/3453 3461/109/3452 3476/118/3467 3477/119/3468
f 3470/112/3461 3469/110/3460 3484/120/3475 3485/121/3476
f 3463/113/3454 3462/111/3453 3477/119/3468 3478/122/3469
f 3471/114/3462 3470/112/3461 3485/121/3476 3486/123/3477
f 3464/115/3455 3463/113/3454 3478/122/3469 3479/124/3470
f 3457/101/3448 3456/125/3192 3472/126/3463
f 3682/127/2966 3471/114/3462 3486/123/3477
f 3465/103/3456 3464/115/3455 3479/124/3470 3480/128/3471
f 3458/102/3449 3457/101/3448 3472/126/3463 3473/129/3464
f 3466/104/3457 3465/103/3456 3480/128/3471 3481/130/3472
f 3459/105/3450 3458/102/3449 3473/129/3464 3474/131/3465
f 3467/106/3458 3466/104/3457 3481/130/3472 3482/132/3473
f 3460/107/3451 3459/105/3450 3474/131/3465 3475/133/3466
f 3468/108/3459 3467/106/3458 3482/132/3473 3483/134/3474
f 3461/109/3452 3460/107/3451 3475/133/3466 3476/118/3467
f 3469/110/3460 3468/108/3459 3483/134/3474 3484/120/3475
f 3481/130/3472 3480/128/3471 3495/135/3486 3496/136/3487
f 3474/131/3465 3473/129/3464 3488/137/3479 3489/138/3480
f 3482/132/3473 3481/130/3472 3496/136/3487 3497/139/3488
f 3475/133/3466 3474/131/3465 3489/138/3480 3490/140/3481
f 3483/134/3474 3482/132/3473 3497/139/3488 3498/141/3489
f 3476/118/3467 3475/133/3466 3490/140/3481 3491/142/3482
f 3484/120/3475 3483/134/3474 3498/141/3489 3499/143/3490
f 3477/119/3468 3476/118/3467 3491/142/3482 3492/144/3483
f 3485/121/3476 3484/120/3475 3499/143/3490 3500/145/3491
f 3478/122/3469 3477/119/3468 3492/144/3483 3493/146/3484
f 3486/123/3477 3485/121/3476 3500/145/3491 3501/147/3492
f 3479/124/3470 3478/122/3469 3493/146/3484 3494/148/3485
f 3472/126/3463 3456/149/3192 3487/150/3478
f 3682/151/2966 3486/123/3477 3501/147/3492
f 3480/128/3471 3479/124/3470 3494/148/3485 3495/135/3486
f 3473/129/3464 3472/126/3463 3487/150/3478 3488/137/3479
f 3500/145/3491 3499/143/3490 3514/152/3505 3515/153/3506
f 3493/146/3484 3492/144/3483 3507/154/3498 3508/155/3499
f 3501/147/3492 3500/145/3491 3515/153/3506 3516/156/3507
f 3494/148/3485 3493/146/3484 3508/155/3499 3509/157/3500
f 3487/150/3478 3456/158/3192 3502/159/3493
f 3682/160/2966 3501/147/3492 3516/156/3507
f 3495/135/3486 3494/148/3485 3509/157/3500 3510/161/3501
f 3488/137/3479 3487/150/3478 3502/159/3493 3503/162/3494
f 3496/136/3487 3495/135/3486 3510/161/3501 3511/163/3502
f 3489/138/3480 3488/137/3479 3503/162/3494 3504/164/3495
f 3497/139/3488 3496/136/3487 3511/163/3502 3512/165/3503
f 3490/140/3481 3489/138/3480 3504/164/3495 3505/166/3496
f 3498/141/3489 3497/139/3488 3512/165/3503 3513/167/3504
f 3491/142/3482 3490/140/3481 3505/166/3496 3506/168/3497
f 3499/143/3490 3498/141/3489 3513/167/3504 3514/152/3505
f 3492/144/3483 3491/142/3482 3506/168/3497 3507/154/3498
f 3504/164/3495 3503/162/3494 3518/169/3509 3519/170/3510
f 3512/165/3503 3511/163/3502 3526/171/3517 3527/172/3518
f 3505/166/3496 3504/164/3495 3519/170/3510 3520/173/3511
f 3513/167/3504 3512/165/3503 3527/172/3518 3528/174/3519
f 3506/168/3497 3505/166/3496 3520/173/3511 3521/175/3512
f 3514/152/3505 3513/167/3504 3528/174/3519 3529/176/3520
f 3507/154/3498 3506/168/3497 3521/175/3512 3522/177/3513
f 3515/153/3506 3514/152/3505 3529/176/3520 3530/178/3521
f 3508/155/3499 3507/154/3498 3522/177/3513 3523/179/3514
f 3516/156/3507 3515/153/3506 3530/178/3521 3531/180/3522
f 3509/157/3500 3508/155/3499 3523/179/3514 3524/181/3515
f 3502/159/3493 3456/182/3192 3517/183/3508
f 3682/184/2966 3516/156/3507 3531/180/3522
f 3510/161/3501 3509/157/3500 3524/181/3515 3525/185/3516
f 3503/162/3494 3502/159/3493 3517/183/3508 3518/169/3509
f 3511/163/3502 3510/161/3501 3525/185/3516 3526/171/3517
f 3523/179/3514 3522/177/3513 3537/186/3528 3538/187/3529
f 3531/180/3522 3530/178/3521 3545/188/3536 3546/189/3537
f 3524/181/3515 3523/179/3514 3538/187/3529 3539/190/3530
f 3517/183/3508 3456/191/3192 3532/192/3523
f 3682/193/2966 3531/180/3522 3546/189/3537
f 3525/185/3516 3524/181/3515 3539/190/3530 3540/194/3531
f 3518/169/3509 3517/183/3508 3532/192/3523 3533/195/3524
f 3526/171/3517 3525/185/3516 3540/194/3531 3541/196/3532
f 3519/170/3510 3518/169/3509 3533/195/3524 3534/197/3525
f 3527/172/3518 3526/171/3517 3541/196/3532 3542/198/3533
f 3520/173/3511 3519/170/3510 3534/197/3525 3535/199/3526
f 3528/174/3519 3527/172/3518 3542/198/3533 3543/200/3534
f 3521/175/3512 3520/173/3511 3535/199/3526 3536/201/3527
f 3529/176/3520 3528/174/3519 3543/200/3534 3544/202/3535
f 3522/177/3513 3521/175/3512 3536/201/3527 3537/186/3528
f 3530/178/3521 3529/176/3520 3544/202/3535 3545/188/3536
f 3542/198/3533 3541/196/3532 3556/203/3547 3557/204/3548
f 3535/199/3526 3534/197/3525 3549/205/3540 3550/206/3541
f 3543/200/3534 3542/198/3533 3557/204/3548 3558/207/3549
f 3536/201/3527 3535/199/3526 3550/206/3541 3551/208/3542
f 3544/202/3535 3543/200/3534 3558/207/3549 3559/209/3550
f 3537/186/3528 3536/201/3527 3551/208/3542 3552/210/3543
f 3545/188/3536 3544/202/3535 3559/209/3550 3560/211/3551
f 3538/187/3529 3537/186/3528 3552/210/3543 3553/212/3544
f 3546/189/3537 3545/188/3536 3560/211/3551 3561/213/3552
f 3539/190/3530 3538/187/3529 3553/212/3544 3554/214/3545
f 3532/192/3523 3456/215/3192 3547/216/3538
f 3682/217/2966 3546/189/3537 3561/213/3552
f 3540/194/3531 3539/190/3530 3554/214/3545 3555/218/3546
f 3533/195/3524 3532/192/3523 3547/216/3538 3548/219/3539
f 3541/196/3532 3540/194/3531 3555/218/3546 3556/203/3547
f 3534/197/3525 3533/195/3524 3548/219/3539 3549/205/3540
f 3561/213/3552 3560/211/3551 3575/220/3566 3576/221/3567
f 3554/214/3545 3553/212/3544 3568/222/3559 3569/223/3560
f 3547/216/3538 3456/224/3192 3562/225/3553
f 3682/226/2966 3561/213/3552 3576/221/3567
f 3555/218/3546 3554/214/3545 3569/223/3560 3570/227/3561
f 3548/219/3539 3547/216/3538 3562/225/3553 3563/228/3554
f 3556/203/3547 3555/218/3546 3570/227/3561 3571/229/3562
f 3549/205/3540 3548/219/3539 3563/228/3554 3564/230/3555
f 3557/204/3548 3556/203/3547 3571/229/3562 3572/231/3563
f 3550/206/3541 3549/205/3540 3564/230/3555 3565/232/3556
f 3558/207/3549 3557/204/3548 3572/231/3563 3573/233/3564
f 3551/208/3542 3550/206/3541 3565/232/3556 3566/234/3557
f 3559/209/3550 3558/207/3549 3573/233/3564 3574/235/3565
f 3552/210/3543 3551/208/3542 3566/234/3557 3567/236/3558
f 3560/211/3551 3559/209/3550 3574/235/3565 3575/220/3566
f 3553/212/3544 3552/210/3543 3567/236/3558 3568/222/3559
f 3573/233/3564 3572/231/3563 3587/237/3578 3588/238/3579
f 3566/234/3557 3565/232/3556 3580/239/3571 3581/240/3572
f 3574/235/3565 3573/233/3564 3588/238/3579 3589/241/3580
f 3567/236/3558 3566/234/3557 3581/240/3572 3582/242/3573
f 3575/220/3566 3574/235/3565 3589/241/3580 3590/243/3581
f 3568/222/3559 3567/236/3558 3582/242/3573 3583/244/3574
f 3576/221/3567 3575/220/3566 3590/243/3581 3591/245/3582
f 3569/223/3560 3568/222/3559 3583/244/3574 3584/246/3575
f 3562/225/3553 3456/247/3192 3577/248/3568
f 3682/249/2966 3576/221/3567 3591/245/3582
f 3570/227/3561 3569/223/3560 3584/246/3575 3585/250/3576
f 3563/228/3554 3562/225/3553 3577/248/3568 3578/251/3569
f 3571/229/3562 3570/227/3561 3585/250/3576 3586/252/3577
f 3564/230/3555 3563/228/3554 3578/251/3569 3579/253/3570
f 3572/231/3563 3571/229/3562 3586/252/3577 3587/237/3578
f 3565/232/3556 3564/230/3555 3579/253/3570 3580/239/3571
f 3577/248/3568 3456/254/3192 3592/255/3583
f 3682/256/2966 3591/245/3582 3606/257/3597
f 3585/250/3576 3584/246/3575 3599/258/3590 3600/259/3591
f 3578/251/3569 3577/248/3568 3592/255/3583 3593/260/3584
f 3586/252/3577 3585/250/3576 3600/259/3591 3601/261/3592
f 3579/253/3570 3578/251/3569 3593/260/3584 3594/262/3585
f 3587/237/3578 3586/252/3577 3601/261/3592 3602/263/3593
f 3580/239/3571 3579/253/3570 3594/262/3585 3595/264/3586
f 3588/238/3579 3587/237/3578 3602/263/3593 3603/265/3594
f 3581/240/3572 3580/239/3571 3595/264/3586 3596/266/3587
f 3589/241/3580 3588/238/3579 3603/265/3594 3604/267/3595
f 3582/242/3573 3581/240/3572 3596/266/3587 3597/268/3588
f 3590/243/3581 3589/241/3580 3604/267/3595 3605/269/3596
f 3583/244/3574 3582/242/3573 3597/268/3588 3598/270/3589
f 3591/245/3582 3590/243/3581 3605/269/3596 3606/257/3597
f 3584/246/3575 3583/244/3574 3598/270/3589 3599/258/3590
f 3596/266/3587 3595/264/3586 3610/271/3601 3611/272/3602
f 3604/267/3595 3603/265/3594 3618/273/3609 3619/274/3610
f 3597/268/3588 3596/266/3587 3611/272/3602 3612/275/3603
f 3605/269/3596 3604/267/3595 3619/274/3610 3620/276/3611
f 3598/270/3589 3597/268/3588 3612/275/3603 3613/277/3604
f 3606/257/3597 3605/269/3596 3620/276/3611 3621/278/3612
f 3599/258/3590 3598/270/3589 3613/277/3604 3614/279/3605
f 3592/255/3583 3456/280/3192 3607/281/3598
f 3682/282/2966 3606/257/3597 3621/278/3612
f 3600/259/3591 3599/258/3590 3614/279/3605 3615/283/3606
f 3593/260/3584 3592/255/3583 3607/281/3598 3608/284/3599
f 3601/261/3592 3600/259/3591 3615/283/3606 3616/285/3607
f 3594/262/3585 3593/260/3584 3608/284/3599 3609/286/3600
f 3602/263/3593 3601/261/3592 3616/285/3607 3617/287/3608
f 3595/264/3586 3594/262/3585 3609/286/3600 3610/271/3601
f 3603/265/3594 3602/263/3593 3617/287/3608 3618/273/3609
f 3615/283/3606 3614/279/3605 3629/288/3620 3630/289/3621
f 3608/284/3599 3607/281/3598 3622/290/3613 3623/291/3614
f 3616/285/3607 3615/283/3606 3630/289/3621 3631/292/3622
f 3609/286/3600 3608/284/3599 3623/291/3614 3624/293/3615
f 3617/287/3608 3616/285/3607 3631/292/3622 3632/294/3623
f 3610/271/3601 3609/286/3600 3624/293/3615 3625/295/3616
f 3618/273/3609 3617/287/3608 3632/294/3623 3633/296/3624
f 3611/272/3602 3610/271/3601 3625/295/3616 3626/297/3617
f 3619/274/3610 3618/273/3609 3633/296/3624 3634/298/3625
f 3612/275/3603 3611/272/3602 3626/297/3617 3627/299/3618
f 3620/276/3611 3619/274/3610 3634/298/3625 3635/300/3626
f 3613/277/3604 3612/275/3603 3627/299/3618 3628/301/3619
f 3621/278/3612 3620/276/3611 3635/300/3626 3636/302/3627
f 3614/279/3605 3613/277/3604 3628/301/3619 3629/288/3620
f 3607/281/3598 3456/303/3192 3622/290/3613
f 3682/304/2966 3621/278/3612 3636/302/3627
f 3634/298/3625 3633/296/3624 3648/305/3639 3649/306/3640
f 3627/299/3618 3626/297/3617 3641/307/3632 3642/308/3633
f 3635/300/3626 3634/298/3625 3649/306/3640 3650/309/3641
f 3628/301/3619 3627/299/3618 3642/308/3633 3643/310/3634
f 3636/302/3627 3635/300/3626 3650/309/3641 3651/311/3642
f 3629/288/3620 3628/301/3619 3643/310/3634 3644/312/3635
f 3622/290/3613 3456/313/3192 3637/314/3628
f 3682/315/2966 3636/302/3627 3651/311/3642
f 3630/289/3621 3629/288/3620 3644/312/3635 3645/316/3636
f 3623/291/3614 3622/290/3613 3637/314/3628 3638/317/3629
f 3631/292/3622 3630/289/3621 3645/316/3636 3646/318/3637
f 3624/293/3615 3623/291/3614 3638/317/3629 3639/319/3630
f 3632/294/3623 3631/292/3622 3646/318/3637 3647/320/3638
f 3625/295/3616 3624/293/3615 3639/319/3630 3640/321/3631
f 3633/296/3624 3632/294/3623 3647/320/3638 3648/305/3639
f 3626/297/3617 3625/295/3616 3640/321/3631 3641/307/3632
f 3638/317/3629 3637/314/3628 3652/322/3643 3653/323/3644
f 3646/318/3637 3645/316/3636 3660/324/3651 3661/325/3652
f 3639/319/3630 3638/317/3629 3653/323/3644 3654/326/3645
f 3647/320/3638 3646/318/3637 3661/325/3652 3662/327/3653
f 3640/321/3631 3639/319/3630 3654/326/3645 3655/328/3646
f 3648/305/3639 3647/320/3638 3662/327/3653 3663/329/3654
f 3641/307/3632 3640/321/3631 3655/328/3646 3656/330/3647
f 3649/306/3640 3648/305/3639 3663/329/3654 3664/331/3655
f 3642/308/3633 3641/307/3632 3656/330/3647 3657/332/3648
f 3650/309/3641 3649/306/3640 3664/331/3655 3665/333/3656
f 3643/310/3634 3642/308/3633 3657/332/3648 3658/334/3649
f 3651/311/3642 3650/309/3641 3665/333/3656 3666/335/3657
f 3644/312/3635 3643/310/3634 3658/334/3649 3659/336/3650
f 3637/314/3628 3456/337/3192 3652/322/3643
f 3682/338/2966 3651/311/3642 3666/335/3657
f 3645/316/3636 3644/312/3635 3659/336/3650 3660/324/3651
f 3657/332/3648 3656/330/3647 3671/339/3662 3672/340/3663
f 3665/333/3656 3664/331/3655 3679/341/3670 3680/342/3671
f 3658/334/3649 3657/332/3648 3672/340/3663 3673/343/3664
f 3666/335/3657 3665/333/3656 3680/342/3671 3681/344/3672
f 3659/336/3650 3658/334/3649 3673/343/3664 3674/345/3665
f 3652/322/3643 3456/346/3192 3667/347/3658
f 3682/348/2966 3666/335/3657 3681/344/3672
f 3660/324/3651 3659/336/3650 3674/345/3665 3675/349/3666
f 3653/323/3644 3652/322/3643 3667/347/3658 3668/350/3659
f 3661/325/3652 3660/324/3651 3675/349/3666 3676/351/3667
f 3654/326/3645 3653/323/3644 3668/350/3659 3669/352/3660
f 3662/327/3653 3661/325/3652 3676/351/3667 3677/353/3668
f 3655/328/3646 3654/326/3645 3669/352/3660 3670/354/3661
f 3663/329/3654 3662/327/3653 3677/353/3668 3678/355/3669
f 3656/330/3647 3655/328/3646 3670/354/3661 3671/339/3662
f 3664/331/3655 3663/329/3654 3678/355/3669 3679/341/3670
f 3676/351/3667 3675/349/3666 3691/356/3681 3692/357/3682
f 3669/352/3660 3668/350/3659 3684/358/3674 3685/359/3675
f 3677/353/3668 3676/351/3667 3692/357/3682 3693/360/3683
f 3670/354/3661 3669/352/3660 3685/359/3675 3686/361/3676
f 3678/355/3669 3677/353/3668 3693/360/3683 3694/362/3684
f 3671/339/3662 3670/354/3661 3686/361/3676 3687/363/3677
f 3679/341/3670 3678/355/3669 3694/362/3684 3695/364/3685
f 3672/340/3663 3671/339/3662 3687/363/3677 3688/365/3678
f 3680/342/3671 3679/341/3670 3695/364/3685 3696/366/3686
f 3673/343/3664 3672/340/3663 3688/365/3678 3689/367/3679
f 3681/344/3672 3680/342/3671 3696/366/3686 3697/368/3687
f 3674/345/3665 3673/343/3664 3689/367/3679 3690/369/3680
f 3667/347/3658 3456/370/3192 3683/371/3673
f 3682/372/2966 3681/344/3672 3697/368/3687
f 3675/349/3666 3674/345/3665 3690/369/3680 3691/356/3681
f 3668/350/3659 3667/347/3658 3683/371/3673 3684/358/3674
f 3696/366/3686 3695/364/3685 3710/373/3700 3711/374/3701
f 3689/367/3679 3688/365/3678 3703/375/3693 3704/376/3694
f 3697/368/3687 3696/366/3686 3711/374/3701 3712/377/3702
f 3690/369/3680 3689/367/3679 3704/376/3694 3705/378/3695
f 3683/371/3673 3456/379/3192 3698/380/3688
f 3682/381/2966 3697/368/3687 3712/377/3702
f 3691/356/3681 3690/369/3680 3705/378/3695 3706/382/3696
f 3684/358/3674 3683/371/3673 3698/380/3688 3699/383/3689
f 3692/357/3682 3691/356/3681 3706/382/3696 3707/384/3697
f 3685/359/3675 3684/358/3674 3699/383/3689 3700/385/3690
f 3693/360/3683 3692/357/3682 3707/384/3697 3708/386/3698
f 3686/361/3676 3685/359/3675 3700/385/3690 3701/387/3691
f 3694/362/3684 3693/360/3683 3708/386/3698 3709/388/3699
f 3687/363/3677 3686/361/3676 3701/387/3691 3702/389/3692
f 3695/364/3685 3694/362/3684 3709/388/3699 3710/373/3700
f 3688/365/3678 3687/363/3677 3702/389/3692 3703/375/3693
f 3708/386/3698 3707/384/3697 3722/390/3712 3723/391/3713
f 3701/387/3691 3700/385/3690 3715/392/3705 3716/393/3706
f 3709/388/3699 3708/386/3698 3723/391/3713 3724/394/3714
f 3702/389/3692 3701/387/3691 3716/393/3706 3717/395/3707
f 3710/373/3700 3709/388/3699 3724/394/3714 3725/396/3715
f 3703/375/3693 3702/389/3692 3717/395/3707 3718/397/3708
f 3711/374/3701 3710/373/3700 3725/396/3715 3726/398/3716
f 3704/376/3694 3703/375/3693 3718/397/3708 3719/399/3709
f 3712/377/3702 3711/374/3701 3726/398/3716 3727/400/3717
f 3705/378/3695 3704/376/3694 3719/399/3709 3720/401/3710
f 3698/380/3688 3456/402/3192 3713/403/3703
f 3682/404/2966 3712/377/3702 3727/400/3717
f 3706/382/3696 3705/378/3695 3720/401/3710 3721/405/3711
f 3699/383/3689 3698/380/3688 3713/403/3703 3714/406/3704
f 3707/384/3697 3706/382/3696 3721/405/3711 3722/390/3712
f 3700/385/3690 3699/383/3689 3714/406/3704 3715/392/3705
f 3727/400/3717 3726/398/3716 3741/407/3731 3742/408/3732
f 3720/401/3710 3719/399/3709 3734/409/3724 3735/410/3725
f 3713/403/3703 3456/411/3192 3728/412/3718
f 3682/413/2966 3727/400/3717 3742/408/3732
f 3721/405/3711 3720/401/3710 3735/410/3725 3736/414/3726
f 3714/406/3704 3713/403/3703 3728/412/3718 3729/415/3719
f 3722/390/3712 3721/405/3711 3736/414/3726 3737/416/3727
f 3715/392/3705 3714/406/3704 3729/415/3719 3730/417/3720
f 3723/391/3713 3722/390/3712 3737/416/3727 3738/418/3728
f 3716/393/3706 3715/392/3705 3730/417/3720 3731/419/3721
f 3724/394/3714 3723/391/3713 3738/418/3728 3739/420/3729
f 3717/395/3707 3716/393/3706 3731/419/3721 3732/421/3722
f 3725/396/3715 3724/394/3714 3739/420/3729 3740/422/3730
f 3718/397/3708 3717/395/3707 3732/421/3722 3733/423/3723
f 3726/398/3716 3725/396/3715 3740/422/3730 3741/407/3731
f 3719/399/3709 3718/397/3708 3733/423/3723 3734/409/3724
f 3731/424/3721 3730/425/3720 3745/426/3735 3746/427/3736
f 3739/428/3729 3738/429/3728 3753/430/3743 3754/431/3744
f 3732/432/3722 3731/424/3721 3746/427/3736 3747/433/3737
f 3740/434/3730 3739/428/3729 3754/431/3744 3755/435/3745
f 3733/436/3723 3732/432/3722 3747/433/3737 3748/437/3738
f 3741/438/3731 3740/434/3730 3755/435/3745 3756/439/3746
f 3734/440/3724 3733/436/3723 3748/437/3738 3749/441/3739
f 3742/442/3732 3741/438/3731 3756/439/3746 3757/443/3747
f 3735/444/3725 3734/440/3724 3749/441/3739 3750/445/3740
f 3728/446/3718 3456/447/3192 3743/448/3733
f 3682/449/2966 3742/442/3732 3757/443/3747
f 3736/450/3726 3735/444/3725 3750/445/3740 3751/451/3741
f 3729/452/3719 3728/446/3718 3743/448/3733 3744/453/3734
f 3737/454/3727 3736/450/3726 3751/451/3741 3752/455/3742
f 3730/425/3720 3729/452/3719 3744/453/3734 3745/426/3735
f 3738/429/3728 3737/454/3727 3752/455/3742 3753/430/3743
f 3750/445/3740 3749/441/3739 3764/456/3754 3765/457/3755
f 3743/448/3733 3456/458/3192 3758/459/3748
f 3682/460/2966 3757/443/3747 3772/461/3762
f 3751/451/3741 3750/445/3740 3765/457/3755 3766/462/3756
f 3744/453/3734 3743/448/3733 3758/459/3748 3759/463/3749
f 3752/455/3742 3751/451/3741 3766/462/3756 3767/464/3757
f 3745/426/3735 3744/453/3734 3759/463/3749 3760/465/3750
f 3753/430/3743 3752/455/3742 3767/464/3757 3768/466/3758
f 3746/427/3736 3745/426/3735 3760/465/3750 3761/467/3751
f 3754/431/3744 3753/430/3743 3768/466/3758 3769/468/3759
f 3747/433/3737 3746/427/3736 3761/467/3751 3762/469/3752
f 3755/435/3745 3754/431/3744 3769/468/3759 3770/470/3760
f 3748/437/3738 3747/433/3737 3762/469/3752 3763/471/3753
f 3756/439/3746 3755/435/3745 3770/470/3760 3771/472/3761
f 3749/441/3739 3748/437/3738 3763/471/3753 3764/456/3754
f 3757/443/3747 3756/439/3746 3771/472/3761 3772/461/3762
f 3769/468/3759 3768/466/3758 3783/473/3773 3784/474/3774
f 3762/469/3752 3761/467/3751 3776/475/3766 3777/476/3767
f 3770/470/3760 3769/468/3759 3784/474/3774 3785/477/3775
f 3763/471/3753 3762/469/3752 3777/476/3767 3778/478/3768
f 3771/472/3761 3770/470/3760 3785/477/3775 3786/479/3776
f 3764/456/3754 3763/471/3753 3778/478/3768 3779/480/3769
f 3772/461/3762 3771/472/3761 3786/479/3776 3787/481/3777
f 3765/457/3755 3764/456/3754 3779/480/3769 3780/482/3770
f 3758/459/3748 3456/483/3192 3773/484/3763
f 3682/485/2966 3772/461/3762 3787/481/3777
f 3766/462/3756 3765/457/3755 3780/482/3770 3781/486/3771
f 3759/463/3749 3758/459/3748 3773/484/3763 3774/487/3764
f 3767/464/3757 3766/462/3756 3781/486/3771 3782/488/3772
f 3760/465/3750 3759/463/3749 3774/487/3764 3775/489/3765
f 3768/466/3758 3767/464/3757 3782/488/3772 3783/473/3773
f 3761/467/3751 3760/465/3750 3775/489/3765 3776/475/3766
f 3773/484/3763 3456/490/3192 3788/491/3778
f 3682/492/2966 3787/481/3777 3802/493/3792
f 3781/486/3771 3780/482/3770 3795/494/3785 3796/495/3786
f 3774/487/3764 3773/484/3763 3788/491/3778 3789/496/3779
f 3782/488/3772 3781/486/3771 3796/495/3786 3797/497/3787
f 3775/489/3765 3774/487/3764 3789/496/3779 3790/498/3780
f 3783/473/3773 3782/488/3772 3797/497/3787 3798/499/3788
f 3776/475/3766 3775/489/3765 3790/498/3780 3791/500/3781
f 3784/474/3774 3783/473/3773 3798/499/3788 3799/501/3789
f 3777/476/3767 3776/475/3766 3791/500/3781 3792/502/3782
f 3785/477/3775 3784/474/3774 3799/501/3789 3800/503/3790
f 3778/478/3768 3777/476/3767 3792/502/3782 3793/504/3783
f 3786/479/3776 3785/477/3775 3800/503/3790 3801/505/3791
f 3779/480/3769 3778/478/3768 3793/504/3783 3794/506/3784
f 3787/481/3777 3786/479/3776 3801/505/3791 3802/493/3792
f 3780/482/3770 3779/480/3769 3794/506/3784 3795/494/3785
f 3792/502/3782 3791/500/3781 3806/507/3796 3807/508/3797
f 3800/503/3790 3799/501/3789 3814/509/3804 3815/510/3805
f 3793/504/3783 3792/502/3782 3807/508/3797 3808/511/3798
f 3801/505/3791 3800/503/3790 3815/510/3805 3816/512/3806
f 3794/506/3784 3793/504/3783 3808/511/3798 3809/513/3799
f 3802/493/3792 3801/505/3791 3816/512/3806 3817/514/3807
f 3795/494/3785 3794/506/3784 3809/513/3799 3810/515/3800
f 3788/491/3778 3456/516/3192 3803/517/3793
f 3682/518/2966 3802/493/3792 3817/514/3807
f 3796/495/3786 3795/494/3785 3810/515/3800 3811/519/3801
f 3789/496/3779 3788/491/3778 3803/517/3793 3804/520/3794
f 3797/497/3787 3796/495/3786 3811/519/3801 3812/521/3802
f 3790/498/3780 3789/496/3779 3804/520/3794 3805/522/3795
f 3798/499/3788 3797/497/3787 3812/521/3802 3813/523/3803
f 3791/500/3781 3790/498/3780 3805/522/3795 3806/507/3796
f 3799/501/3789 3798/499/3788 3813/523/3803 3814/509/3804
f 3811/519/3801 3810/515/3800 3825/524/3815 3826/525/3816
f 3804/520/3794 3803/517/3793 3818/526/3808 3819/527/3809
f 3812/521/3802 3811/519/3801 3826/525/3816 3827/528/3817
f 3805/522/3795 3804/520/3794 3819/527/3809 3820/529/3810
f 3813/523/3803 3812/521/3802 3827/528/3817 3828/530/3818
f 3806/507/3796 3805/522/3795 3820/529/3810 3821/531/3811
f 3814/509/3804 3813/523/3803 3828/530/3818 3829/532/3819
f 3807/508/3797 3806/507/3796 3821/531/3811 3822/533/3812
f 3815/510/3805 3814/509/3804 3829/532/3819 3830/534/3820
f 3808/511/3798 3807/508/3797 3822/533/3812 3823/535/3813
f 3816/512/3806 3815/510/3805 3830/534/3820 3831/536/3821
f 3809/513/3799 3808/511/3798 3823/535/3813 3824/537/3814
f 3817/514/3807 3816/512/3806 3831/536/3821 3832/538/3822
f 3810/515/3800 3809/513/3799 3824/537/3814 3825/524/3815
f 3803/517/3793 3456/539/3192 3818/526/3808
f 3682/540/2966 3817/514/3807 3832/538/3822
f 3830/534/3820 3829/532/3819 3844/541/3834 3845/542/3835
f 3823/535/3813 3822/533/3812 3837/543/3827 3838/544/3828
f 3831/536/3821 3830/534/3820 3845/542/3835 3846/545/3836
f 3824/537/3814 3823/535/3813 3838/544/3828 3839/546/3829
f 3832/538/3822 3831/536/3821 3846/545/3836 3847/547/3837
f 3825/524/3815 3824/537/3814 3839/546/3829 3840/548/3830
f 3818/526/3808 3456/549/3192 3833/550/3823
f 3682/551/2966 3832/538/3822 3847/547/3837
f 3826/525/3816 3825/524/3815 3840/548/3830 3841/552/3831
f 3819/527/3809 3818/526/3808 3833/550/3823 3834/553/3824
f 3827/528/3817 3826/525/3816 3841/552/3831 3842/554/3832
f 3820/529/3810 3819/527/3809 3834/553/3824 3835/555/3825
f 3828/530/3818 3827/528/3817 3842/554/3832 3843/556/3833
f 3821/531/3811 3820/529/3810 3835/555/3825 3836/557/3826
f 3829/532/3819 3828/530/3818 3843/556/3833 3844/541/3834
f 3822/533/3812 3821/531/3811 3836/557/3826 3837/543/3827
f 3842/554/3832 3841/552/3831 3379/6/3371 3852/5/3842
f 3835/555/3825 3834/553/3824 3849/1/3839 3375/9/3367
f 3843/556/3833 3842/554/3832 3852/5/3842 3380/11/3372
f 3836/557/3826 3835/555/3825 3375/9/3367 3850/13/3840
f 3844/541/3834 3843/556/3833 3380/11/3372 3853/15/3843
f 3837/543/3827 3836/557/3826 3850/13/3840 3376/17/3368
f 3845/542/3835 3844/541/3834 3853/15/3843 3854/19/3844
f 3838/544/3828 3837/543/3827 3376/17/3368 3851/21/3841
f 3846/545/3836 3845/542/3835 3854/19/3844 3855/23/3845
f 3839/546/3829 3838/544/3828 3851/21/3841 3377/25/3369
f 3847/547/3837 3846/545/3836 3855/23/3845 3856/27/3846
f 3840/548/3830 3839/546/3829 3377/25/3369 3378/29/3370
f 3833/550/3823 3456/558/3192 3848/2/3838
f 3682/559/2966 3847/547/3837 3856/27/3846
f 3841/552/3831 3840/548/3830 3378/29/3370 3379/6/3371
f 3834/553/3824 3833/550/3823 3848/2/3838 3849/1/3839
f 4331/1/4319 3864/4/3854 3863/3/3853 4330/2/4318
f 4334/5/4322 3872/8/3862 3871/7/3861 3861/6/3851
f 3857/9/3847 3865/10/3855 3864/4/3854 4331/1/4319
f 3862/11/3852 3873/12/3863 3872/8/3862 4334/5/4322
f 4332/13/4320 3866/14/3856 3865/10/3855 3857/9/3847
f 4335/15/4323 3874/16/3864 3873/12/3863 3862/11/3852
f 3858/17/3848 3867/18/3857 3866/14/3856 4332/13/4320
f 4336/19/4324 3875/20/3865 3874/16/3864 4335/15/4323
f 4333/21/4321 3868/22/3858 3867/18/3857 3858/17/3848
f 4337/23/4325 3876/24/3866 3875/20/3865 4336/19/4324
f 3859/25/3849 3869/26/3859 3868/22/3858 4333/21/4321
f 4338/27/4326 3877/28/3867 3876/24/3866 4337/23/4325
f 3860/29/3850 3870/30/3860 3869/26/3859 3859/25/3849
f 4330/2/4318 3863/3/3853 3938/31/2710
f 4164/32/2484 3877/28/3867 4338/27/4326
f 3861/6/3851 3871/7/3861 3870/30/3860 3860/29/3850
f 3870/30/3860 3885/34/3875 3884/33/3874 3869/26/3859
f 3863/3/3853 3878/36/3868 3938/35/2710
f 4164/37/2484 3892/38/3882 3877/28/3867
f 3871/7/3861 3886/39/3876 3885/34/3875 3870/30/3860
f 3864/4/3854 3879/40/3869 3878/36/3868 3863/3/3853
f 3872/8/3862 3887/41/3877 3886/39/3876 3871/7/3861
f 3865/10/3855 3880/42/3870 3879/40/3869 3864/4/3854
f 3873/12/3863 3888/43/3878 3887/41/3877 3872/8/3862
f 3866/14/3856 3881/44/3871 3880/42/3870 3865/10/3855
f 3874/16/3864 3889/45/3879 3888/43/3878 3873/12/3863
f 3867/18/3857 3882/46/3872 3881/44/3871 3866/14/3856
f 3875/20/3865 3890/47/3880 3889/45/3879 3874/16/3864
f 3868/22/3858 3883/48/3873 3882/46/3872 3867/18/3857
f 3876/24/3866 3891/49/3881 3890/47/3880 3875/20/3865
f 3869/26/3859 3884/33/3874 3883/48/3873 3868/22/3858
f 3877/28/3867 3892/38/3882 3891/49/3881 3876/24/3866
f 3889/45/3879 3904/51/3894 3903/50/3893 3888/43/3878
f 3882/46/3872 3897/53/3887 3896/52/3886 3881/44/3871
f 3890/47/3880 3905/54/3895 3904/51/3894 3889/45/3879
f 3883/48/3873 3898/55/3888 3897/53/3887 3882/46/3872
f 3891/49/3881 3906/56/3896 3905/54/3895 3890/47/3880
f 3884/33/3874 3899/57/3889 3898/55/3888 3883/48/3873
f 3892/38/3882 3907/58/3897 3906/56/3896 3891/49/3881
f 3885/34/3875 3900/59/3890 3899/57/3889 3884/33/3874
f 3878/36/3868 3893/61/3883 3938/60/2710
f 4164/62/2484 3907/58/3897 3892/38/3882
f 3886/39/3876 3901/63/3891 3900/59/3890 3885/34/3875
f 3879/40/3869 3894/64/3884 3893/61/3883 3878/36/3868
f 3887/41/3877 3902/65/3892 3901/63/3891 3886/39/3876
f 3880/42/3870 3895/66/3885 3894/64/3884 3879/40/3869
f 3888/43/3878 3903/50/3893 3902/65/3892 3887/41/3877
f 3881/44/3871 3896/52/3886 3895/66/3885 3880/42/3870
f 4164/67/2484 3922/68/3912 3907/58/3897
f 3901/63/3891 3916/70/3906 3915/69/3905 3900/59/3890
f 3894/64/3884 3909/72/3899 3908/71/3898 3893/61/3883
f 3902/65/3892 3917/73/3907 3916/70/3906 3901/63/3891
f 3895/66/3885 3910/74/3900 3909/72/3899 3894/64/3884
f 3903/50/3893 3918/75/3908 3917/73/3907 3902/65/3892
f 3896/52/3886 3911/76/3901 3910/74/3900 3895/66/3885
f 3904/51/3894 3919/77/3909 3918/75/3908 3903/50/3893
f 3897/53/3887 3912/78/3902 3911/76/3901 3896/52/3886
f 3905/54/3895 3920/79/3910 3919/77/3909 3904/51/3894
f 3898/55/3888 3913/80/3903 3912/78/3902 3897/53/3887
f 3906/56/3896 3921/81/3911 3920/79/3910 3905/54/3895
f 3899/57/3889 3914/82/3904 3913/80/3903 3898/55/3888
f 3907/58/3897 3922/68/3912 3921/81/3911 3906/56/3896
f 3900/59/3890 3915/69/3905 3914/82/3904 3899/57/3889
f 3893/61/3883 3908/71/3898 3938/83/2710
f 3920/79/3910 3935/85/3925 3934/84/3924 3919/77/3909
f 3913/80/3903 3928/87/3918 3927/86/3917 3912/78/3902
f 3921/81/3911 3936/88/3926 3935/85/3925 3920/79/3910
f 3914/82/3904 3929/89/3919 3928/87/3918 3913/80/3903
f 3922/68/3912 3937/90/3927 3936/88/3926 3921/81/3911
f 3915/69/3905 3930/91/3920 3929/89/3919 3914/82/3904
f 3908/71/3898 3923/93/3913 3938/92/2710
f 4164/94/2484 3937/90/3927 3922/68/3912
f 3916/70/3906 3931/95/3921 3930/91/3920 3915/69/3905
f 3909/72/3899 3924/96/3914 3923/93/3913 3908/71/3898
f 3917/73/3907 3932/97/3922 3931/95/3921 3916/70/3906
f 3910/74/3900 3925/98/3915 3924/96/3914 3909/72/3899
f 3918/75/3908 3933/99/3923 3932/97/3922 3917/73/3907
f 3911/76/3901 3926/100/3916 3925/98/3915 3910/74/3900
f 3919/77/3909 3934/84/3924 3933/99/3923 3918/75/3908
f 3912/78/3902 3927/86/3917 3926/100/3916 3911/76/3901
f 3924/96/3914 3940/102/3929 3939/101/3928 3923/93/3913
f 3932/97/3922 3948/104/3937 3947/103/3936 3931/95/3921
f 3925/98/3915 3941/105/3930 3940/102/3929 3924/96/3914
f 3933/99/3923 3949/106/3938 3948/104/3937 3932/97/3922
f 3926/100/3916 3942/107/3931 3941/105/3930 3925/98/3915
f 3934/84/3924 3950/108/3939 3949/106/3938 3933/99/3923
f 3927/86/3917 3943/109/3932 3942/107/3931 3926/100/3916
f 3935/85/3925 3951/110/3940 3950/108/3939 3934/84/3924
f 3928/87/3918 3944/111/3933 3943/109/3932 3927/86/3917
f 3936/88/3926 3952/112/3941 3951/110/3940 3935/85/3925
f 3929/89/3919 3945/113/3934 3944/111/3933 3928/87/3918
f 3937/90/3927 3953/114/3942 3952/112/3941 3936/88/3926
f 3930/91/3920 3946/115/3935 3945/113/3934 3929/89/3919
f 3923/93/3913 3939/101/3928 3938/116/2710
f 4164/117/2484 3953/114/3942 3937/90/3927
f 3931/95/3921 3947/103/3936 3946/115/3935 3930/91/3920
f 3944/111/3933 3959/119/3948 3958/118/3947 3943/109/3932
f 3952/112/3941 3967/121/3956 3966/120/3955 3951/110/3940
f 3945/113/3934 3960/122/3949 3959/119/3948 3944/111/3933
f 3953/114/3942 3968/123/3957 3967/121/3956 3952/112/3941
f 3946/115/3935 3961/124/3950 3960/122/3949 3945/113/3934
f 3939/101/3928 3954/126/3943 3938/125/2710
f 4164/127/2484 3968/123/3957 3953/114/3942
f 3947/103/3936 3962/128/3951 3961/124/3950 3946/115/3935
f 3940/102/3929 3955/129/3944 3954/126/3943 3939/101/3928
f 3948/104/3937 3963/130/3952 3962/128/3951 3947/103/3936
f 3941/105/3930 3956/131/3945 3955/129/3944 3940/102/3929
f 3949/106/3938 3964/132/3953 3963/130/3952 3948/104/3937
f 3942/107/3931 3957/133/3946 3956/131/3945 3941/105/3930
f 3950/108/3939 3965/134/3954 3964/132/3953 3949/106/3938
f 3943/109/3932 3958/118/3947 3957/133/3946 3942/107/3931
f 3951/110/3940 3966/120/3955 3965/134/3954 3950/108/3939
f 3963/130/3952 3978/136/3967 3977/135/3966 3962/128/3951
f 3956/131/3945 3971/138/3960 3970/137/3959 3955/129/3944
f 3964/132/3953 3979/139/3968 3978/136/3967 3963/130/3952
f 3957/133/3946 3972/140/3961 3971/138/3960 3956/131/3945
f 3965/134/3954 3980/141/3969 3979/139/3968 3964/132/3953
f 3958/118/3947 3973/142/3962 3972/140/3961 3957/133/3946
f 3966/120/3955 3981/143/3970 3980/141/3969 3965/134/3954
f 3959/119/3948 3974/144/3963 3973/142/3962 3958/118/3947
f 3967/121/3956 3982/145/3971 3981/143/3970 3966/120/3955
f 3960/122/3949 3975/146/3964 3974/144/3963 3959/119/3948
f 3968/123/3957 3983/147/3972 3982/145/3971 3967/121/3956
f 3961/124/3950 3976/148/3965 3975/146/3964 3960/122/3949
f 3954/126/3943 3969/150/3958 3938/149/2710
f 4164/151/2484 3983/147/3972 3968/123/3957
f 3962/128/3951 3977/135/3966 3976/148/3965 3961/124/3950
f 3955/129/3944 3970/137/3959 3969/150/3958 3954/126/3943
f 3982/145/3971 3997/153/3986 3996/152/3985 3981/143/3970
f 3975/146/3964 3990/155/3979 3989/154/3978 3974/144/3963
f 3983/147/3972 3998/156/3987 3997/153/3986 3982/145/3971
f 3976/148/3965 3991/157/3980 3990/155/3979 3975/146/3964
f 3969/150/3958 3984/159/3973 3938/158/2710
f 4164/160/2484 3998/156/3987 3983/147/3972
f 3977/135/3966 3992/161/3981 3991/157/3980 3976/148/3965
f 3970/137/3959 3985/162/3974 3984/159/3973 3969/150/3958
f 3978/136/3967 3993/163/3982 3992/161/3981 3977/135/3966
f 3971/138/3960 3986/164/3975 3985/162/3974 3970/137/3959
f 3979/139/3968 3994/165/3983 3993/163/3982 3978/136/3967
f 3972/140/3961 3987/166/3976 3986/164/3975 3971/138/3960
f 3980/141/3969 3995/167/3984 3994/165/3983 3979/139/3968
f 3973/142/3962 3988/168/3977 3987/166/3976 3972/140/3961
f 3981/143/3970 3996/152/3985 3995/167/3984 3980/141/3969
f 3974/144/3963 3989/154/3978 3988/168/3977 3973/142/3962
f 3986/164/3975 4001/170/3990 4000/169/3989 3985/162/3974
f 3994/165/3983 4009/172/3998 4008/171/3997 3993/163/3982
f 3987/166/3976 4002/173/3991 4001/170/3990 3986/164/3975
f 3995/167/3984 4010/174/3999 4009/172/3998 3994/165/3983
f 3988/168/3977 4003/175/3992 4002/173/3991 3987/166/3976
f 3996/152/3985 4011/176/4000 4010/174/3999 3995/167/3984
f 3989/154/3978 4004/177/3993 4003/175/3992 3988/168/3977
f 3997/153/3986 4012/178/4001 4011/176/4000 3996/152/3985
f 3990/155/3979 4005/179/3994 4004/177/3993 3989/154/3978
f 3998/156/3987 4013/180/4002 4012/178/4001 3997/153/3986
f 3991/157/3980 4006/181/3995 4005/179/3994 3990/155/3979
f 3984/159/3973 3999/183/3988 3938/182/2710
f 4164/184/2484 4013/180/4002 3998/156/3987
f 3992/161/3981 4007/185/3996 4006/181/3995 3991/157/3980
f 3985/162/3974 4000/169/3989 3999/183/3988 3984/159/3973
f 3993/163/3982 4008/171/3997 4007/185/3996 3992/161/3981
f 4005/179/3994 4020/187/4009 4019/186/4008 4004/177/3993
f 4013/180/4002 4028/189/4017 4027/188/4016 4012/178/4001
f 4006/181/3995 4021/190/4010 4020/187/4009 4005/179/3994
f 3999/183/3988 4014/192/4003 3938/191/2710
f 4164/193/2484 4028/189/4017 4013/180/4002
f 4007/185/3996 4022/194/4011 4021/190/4010 4006/181/3995
f 4000/169/3989 4015/195/4004 4014/192/4003 3999/183/3988
f 4008/171/3997 4023/196/4012 4022/194/4011 4007/185/3996
f 4001/170/3990 4016/197/4005 4015/195/4004 4000/169/3989
f 4009/172/3998 4024/198/4013 4023/196/4012 4008/171/3997
f 4002/173/3991 4017/199/4006 4016/197/4005 4001/170/3990
f 4010/174/3999 4025/200/4014 4024/198/4013 4009/172/3998
f 4003/175/3992 4018/201/4007 4017/199/4006 4002/173/3991
f 4011/176/4000 4026/202/4015 4025/200/4014 4010/174/3999
f 4004/177/3993 4019/186/4008 4018/201/4007 4003/175/3992
f 4012/178/4001 4027/188/4016 4026/202/4015 4011/176/4000
f 4024/198/4013 4039/204/4028 4038/203/4027 4023/196/4012
f 4017/199/4006 4032/206/4021 4031/205/4020 4016/197/4005
f 4025/200/4014 4040/207/4029 4039/204/4028 4024/198/4013
f 4018/201/4007 4033/208/4022 4032/206/4021 4017/199/4006
f 4026/202/4015 4041/209/4030 4040/207/4029 4025/200/4014
f 4019/186/4008 4034/210/4023 4033/208/4022 4018/201/4007
f 4027/188/4016 4042/211/4031 4041/209/4030 4026/202/4015
f 4020/187/4009 4035/212/4024 4034/210/4023 4019/186/4008
f 4028/189/4017 4043/213/4032 4042/211/4031 4027/188/4016
f 4021/190/4010 4036/214/4025 4035/212/4024 4020/187/4009
f 4014/192/4003 4029/216/4018 3938/215/2710
f 4164/217/2484 4043/213/4032 4028/189/4017
f 4022/194/4011 4037/218/4026 4036/214/4025 4021/190/4010
f 4015/195/4004 4030/219/4019 4029/216/4018 4014/192/4003
f 4023/196/4012 4038/203/4027 4037/218/4026 4022/194/4011
f 4016/197/4005 4031/205/4020 4030/219/4019 4015/195/4004
f 4043/213/4032 4058/221/4047 4057/220/4046 4042/211/4031
f 4036/214/4025 4051/223/4040 4050/222/4039 4035/212/4024
f 4029/216/4018 4044/225/4033 3938/224/2710
f 4164/226/2484 4058/221/4047 4043/213/4032
f 4037/218/4026 4052/227/4041 4051/223/4040 4036/214/4025
f 4030/219/4019 4045/228/4034 4044/225/4033 4029/216/4018
f 4038/203/4027 4053/229/4042 4052/227/4041 4037/218/4026
f 4031/205/4020 4046/230/4035 4045/228/4034 4030/219/4019
f 4039/204/4028 4054/231/4043 4053/229/4042 4038/203/4027
f 4032/206/4021 4047/232/4036 4046/230/4035 4031/205/4020
f 4040/207/4029 4055/233/4044 4054/231/4043 4039/204/4028
f 4033/208/4022 4048/234/4037 4047/232/4036 4032/206/4021
f 4041/209/4030 4056/235/4045 4055/233/4044 4040/207/4029
f 4034/210/4023 4049/236/4038 4048/234/4037 4033/208/4022
f 4042/211/4031 4057/220/4046 4056/235/4045 4041/209/4030
f 4035/212/4024 4050/222/4039 4049/236/4038 4034/210/4023
f 4055/233/4044 4070/238/4059 4069/237/4058 4054/231/4043
f 4048/234/4037 4063/240/4052 4062/239/4051 4047/232/4036
f 4056/235/4045 4071/241/4060 4070/238/4059 4055/233/4044
f 4049/236/4038 4064/242/4053 4063/240/4052 4048/234/4037
f 4057/220/4046 4072/243/4061 4071/241/4060 4056/235/4045
f 4050/222/4039 4065/244/4054 4064/242/4053 4049/236/4038
f 4058/221/4047 4073/245/4062 4072/243/4061 4057/220/4046
f 4051/223/4040 4066/246/4055 4065/244/4054 4050/222/4039
f 4044/225/4033 4059/248/4048 3938/247/2710
f 4164/249/2484 4073/245/4062 4058/221/4047
f 4052/227/4041 4067/250/4056 4066/246/4055 4051/223/4040
f 4045/228/4034 4060/251/4049 4059/248/4048 4044/225/4033
f 4053/229/4042 4068/252/4057 4067/250/4056 4052/227/4041
f 4046/230/4035 4061/253/4050 4060/251/4049 4045/228/4034
f 4054/231/4043 4069/237/4058 4068/252/4057 4053/229/4042
f 4047/232/4036 4062/239/4051 4061/253/4050 4046/230/4035
f 4059/248/4048 4074/255/4063 3938/254/2710
f 4164/256/2484 4088/257/4077 4073/245/4062
f 4067/250/4056 4082/259/4071 4081/258/4070 4066/246/4055
f 4060/251/4049 4075/260/4064 4074/255/4063 4059/248/4048
f 4068/252/4057 4083/261/4072 4082/259/4071 4067/250/4056
f 4061/253/4050 4076/262/4065 4075/260/4064 4060/251/4049
f 4069/237/4058 4084/263/4073 4083/261/4072 4068/252/4057
f 4062/239/4051 4077/264/4066 4076/262/4065 4061/253/4050
f 4070/238/4059 4085/265/4074 4084/263/4073 4069/237/4058
f 4063/240/4052 4078/266/4067 4077/264/4066 4062/239/4051
f 4071/241/4060 4086/267/4075 4085/265/4074 4070/238/4059
f 4064/242/4053 4079/268/4068 4078/266/4067 4063/240/4052
f 4072/243/4061 4087/269/4076 4086/267/4075 4071/241/4060
f 4065/244/4054 4080/270/4069 4079/268/4068 4064/242/4053
f 4073/245/4062 4088/257/4077 4087/269/4076 4072/243/4061
f 4066/246/4055 4081/258/4070 4080/270/4069 4065/244/4054
f 4078/266/4067 4093/272/4082 4092/271/4081 4077/264/4066
f 4086/267/4075 4101/274/4090 4100/273/4089 4085/265/4074
f 4079/268/4068 4094/275/4083 4093/272/4082 4078/266/4067
f 4087/269/4076 4102/276/4091 4101/274/4090 4086/267/4075
f 4080/270/4069 4095/277/4084 4094/275/4083 4079/268/4068
f 4088/257/4077 4103/278/4092 4102/276/4091 4087/269/4076
f 4081/258/4070 4096/279/4085 4095/277/4084 4080/270/4069
f 4074/255/4063 4089/281/4078 3938/280/2710
f 4164/282/2484 4103/278/4092 4088/257/4077
f 4082/259/4071 4097/283/4086 4096/279/4085 4081/258/4070
f 4075/260/4064 4090/284/4079 4089/281/4078 4074/255/4063
f 4083/261/4072 4098/285/4087 4097/283/4086 4082/259/4071
f 4076/262/4065 4091/286/4080 4090/284/4079 4075/260/4064
f 4084/263/4073 4099/287/4088 4098/285/4087 4083/261/4072
f 4077/264/4066 4092/271/4081 4091/286/4080 4076/262/4065
f 4085/265/4074 4100/273/4089 4099/287/4088 4084/263/4073
f 4097/283/4086 4112/289/4101 4111/288/4100 4096/279/4085
f 4090/284/4079 4105/291/4094 4104/290/4093 4089/281/4078
f 4098/285/4087 4113/292/4102 4112/289/4101 4097/283/4086
f 4091/286/4080 4106/293/4095 4105/291/4094 4090/284/4079
f 4099/287/4088 4114/294/4103 4113/292/4102 4098/285/4087
f 4092/271/4081 4107/295/4096 4106/293/4095 4091/286/4080
f 4100/273/4089 4115/296/4104 4114/294/4103 4099/287/4088
f 4093/272/4082 4108/297/4097 4107/295/4096 4092/271/4081
f 4101/274/4090 4116/298/4105 4115/296/4104 4100/273/4089
f 4094/275/4083 4109/299/4098 4108/297/4097 4093/272/4082
f 4102/276/4091 4117/300/4106 4116/298/4105 4101/274/4090
f 4095/277/4084 4110/301/4099 4109/299/4098 4094/275/4083
f 4103/278/4092 4118/302/4107 4117/300/4106 4102/276/4091
f 4096/279/4085 4111/288/4100 4110/301/4099 4095/277/4084
f 4089/281/4078 4104/290/4093 3938/303/2710
f 4164/304/2484 4118/302/4107 4103/278/4092
f 4116/298/4105 4131/306/4120 4130/305/4119 4115/296/4104
f 4109/299/4098 4124/308/4113 4123/307/4112 4108/297/4097
f 4117/300/4106 4132/309/4121 4131/306/4120 4116/298/4105
f 4110/301/4099 4125/310/4114 4124/308/4113 4109/299/4098
f 4118/302/4107 4133/311/4122 4132/309/4121 4117/300/4106
f 4111/288/4100 4126/312/4115 4125/310/4114 4110/301/4099
f 4104/290/4093 4119/314/4108 3938/313/2710
f 4164/315/2484 4133/311/4122 4118/302/4107
f 4112/289/4101 4127/316/4116 4126/312/4115 4111/288/4100
f 4105/291/4094 4120/317/4109 4119/314/4108 4104/290/4093
f 4113/292/4102 4128/318/4117 4127/316/4116 4112/289/4101
f 4106/293/4095 4121/319/4110 4120/317/4109 4105/291/4094
f 4114/294/4103 4129/320/4118 4128/318/4117 4113/292/4102
f 4107/295/4096 4122/321/4111 4121/319/4110 4106/293/4095
f 4115/296/4104 4130/305/4119 4129/320/4118 4114/294/4103
f 4108/297/4097 4123/307/4112 4122/321/4111 4107/295/4096
f 4120/317/4109 4135/323/4124 4134/322/4123 4119/314/4108
f 4128/318/4117 4143/325/4132 4142/324/4131 4127/316/4116
f 4121/319/4110 4136/326/4125 4135/323/4124 4120/317/4109
f 4129/320/4118 4144/327/4133 4143/325/4132 4128/318/4117
f 4122/321/4111 4137/328/4126 4136/326/4125 4121/319/4110
f 4130/305/4119 4145/329/4134 4144/327/4133 4129/320/4118
f 4123/307/4112 4138/330/4127 4137/328/4126 4122/321/4111
f 4131/306/4120 4146/331/4135 4145/329/4134 4130/305/4119
f 4124/308/4113 4139/332/4128 4138/330/4127 4123/307/4112
f 4132/309/4121 4147/333/4136 4146/331/4135 4131/306/4120
f 4125/310/4114 4140/334/4129 4139/332/4128 4124/308/4113
f 4133/311/4122 4148/335/4137 4147/333/4136 4132/309/4121
f 4126/312/4115 4141/336/4130 4140/334/4129 4125/310/4114
f 4119/314/4108 4134/322/4123 3938/337/2710
f 4164/338/2484 4148/335/4137 4133/311/4122
f 4127/316/4116 4142/324/4131 4141/336/4130 4126/312/4115
f 4139/332/4128 4154/340/4143 4153/339/4142 4138/330/4127
f 4147/333/4136 4162/342/4151 4161/341/4150 4146/331/4135
f 4140/334/4129 4155/343/4144 4154/340/4143 4139/332/4128
f 4148/335/4137 4163/344/4152 4162/342/4151 4147/333/4136
f 4141/336/4130 4156/345/4145 4155/343/4144 4140/334/4129
f 4134/322/4123 4149/347/4138 3938/346/2710
f 4164/348/2484 4163/344/4152 4148/335/4137
f 4142/324/4131 4157/349/4146 4156/345/4145 4141/336/4130
f 4135/323/4124 4150/350/4139 4149/347/4138 4134/322/4123
f 4143/325/4132 4158/351/4147 4157/349/4146 4142/324/4131
f 4136/326/4125 4151/352/4140 4150/350/4139 4135/323/4124
f 4144/327/4133 4159/353/4148 4158/351/4147 4143/325/4132
f 4137/328/4126 4152/354/4141 4151/352/4140 4136/326/4125
f 4145/329/4134 4160/355/4149 4159/353/4148 4144/327/4133
f 4138/330/4127 4153/339/4142 4152/354/4141 4137/328/4126
f 4146/331/4135 4161/341/4150 4160/355/4149 4145/329/4134
f 4158/351/4147 4174/357/4162 4173/356/4161 4157/349/4146
f 4151/352/4140 4167/359/4155 4166/358/4154 4150/350/4139
f 4159/353/4148 4175/360/4163 4174/357/4162 4158/351/4147
f 4152/354/4141 4168/361/4156 4167/359/4155 4151/352/4140
f 4160/355/4149 4176/362/4164 4175/360/4163 4159/353/4148
f 4153/339/4142 4169/363/4157 4168/361/4156 4152/354/4141
f 4161/341/4150 4177/364/4165 4176/362/4164 4160/355/4149
f 4154/340/4143 4170/365/4158 4169/363/4157 4153/339/4142
f 4162/342/4151 4178/366/4166 4177/364/4165 4161/341/4150
f 4155/343/4144 4171/367/4159 4170/365/4158 4154/340/4143
f 4163/344/4152 4179/368/4167 4178/366/4166 4162/342/4151
f 4156/345/4145 4172/369/4160 4171/367/4159 4155/343/4144
f 4149/347/4138 4165/371/4153 3938/370/2710
f 4164/372/2484 4179/368/4167 4163/344/4152
f 4157/349/4146 4173/356/4161 4172/369/4160 4156/345/4145
f 4150/350/4139 4166/358/4154 4165/371/4153 4149/347/4138
f 4178/366/4166 4193/374/4181 4192/373/4180 4177/364/4165
f 4171/367/4159 4186/376/4174 4185/375/4173 4170/365/4158
f 4179/368/4167 4194/377/4182 4193/374/4181 4178/366/4166
f 4172/369/4160 4187/378/4175 4186/376/4174 4171/367/4159
f 4165/371/4153 4180/380/4168 3938/379/2710
f 4164/381/2484 4194/377/4182 4179/368/4167
f 4173/356/4161 4188/382/4176 4187/378/4175 4172/369/4160
f 4166/358/4154 4181/383/4169 4180/380/4168 4165/371/4153
f 4174/357/4162 4189/384/4177 4188/382/4176 4173/356/4161
f 4167/359/4155 4182/385/4170 4181/383/4169 4166/358/4154
f 4175/360/4163 4190/386/4178 4189/384/4177 4174/357/4162
f 4168/361/4156 4183/387/4171 4182/385/4170 4167/359/4155
f 4176/362/4164 4191/388/4179 4190/386/4178 4175/360/4163
f 4169/363/4157 4184/389/4172 4183/387/4171 4168/361/4156
f 4177/364/4165 4192/373/4180 4191/388/4179 4176/362/4164
f 4170/365/4158 4185/375/4173 4184/389/4172 4169/363/4157
f 4190/386/4178 4205/391/4193 4204/390/4192 4189/384/4177
f 4183/387/4171 4198/393/4186 4197/392/4185 4182/385/4170
f 4191/388/4179 4206/394/4194 4205/391/4193 4190/386/4178
f 4184/389/4172 4199/395/4187 4198/393/4186 4183/387/4171
f 4192/373/4180 4207/396/4195 4206/394/4194 4191/388/4179
f 4185/375/4173 4200/397/4188 4199/395/4187 4184/389/4172
f 4193/374/4181 4208/398/4196 4207/396/4195 4192/373/4180
f 4186/376/4174 4201/399/4189 4200/397/4188 4185/375/4173
f 4194/377/4182 4209/400/4197 4208/398/4196 4193/374/4181
f 4187/378/4175 4202/401/4190 4201/399/4189 4186/376/4174
f 4180/380/4168 4195/403/4183 3938/402/2710
f 4164/404/2484 4209/400/4197 4194/377/4182
f 4188/382/4176 4203/405/4191 4202/401/4190 4187/378/4175
f 4181/383/4169 4196/406/4184 4195/403/4183 4180/380/4168
f 4189/384/4177 4204/390/4192 4203/405/4191 4188/382/4176
f 4182/385/4170 4197/392/4185 4196/406/4184 4181/383/4169
f 4209/400/4197 4224/408/4212 4223/407/4211 4208/398/4196
f 4202/401/4190 4217/410/4205 4216/409/4204 4201/399/4189
f 4195/403/4183 4210/412/4198 3938/411/2710
f 4164/413/2484 4224/408/4212 4209/400/4197
f 4203/405/4191 4218/414/4206 4217/410/4205 4202/401/4190
f 4196/406/4184 4211/415/4199 4210/412/4198 4195/403/4183
f 4204/390/4192 4219/416/4207 4218/414/4206 4203/405/4191
f 4197/392/4185 4212/417/4200 4211/415/4199 4196/406/4184
f 4205/391/4193 4220/418/4208 4219/416/4207 4204/390/4192
f 4198/393/4186 4213/419/4201 4212/417/4200 4197/392/4185
f 4206/394/4194 4221/420/4209 4220/418/4208 4205/391/4193
f 4199/395/4187 4214/421/4202 4213/419/4201 4198/393/4186
f 4207/396/4195 4222/422/4210 4221/420/4209 4206/394/4194
f 4200/397/4188 4215/423/4203 4214/421/4202 4199/395/4187
f 4208/398/4196 4223/407/4211 4222/422/4210 4207/396/4195
f 4201/399/4189 4216/409/4204 4215/423/4203 4200/397/4188
f 4213/424/4201 4228/427/4216 4227/426/4215 4212/425/4200
f 4221/428/4209 4236/431/4224 4235/430/4223 4220/429/4208
f 4214/432/4202 4229/433/4217 4228/427/4216 4213/424/4201
f 4222/434/4210 4237/435/4225 4236/431/4224 4221/428/4209
f 4215/436/4203 4230/437/4218 4229/433/4217 4214/432/4202
f 4223/438/4211 4238/439/4226 4237/435/4225 4222/434/4210
f 4216/440/4204 4231/441/4219 4230/437/4218 4215/436/4203
f 4224/442/4212 4239/443/4227 4238/439/4226 4223/438/4211
f 4217/444/4205 4232/445/4220 4231/441/4219 4216/440/4204
f 4210/446/4198 4225/448/4213 3938/447/2710
f 4164/449/2484 4239/443/4227 4224/442/4212
f 4218/450/4206 4233/451/4221 4232/445/4220 4217/444/4205
f 4211/452/4199 4226/453/4214 4225/448/4213 4210/446/4198
f 4219/454/4207 4234/455/4222 4233/451/4221 4218/450/4206
f 4212/425/4200 4227/426/4215 4226/453/4214 4211/452/4199
f 4220/429/4208 4235/430/4223 4234/455/4222 4219/454/4207
f 4232/445/4220 4247/457/4235 4246/456/4234 4231/441/4219
f 4225/448/4213 4240/459/4228 3938/458/2710
f 4164/460/2484 4254/461/4242 4239/443/4227
f 4233/451/4221 4248/462/4236 4247/457/4235 4232/445/4220
f 4226/453/4214 4241/463/4229 4240/459/4228 4225/448/4213
f 4234/455/4222 4249/464/4237 4248/462/4236 4233/451/4221
f 4227/426/4215 4242/465/4230 4241/463/4229 4226/453/4214
f 4235/430/4223 4250/466/4238 4249/464/4237 4234/455/4222
f 4228/427/4216 4243/467/4231 4242/465/4230 4227/426/4215
f 4236/431/4224 4251/468/4239 4250/466/4238 4235/430/4223
f 4229/433/4217 4244/469/4232 4243/467/4231 4228/427/4216
f 4237/435/4225 4252/470/4240 4251/468/4239 4236/431/4224
f 4230/437/4218 4245/471/4233 4244/469/4232 4229/433/4217
f 4238/439/4226 4253/472/4241 4252/470/4240 4237/435/4225
f 4231/441/4219 4246/456/4234 4245/471/4233 4230/437/4218
f 4239/443/4227 4254/461/4242 4253/472/4241 4238/439/4226
f 4251/468/4239 4266/474/4254 4265/473/4253 4250/466/4238
f 4244/469/4232 4259/476/4247 4258/475/4246 4243/467/4231
f 4252/470/4240 4267/477/4255 4266/474/4254 4251/468/4239
f 4245/471/4233 4260/478/4248 4259/476/4247 4244/469/4232
f 4253/472/4241 4268/479/4256 4267/477/4255 4252/470/4240
f 4246/456/4234 4261/480/4249 4260/478/4248 4245/471/4233
f 4254/461/4242 4269/481/4257 4268/479/4256 4253/472/4241
f 4247/457/4235 4262/482/4250 4261/480/4249 4246/456/4234
f 4240/459/4228 4255/484/4243 3938/483/2710
f 4164/485/2484 4269/481/4257 4254/461/4242
f 4248/462/4236 4263/486/4251 4262/482/4250 4247/457/4235
f 4241/463/4229 4256/487/4244 4255/484/4243 4240/459/4228
f 4249/464/4237 4264/488/4252 4263/486/4251 4248/462/4236
f 4242/465/4230 4257/489/4245 4256/487/4244 4241/463/4229
f 4250/466/4238 4265/473/4253 4264/488/4252 4249/464/4237
f 4243/467/4231 4258/475/4246 4257/489/4245 4242/465/4230
f 4255/484/4243 4270/491/4258 3938/490/2710
f 4164/492/2484 4284/493/4272 4269/481/4257
f 4263/486/4251 4278/495/4266 4277/494/4265 4262/482/4250
f 4256/487/4244 4271/496/4259 4270/491/4258 4255/484/4243
f 4264/488/4252 4279/497/4267 4278/495/4266 4263/486/4251
f 4257/489/4245 4272/498/4260 4271/496/4259 4256/487/4244
f 4265/473/4253 4280/499/4268 4279/497/4267 4264/488/4252
f 4258/475/4246 4273/500/4261 4272/498/4260 4257/489/4245
f 4266/474/4254 4281/501/4269 4280/499/4268 4265/473/4253
f 4259/476/4247 4274/502/4262 4273/500/4261 4258/475/4246
f 4267/477/4255 4282/503/4270 4281/501/4269 4266/474/4254
f 4260/478/4248 4275/504/4263 4274/502/4262 4259/476/4247
f 4268/479/4256 4283/505/4271 4282/503/4270 4267/477/4255
f 4261/480/4249 4276/506/4264 4275/504/4263 4260/478/4248
f 4269/481/4257 4284/493/4272 4283/505/4271 4268/479/4256
f 4262/482/4250 4277/494/4265 4276/506/4264 4261/480/4249
f 4274/502/4262 4289/508/4277 4288/507/4276 4273/500/4261
f 4282/503/4270 4297/510/4285 4296/509/4284 4281/501/4269
f 4275/504/4263 4290/511/4278 4289/508/4277 4274/502/4262
f 4283/505/4271 4298/512/4286 4297/510/4285 4282/503/4270
f 4276/506/4264 4291/513/4279 4290/511/4278 4275/504/4263
f 4284/493/4272 4299/514/4287 4298/512/4286 4283/505/4271
f 4277/494/4265 4292/515/4280 4291/513/4279 4276/506/4264
f 4270/491/4258 4285/517/4273 3938/516/2710
f 4164/518/2484 4299/514/4287 4284/493/4272
f 4278/495/4266 4293/519/4281 4292/515/4280 4277/494/4265
f 4271/496/4259 4286/520/4274 4285/517/4273 4270/491/4258
f 4279/497/4267 4294/521/4282 4293/519/4281 4278/495/4266
f 4272/498/4260 4287/522/4275 4286/520/4274 4271/496/4259
f 4280/499/4268 4295/523/4283 4294/521/4282 4279/497/4267
f 4273/500/4261 4288/507/4276 4287/522/4275 4272/498/4260
f 4281/501/4269 4296/509/4284 4295/523/4283 4280/499/4268
f 4293/519/4281 4308/525/4296 4307/524/4295 4292/515/4280
f 4286/520/4274 4301/527/4289 4300/526/4288 4285/517/4273
f 4294/521/4282 4309/528/4297 4308/525/4296 4293/519/4281
f 4287/522/4275 4302/529/4290 4301/527/4289 4286/520/4274
f 4295/523/4283 4310/530/4298 4309/528/4297 4294/521/4282
f 4288/507/4276 4303/531/4291 4302/529/4290 4287/522/4275
f 4296/509/4284 4311/532/4299 4310/530/4298 4295/523/4283
f 4289/508/4277 4304/533/4292 4303/531/4291 4288/507/4276
f 4297/510/4285 4312/534/4300 4311/532/4299 4296/509/4284
f 4290/511/4278 4305/535/4293 4304/533/4292 4289/508/4277
f 4298/512/4286 4313/536/4301 4312/534/4300 4297/510/4285
f 4291/513/4279 4306/537/4294 4305/535/4293 4290/511/4278
f 4299/514/4287 4314/538/4302 4313/536/4301 4298/512/4286
f 4292/515/4280 4307/524/4295 4306/537/4294 4291/513/4279
f 4285/517/4273 4300/526/4288 3938/539/2710
f 4164/540/2484 4314/538/4302 4299/514/4287
f 4312/534/4300 4327/542/4315 4326/541/4314 4311/532/4299
f 4305/535/4293 4320/544/4308 4319/543/4307 4304/533/4292
f 4313/536/4301 4328/545/4316 4327/542/4315 4312/534/4300
f 4306/537/4294 4321/546/4309 4320/544/4308 4305/535/4293
f 4314/538/4302 4329/547/4317 4328/545/4316 4313/536/4301
f 4307/524/4295 4322/548/4310 4321/546/4309 4306/537/4294
f 4300/526/4288 4315/550/4303 3938/549/2710
f 4164/551/2484 4329/547/4317 4314/538/4302
f 4308/525/4296 4323/552/4311 4322/548/4310 4307/524/4295
f 4301/527/4289 4316/553/4304 4315/550/4303 4300/526/4288
f 4309/528/4297 4324/554/4312 4323/552/4311 4308/525/4296
f 4302/529/4290 4317/555/4305 4316/553/4304 4301/527/4289
f 4310/530/4298 4325/556/4313 4324/554/4312 4309/528/4297
f 4303/531/4291 4318/557/4306 4317/555/4305 4302/529/4290
f 4311/532/4299 4326/541/4314 4325/556/4313 4310/530/4298
f 4304/533/4292 4319/543/4307 4318/557/4306 4303/531/4291
f 4324/554/4312 4334/5/4322 3861/6/3851 4323/552/4311
f 4317/555/4305 3857/9/3847 4331/1/4319 4316/553/4304
f 4325/556/4313 3862/11/3852 4334/5/4322 4324/554/4312
f 4318/557/4306 4332/13/4320 3857/9/3847 4317/555/4305
f 4326/541/4314 4335/15/4323 3862/11/3852 4325/556/4313
f 4319/543/4307 3858/17/3848 4332/13/4320 4318/557/4306
f 4327/542/4315 4336/19/4324 4335/15/4323 4326/541/4314
f 4320/544/4308 4333/21/4321 3858/17/3848 4319/543/4307
f 4328/545/4316 4337/23/4325 4336/19/4324 4327/542/4315
f 4321/546/4309 3859/25/3849 4333/21/4321 4320/544/4308
f 4329/547/4317 4338/27/4326 4337/23/4325 4328/545/4316
f 4322/548/4310 3860/29/3850 3859/25/3849 4321/546/4309
f 4315/550/4303 4330/2/4318 3938/558/2710
f 4164/559/2484 4338/27/4326 4329/547/4317
f 4323/552/4311 3861/6/3851 3860/29/3850 4322/548/4310
f 4316/553/4304 4331/1/4319 4330/2/4318 4315/550/4303
